question_id,task_type,original_question_type,question_date,strategy,k,round_recall_at_k,recall_any_at_k,session_recall_at_k,recall_at_k,latency_ms,token_count,retrieved_context_token_count,num_memories,num_relevant_rounds,num_gold_sessions,input_sorted_by_date,num_future_sessions_excluded,num_future_gold_sessions,num_same_day_later_sessions_retained,num_same_day_later_gold_sessions_retained,mean_memory_tokens_stella,max_memory_tokens_stella,num_memories_over_stella_limit,fraction_memories_over_stella_limit,semantic_score_mean_all,semantic_score_std_all,semantic_score_min_all,semantic_score_max_all,recency_score_mean_all,recency_score_std_all,recency_score_min_all,recency_score_max_all,semantic_minmax_constant,recency_minmax_constant,semantic_scores_all_finite,memory_embeddings_all_finite,gpu_peak_memory_bytes,retrieved_memory_ids,retrieved_session_ids
06db6396,KU,knowledge-update,2023/11/08 (Wed) 09:08,hybrid_raw,5,0.0,0.0,0.0,0.0,0.0701999997545499,,,241,2,2,False,0,0,2,0,440.1410788381743,4106,96,0.3983402489626556,0.6229505833253821,0.0254772203572668,0.5719335079193115,0.7236536741256714,0.5,0.2904787316113152,0.0,1.0,False,False,True,True,10047737856,ultrachat_529001::round_3|ultrachat_529001::round_4|9bb51452_2::round_5|ultrachat_529001::round_5|ultrachat_529001::round_1,ultrachat_529001|ultrachat_529001|9bb51452_2|ultrachat_529001|ultrachat_529001
06db6396,KU,knowledge-update,2023/11/08 (Wed) 09:08,recency,5,0.0,0.0,0.0,0.0,0.0255000004472094,,,241,2,2,False,0,0,2,0,440.1410788381743,4106,96,0.3983402489626556,0.6229505833253821,0.0254772203572668,0.5719335079193115,0.7236536741256714,0.5,0.2904787316113152,0.0,1.0,False,False,True,True,10047737856,ultrachat_529001::round_5|ultrachat_529001::round_4|ultrachat_529001::round_3|ultrachat_529001::round_2|ultrachat_529001::round_1,ultrachat_529001|ultrachat_529001|ultrachat_529001|ultrachat_529001|ultrachat_529001
06db6396,KU,knowledge-update,2023/11/08 (Wed) 09:08,semantic,5,0.5,1.0,0.5,0.5,0.0722999993740813,,,241,2,2,False,0,0,2,0,440.1410788381743,4106,96,0.3983402489626556,0.6229505833253821,0.0254772203572668,0.5719335079193115,0.7236536741256714,0.5,0.2904787316113152,0.0,1.0,False,False,True,True,10047737856,answer_da72b1b4_2::round_0|5bd9f1e6_1::round_1|sharegpt_SwdaeDm_15::round_2|sharegpt_SwdaeDm_15::round_3|5bd9f1e6_1::round_2,answer_da72b1b4_2|5bd9f1e6_1|sharegpt_SwdaeDm_15|sharegpt_SwdaeDm_15|5bd9f1e6_1
07741c44,KU,knowledge-update,2023/11/30 (Thu) 23:52,hybrid_raw,5,0.0,0.0,0.0,0.0,0.0731000000087078,,,259,2,2,False,0,0,1,0,406.8455598455598,2475,64,0.2471042471042471,0.6250819649015155,0.0310059641829235,0.5581772923469543,0.7354877591133118,0.5,0.2903529394329141,0.0,1.0,False,False,True,True,10048270336,sharegpt_QROQ758_9::round_0|sharegpt_QROQ758_9::round_2|sharegpt_QROQ758_9::round_1|3b4c63ba_3::round_1|01d22d4d::round_4,sharegpt_QROQ758_9|sharegpt_QROQ758_9|sharegpt_QROQ758_9|3b4c63ba_3|01d22d4d
07741c44,KU,knowledge-update,2023/11/30 (Thu) 23:52,recency,5,0.0,0.0,0.0,0.0,0.0221999998757382,,,259,2,2,False,0,0,1,0,406.8455598455598,2475,64,0.2471042471042471,0.6250819649015155,0.0310059641829235,0.5581772923469543,0.7354877591133118,0.5,0.2903529394329141,0.0,1.0,False,False,True,True,10048270336,sharegpt_QROQ758_9::round_2|sharegpt_QROQ758_9::round_1|sharegpt_QROQ758_9::round_0|3b4c63ba_3::round_5|3b4c63ba_3::round_4,sharegpt_QROQ758_9|sharegpt_QROQ758_9|sharegpt_QROQ758_9|3b4c63ba_3|3b4c63ba_3
07741c44,KU,knowledge-update,2023/11/30 (Thu) 23:52,semantic,5,0.5,1.0,0.5,0.5,0.0783999994382611,,,259,2,2,False,0,0,1,0,406.8455598455598,2475,64,0.2471042471042471,0.6250819649015155,0.0310059641829235,0.5581772923469543,0.7354877591133118,0.5,0.2903529394329141,0.0,1.0,False,False,True,True,10048270336,8d969f3e_2::round_4|8d969f3e_2::round_3|8d969f3e_2::round_2|61fc1d85::round_1|answer_7e9ad7b4_1::round_1,8d969f3e_2|8d969f3e_2|8d969f3e_2|61fc1d85|answer_7e9ad7b4_1
07741c45,KU,knowledge-update,2023/06/23 (Fri) 07:31,hybrid_raw,5,0.0,0.0,0.0,0.0,0.0748000002204207,,,266,2,2,False,0,0,0,0,388.0075187969925,2564,86,0.3233082706766917,0.6210127009036845,0.0242915651491043,0.5657534003257751,0.7074607610702515,0.5,0.2903086338426546,0.0,1.0,False,False,True,True,10047737856,5300bfba::round_5|5300bfba::round_3|ultrachat_12073::round_3|5300bfba::round_4|5300bfba::round_2,5300bfba|5300bfba|ultrachat_12073|5300bfba|5300bfba
07741c45,KU,knowledge-update,2023/06/23 (Fri) 07:31,recency,5,0.0,0.0,0.0,0.0,0.0275000002147862,,,266,2,2,False,0,0,0,0,388.0075187969925,2564,86,0.3233082706766917,0.6210127009036845,0.0242915651491043,0.5657534003257751,0.7074607610702515,0.5,0.2903086338426546,0.0,1.0,False,False,True,True,10047737856,5300bfba::round_5|5300bfba::round_4|5300bfba::round_3|5300bfba::round_2|5300bfba::round_1,5300bfba|5300bfba|5300bfba|5300bfba|5300bfba
07741c45,KU,knowledge-update,2023/06/23 (Fri) 07:31,semantic,5,0.5,1.0,1.0,0.5,0.0797000002421555,,,266,2,2,False,0,0,0,0,388.0075187969925,2564,86,0.3233082706766917,0.6210127009036845,0.0242915651491043,0.5657534003257751,0.7074607610702515,0.5,0.2903086338426546,0.0,1.0,False,False,True,True,10047737856,answer_7e9ad7b4_1::round_1|4c2bd0fe_1::round_3|answer_7e9ad7b4_2::round_2|answer_7e9ad7b4_2::round_5|answer_7e9ad7b4_1::round_4,answer_7e9ad7b4_1|4c2bd0fe_1|answer_7e9ad7b4_2|answer_7e9ad7b4_2|answer_7e9ad7b4_1
07b6f563,IE,single-session-preference,2023/05/30 (Tue) 21:46,hybrid_raw,5,0.0,0.0,0.0,0.0,0.0780999998823972,,,264,2,1,True,0,0,0,0,397.3333333333333,1409,93,0.3522727272727273,0.6493888452197566,0.0286936124382159,0.5709480047225952,0.7202887535095215,0.5,0.2903210519972787,0.0,1.0,False,False,True,True,10047737856,0ac1a6f9_2::round_4|ultrachat_392007::round_2|sharegpt_HPZHo9C_0::round_0|0ac1a6f9_2::round_5|fd18e0dd_2::round_5,0ac1a6f9_2|ultrachat_392007|sharegpt_HPZHo9C_0|0ac1a6f9_2|fd18e0dd_2
07b6f563,IE,single-session-preference,2023/05/30 (Tue) 21:46,recency,5,0.0,0.0,0.0,0.0,0.0165999999808263,,,264,2,1,True,0,0,0,0,397.3333333333333,1409,93,0.3522727272727273,0.6493888452197566,0.0286936124382159,0.5709480047225952,0.7202887535095215,0.5,0.2903210519972787,0.0,1.0,False,False,True,True,10047737856,sharegpt_HPZHo9C_0::round_0|ultrachat_392007::round_2|ultrachat_392007::round_1|ultrachat_392007::round_0|0ac1a6f9_2::round_5,sharegpt_HPZHo9C_0|ultrachat_392007|ultrachat_392007|ultrachat_392007|0ac1a6f9_2
07b6f563,IE,single-session-preference,2023/05/30 (Tue) 21:46,semantic,5,0.5,1.0,1.0,0.5,0.0790000003689783,,,264,2,1,True,0,0,0,0,397.3333333333333,1409,93,0.3522727272727273,0.6493888452197566,0.0286936124382159,0.5709480047225952,0.7202887535095215,0.5,0.2903210519972787,0.0,1.0,False,False,True,True,10047737856,66ab6260::round_3|answer_d03098f9::round_1|39358a85_2::round_5|0ac1a6f9_2::round_4|55c267aa::round_5,66ab6260|answer_d03098f9|39358a85_2|0ac1a6f9_2|55c267aa
0862e8bf,IE,single-session-user,2023/05/30 (Tue) 12:18,hybrid_raw,5,0.0,0.0,0.0,0.0,0.0734000000193191,,,247,1,1,True,0,0,0,0,409.506072874494,1670,89,0.3603238866396761,0.5957453518743939,0.0289087584774336,0.5562176704406738,0.7960442304611206,0.5,0.2904347561648167,0.0,1.0,False,False,True,True,10047737856,10541a2c_1::round_1|10541a2c_1::round_4|10541a2c_1::round_5|10541a2c_1::round_3|ultrachat_88749::round_1,10541a2c_1|10541a2c_1|10541a2c_1|10541a2c_1|ultrachat_88749
0862e8bf,IE,single-session-user,2023/05/30 (Tue) 12:18,recency,5,0.0,0.0,0.0,0.0,0.0156999999489926,,,247,1,1,True,0,0,0,0,409.506072874494,1670,89,0.3603238866396761,0.5957453518743939,0.0289087584774336,0.5562176704406738,0.7960442304611206,0.5,0.2904347561648167,0.0,1.0,False,False,True,True,10047737856,10541a2c_1::round_5|10541a2c_1::round_4|10541a2c_1::round_3|10541a2c_1::round_2|10541a2c_1::round_1,10541a2c_1|10541a2c_1|10541a2c_1|10541a2c_1|10541a2c_1
0862e8bf,IE,single-session-user,2023/05/30 (Tue) 12:18,semantic,5,1.0,1.0,1.0,1.0,0.0732999997126171,,,247,1,1,True,0,0,0,0,409.506072874494,1670,89,0.3603238866396761,0.5957453518743939,0.0289087584774336,0.5562176704406738,0.7960442304611206,0.5,0.2904347561648167,0.0,1.0,False,False,True,True,10047737856,answer_c6fd8ebd::round_5|answer_c6fd8ebd::round_3|answer_c6fd8ebd::round_1|answer_c6fd8ebd::round_0|answer_c6fd8ebd::round_4,answer_c6fd8ebd|answer_c6fd8ebd|answer_c6fd8ebd|answer_c6fd8ebd|answer_c6fd8ebd
08e075c7,KU,knowledge-update,2023/09/04 (Mon) 17:07,hybrid_raw,5,0.5,1.0,0.5,0.5,0.0781999997343518,,,243,2,2,False,0,0,0,0,434.04526748971193,3014,94,0.3868312757201646,0.6350316559826886,0.0237249634063309,0.5771900415420532,0.7185506224632263,0.5,0.2904638309221483,0.0,1.0,False,False,True,True,10048282624,9037e55b::round_2|9037e55b::round_5|answer_cdbe2250_2::round_1|b1d9d555_1::round_5|9037e55b::round_4,9037e55b|9037e55b|answer_cdbe2250_2|b1d9d555_1|9037e55b
08e075c7,KU,knowledge-update,2023/09/04 (Mon) 17:07,recency,5,0.0,0.0,0.0,0.0,0.0195000002349843,,,243,2,2,False,0,0,0,0,434.04526748971193,3014,94,0.3868312757201646,0.6350316559826886,0.0237249634063309,0.5771900415420532,0.7185506224632263,0.5,0.2904638309221483,0.0,1.0,False,False,True,True,10048282624,ultrachat_384985::round_4|ultrachat_384985::round_3|ultrachat_384985::round_2|ultrachat_384985::round_1|ultrachat_384985::round_0,ultrachat_384985|ultrachat_384985|ultrachat_384985|ultrachat_384985|ultrachat_384985
08e075c7,KU,knowledge-update,2023/09/04 (Mon) 17:07,semantic,5,1.0,1.0,1.0,1.0,0.0724999999874853,,,243,2,2,False,0,0,0,0,434.04526748971193,3014,94,0.3868312757201646,0.6350316559826886,0.0237249634063309,0.5771900415420532,0.7185506224632263,0.5,0.2904638309221483,0.0,1.0,False,False,True,True,10048282624,answer_cdbe2250_2::round_1|answer_cdbe2250_1::round_1|25b3e36c_1::round_0|ultrachat_248389::round_0|sharegpt_UM2wLW9_0::round_8,answer_cdbe2250_2|answer_cdbe2250_1|25b3e36c_1|ultrachat_248389|sharegpt_UM2wLW9_0
08f4fc43,TR,temporal-reasoning,2023/02/20 (Mon) 21:26,hybrid_raw,5,0.0,0.0,0.0,0.0,0.0735000012355158,,,241,2,2,False,0,0,2,0,441.3817427385892,1622,101,0.4190871369294606,0.6003364200908613,0.0305732084822533,0.5406554341316223,0.7344852089881897,0.5,0.2904787316113152,0.0,1.0,False,False,True,True,10048049152,sharegpt_wXqtiUe_0::round_3|sharegpt_wXqtiUe_0::round_1|sharegpt_wXqtiUe_0::round_2|sharegpt_wXqtiUe_0::round_0|sharegpt_iR0IT8N_0::round_1,sharegpt_wXqtiUe_0|sharegpt_wXqtiUe_0|sharegpt_wXqtiUe_0|sharegpt_wXqtiUe_0|sharegpt_iR0IT8N_0
08f4fc43,TR,temporal-reasoning,2023/02/20 (Mon) 21:26,recency,5,0.0,0.0,0.0,0.0,0.0305000012303935,,,241,2,2,False,0,0,2,0,441.3817427385892,1622,101,0.4190871369294606,0.6003364200908613,0.0305732084822533,0.5406554341316223,0.7344852089881897,0.5,0.2904787316113152,0.0,1.0,False,False,True,True,10048049152,sharegpt_wXqtiUe_0::round_3|sharegpt_wXqtiUe_0::round_2|sharegpt_wXqtiUe_0::round_1|sharegpt_wXqtiUe_0::round_0|sharegpt_iR0IT8N_0::round_1,sharegpt_wXqtiUe_0|sharegpt_wXqtiUe_0|sharegpt_wXqtiUe_0|sharegpt_wXqtiUe_0|sharegpt_iR0IT8N_0
08f4fc43,TR,temporal-reasoning,2023/02/20 (Mon) 21:26,semantic,5,0.0,0.0,1.0,0.0,0.0724000001355307,,,241,2,2,False,0,0,2,0,441.3817427385892,1622,101,0.4190871369294606,0.6003364200908613,0.0305732084822533,0.5406554341316223,0.7344852089881897,0.5,0.2904787316113152,0.0,1.0,False,False,True,True,10048049152,answer_6ea1541e_2::round_3|answer_6ea1541e_1::round_2|answer_6ea1541e_2::round_1|ultrachat_292416::round_2|ultrachat_292416::round_0,answer_6ea1541e_2|answer_6ea1541e_1|answer_6ea1541e_2|ultrachat_292416|ultrachat_292416
09d032c9,IE,single-session-preference,2023/05/30 (Tue) 16:42,hybrid_raw,5,0.0,0.0,0.0,0.0,0.0712000000930856,,,242,1,1,True,0,0,0,0,432.3719008264463,855,94,0.3884297520661157,0.6219628871965014,0.0281883351763628,0.5698862671852112,0.7105406522750854,0.5,0.2904712503629386,0.0,1.0,False,False,True,True,10047737856,87e8ec02::round_5|612e23f1::round_5|87e8ec02::round_3|612e23f1::round_2|612e23f1::round_1,87e8ec02|612e23f1|87e8ec02|612e23f1|612e23f1
09d032c9,IE,single-session-preference,2023/05/30 (Tue) 16:42,recency,5,0.0,0.0,0.0,0.0,0.0155999996422906,,,242,1,1,True,0,0,0,0,432.3719008264463,855,94,0.3884297520661157,0.6219628871965014,0.0281883351763628,0.5698862671852112,0.7105406522750854,0.5,0.2904712503629386,0.0,1.0,False,False,True,True,10047737856,87e8ec02::round_5|87e8ec02::round_4|87e8ec02::round_3|87e8ec02::round_2|87e8ec02::round_1,87e8ec02|87e8ec02|87e8ec02|87e8ec02|87e8ec02
09d032c9,IE,single-session-preference,2023/05/30 (Tue) 16:42,semantic,5,0.0,0.0,0.0,0.0,0.0718000001143082,,,242,1,1,True,0,0,0,0,432.3719008264463,855,94,0.3884297520661157,0.6219628871965014,0.0281883351763628,0.5698862671852112,0.7105406522750854,0.5,0.2904712503629386,0.0,1.0,False,False,True,True,10047737856,ultrachat_37105::round_2|ultrachat_510971::round_1|21ef2d05_1::round_4|21ef2d05_1::round_3|46bab85b::round_5,ultrachat_37105|ultrachat_510971|21ef2d05_1|21ef2d05_1|46bab85b
0a34ad58,IE,single-session-preference,2023/05/30 (Tue) 22:40,hybrid_raw,5,0.0,0.0,0.0,0.0,0.070899999627727,,,243,2,1,True,0,0,0,0,433.5432098765432,873,92,0.3786008230452675,0.6375085314114889,0.0319981502925822,0.5605149865150452,0.7451519966125488,0.5,0.2904638309221483,0.0,1.0,False,False,True,True,10047737856,5c0574b1::round_0|5c0574b1::round_3|5c0574b1::round_1|5c0574b1::round_5|38e81260_1::round_2,5c0574b1|5c0574b1|5c0574b1|5c0574b1|38e81260_1
0a34ad58,IE,single-session-preference,2023/05/30 (Tue) 22:40,recency,5,0.0,0.0,0.0,0.0,0.0153999999383813,,,243,2,1,True,0,0,0,0,433.5432098765432,873,92,0.3786008230452675,0.6375085314114889,0.0319981502925822,0.5605149865150452,0.7451519966125488,0.5,0.2904638309221483,0.0,1.0,False,False,True,True,10047737856,5c0574b1::round_5|5c0574b1::round_4|5c0574b1::round_3|5c0574b1::round_2|5c0574b1::round_1,5c0574b1|5c0574b1|5c0574b1|5c0574b1|5c0574b1
0a34ad58,IE,single-session-preference,2023/05/30 (Tue) 22:40,semantic,5,1.0,1.0,1.0,1.0,0.072300000283576,,,243,2,1,True,0,0,0,0,433.5432098765432,873,92,0.3786008230452675,0.6375085314114889,0.0319981502925822,0.5605149865150452,0.7451519966125488,0.5,0.2904638309221483,0.0,1.0,False,False,True,True,10047737856,answer_cebb7159::round_1|answer_cebb7159::round_9|answer_cebb7159::round_3|answer_cebb7159::round_2|answer_cebb7159::round_8,answer_cebb7159|answer_cebb7159|answer_cebb7159|answer_cebb7159|answer_cebb7159
0a995998,MR,multi-session,2023/02/15 (Wed) 23:50,hybrid_raw,5,0.0,0.0,0.0,0.0,0.0721999995221267,,,242,3,3,True,0,0,0,0,438.09090909090907,4622,93,0.384297520661157,0.6253324168280137,0.0401085423749699,0.5675245523452759,0.7994598150253296,0.5,0.2904712503629386,0.0,1.0,False,False,True,True,10047737856,sharegpt_U3S02iq_0::round_0|ultrachat_335729::round_4|ultrachat_335729::round_2|ultrachat_335729::round_3|ultrachat_335729::round_5,sharegpt_U3S02iq_0|ultrachat_335729|ultrachat_335729|ultrachat_335729|ultrachat_335729
0a995998,MR,multi-session,2023/02/15 (Wed) 23:50,recency,5,0.0,0.0,0.0,0.0,0.0146000002132495,,,242,3,3,True,0,0,0,0,438.09090909090907,4622,93,0.384297520661157,0.6253324168280137,0.0401085423749699,0.5675245523452759,0.7994598150253296,0.5,0.2904712503629386,0.0,1.0,False,False,True,True,10047737856,sharegpt_U3S02iq_0::round_0|ultrachat_335729::round_5|ultrachat_335729::round_4|ultrachat_335729::round_3|ultrachat_335729::round_2,sharegpt_U3S02iq_0|ultrachat_335729|ultrachat_335729|ultrachat_335729|ultrachat_335729
0a995998,MR,multi-session,2023/02/15 (Wed) 23:50,semantic,5,0.6666666666666666,1.0,1.0,0.6666666666666666,0.0733999995645717,,,242,3,3,True,0,0,0,0,438.09090909090907,4622,93,0.384297520661157,0.6253324168280137,0.0401085423749699,0.5675245523452759,0.7994598150253296,0.5,0.2904712503629386,0.0,1.0,False,False,True,True,10047737856,answer_afa9873b_1::round_2|answer_afa9873b_3::round_3|answer_afa9873b_2::round_1|answer_afa9873b_2::round_3|answer_afa9873b_1::round_3,answer_afa9873b_1|answer_afa9873b_3|answer_afa9873b_2|answer_afa9873b_2|answer_afa9873b_1
0bb5a684,TR,temporal-reasoning,2023/01/13 (Fri) 12:09,hybrid_raw,5,0.0,0.0,0.0,0.0,0.0700999999025953,,,235,2,2,False,0,0,21,1,451.88510638297873,1002,113,0.4808510638297872,0.6248624631699096,0.0392181726912051,0.5567790269851685,0.7865282297134399,0.5,0.2905249614201368,0.0,1.0,False,False,True,True,10047737856,ultrachat_218081::round_6|ultrachat_116758::round_1|ultrachat_116758::round_2|ultrachat_218081::round_3|ultrachat_116758::round_3,ultrachat_218081|ultrachat_116758|ultrachat_116758|ultrachat_218081|ultrachat_116758
0bb5a684,TR,temporal-reasoning,2023/01/13 (Fri) 12:09,recency,5,0.0,0.0,0.0,0.0,0.0288000001091859,,,235,2,2,False,0,0,21,1,451.88510638297873,1002,113,0.4808510638297872,0.6248624631699096,0.0392181726912051,0.5567790269851685,0.7865282297134399,0.5,0.2905249614201368,0.0,1.0,False,False,True,True,10047737856,sharegpt_zuIDBpz_0::round_0|ultrachat_116758::round_3|ultrachat_116758::round_2|ultrachat_116758::round_1|ultrachat_116758::round_0,sharegpt_zuIDBpz_0|ultrachat_116758|ultrachat_116758|ultrachat_116758|ultrachat_116758
0bb5a684,TR,temporal-reasoning,2023/01/13 (Fri) 12:09,semantic,5,1.0,1.0,1.0,1.0,0.0712999999450403,,,235,2,2,False,0,0,21,1,451.88510638297873,1002,113,0.4808510638297872,0.6248624631699096,0.0392181726912051,0.5567790269851685,0.7865282297134399,0.5,0.2905249614201368,0.0,1.0,False,False,True,True,10047737856,answer_e936197f_1::round_0|answer_e936197f_1::round_1|answer_e936197f_1::round_5|answer_e936197f_2::round_0|826d51da_3::round_2,answer_e936197f_1|answer_e936197f_1|answer_e936197f_1|answer_e936197f_2|826d51da_3
0bc8ad92,TR,temporal-reasoning,2023/03/25 (Sat) 17:18,hybrid_raw,5,0.0,0.0,0.0,0.0,0.0659000015730271,,,225,3,3,False,0,0,0,0,464.18666666666667,1595,103,0.4577777777777778,0.6234141945838928,0.0264391552456189,0.5741173624992371,0.7314097881317139,0.5,0.2906075126404361,0.0,1.0,False,False,True,True,10047763456,ultrachat_282889::round_2|ultrachat_282889::round_1|sharegpt_U8CljCM_291::round_4|sharegpt_U8CljCM_291::round_3|sharegpt_U8CljCM_291::round_5,ultrachat_282889|ultrachat_282889|sharegpt_U8CljCM_291|sharegpt_U8CljCM_291|sharegpt_U8CljCM_291
0bc8ad92,TR,temporal-reasoning,2023/03/25 (Sat) 17:18,recency,5,0.0,0.0,0.0,0.0,0.0261000004684319,,,225,3,3,False,0,0,0,0,464.18666666666667,1595,103,0.4577777777777778,0.6234141945838928,0.0264391552456189,0.5741173624992371,0.7314097881317139,0.5,0.2906075126404361,0.0,1.0,False,False,True,True,10047763456,sharegpt_U8CljCM_291::round_5|sharegpt_U8CljCM_291::round_4|sharegpt_U8CljCM_291::round_3|sharegpt_U8CljCM_291::round_2|sharegpt_U8CljCM_291::round_1,sharegpt_U8CljCM_291|sharegpt_U8CljCM_291|sharegpt_U8CljCM_291|sharegpt_U8CljCM_291|sharegpt_U8CljCM_291
0bc8ad92,TR,temporal-reasoning,2023/03/25 (Sat) 17:18,semantic,5,0.3333333333333333,1.0,0.6666666666666666,0.3333333333333333,0.0700000000506406,,,225,3,3,False,0,0,0,0,464.18666666666667,1595,103,0.4577777777777778,0.6234141945838928,0.0264391552456189,0.5741173624992371,0.7314097881317139,0.5,0.2906075126404361,0.0,1.0,False,False,True,True,10047763456,answer_f4ea84fb_3::round_3|answer_f4ea84fb_3::round_2|answer_f4ea84fb_1::round_4|answer_f4ea84fb_3::round_4|answer_f4ea84fb_3::round_0,answer_f4ea84fb_3|answer_f4ea84fb_3|answer_f4ea84fb_1|answer_f4ea84fb_3|answer_f4ea84fb_3
0ddfec37,KU,knowledge-update,2024/01/08 (Mon) 09:27,hybrid_raw,5,0.0,0.0,0.0,0.0,0.0719999998182174,,,244,2,2,False,0,0,2,0,424.6680327868853,1401,92,0.3770491803278688,0.6010107048710839,0.0228050777356105,0.5644687414169312,0.7851219177246094,0.5,0.2904564725261432,0.0,1.0,False,False,True,True,10048147456,sharegpt_QJYt7XW_0::round_1|ultrachat_139747::round_6|sharegpt_QJYt7XW_0::round_0|ultrachat_139747::round_5|sharegpt_h0fDljQ_12::round_0,sharegpt_QJYt7XW_0|ultrachat_139747|sharegpt_QJYt7XW_0|ultrachat_139747|sharegpt_h0fDljQ_12
0ddfec37,KU,knowledge-update,2024/01/08 (Mon) 09:27,recency,5,0.0,0.0,0.0,0.0,0.0185999997484032,,,244,2,2,False,0,0,2,0,424.6680327868853,1401,92,0.3770491803278688,0.6010107048710839,0.0228050777356105,0.5644687414169312,0.7851219177246094,0.5,0.2904564725261432,0.0,1.0,False,False,True,True,10048147456,sharegpt_QJYt7XW_0::round_1|sharegpt_QJYt7XW_0::round_0|ultrachat_139747::round_6|ultrachat_139747::round_5|ultrachat_139747::round_4,sharegpt_QJYt7XW_0|sharegpt_QJYt7XW_0|ultrachat_139747|ultrachat_139747|ultrachat_139747
0ddfec37,KU,knowledge-update,2024/01/08 (Mon) 09:27,semantic,5,1.0,1.0,1.0,1.0,0.0731000000087078,,,244,2,2,False,0,0,2,0,424.6680327868853,1401,92,0.3770491803278688,0.6010107048710839,0.0228050777356105,0.5644687414169312,0.7851219177246094,0.5,0.2904564725261432,0.0,1.0,False,False,True,True,10048147456,answer_a22b654d_2::round_4|answer_a22b654d_2::round_0|answer_a22b654d_1::round_0|60f9246d::round_0|sharegpt_KEY6ZsZ_0::round_1,answer_a22b654d_2|answer_a22b654d_2|answer_a22b654d_1|60f9246d|sharegpt_KEY6ZsZ_0
0e4e4c46,KU,knowledge-update,2023/06/10 (Sat) 16:46,hybrid_raw,5,0.5,1.0,0.5,0.5,0.071100000241131,,,242,2,2,False,0,0,0,0,434.6404958677686,2745,86,0.3553719008264462,0.612925964199807,0.0224848175819663,0.5663745403289795,0.6815314888954163,0.5000000000000001,0.2904712503629386,0.0,1.0,False,False,True,True,10048282624,answer_f2f998c7_2::round_4|ultrachat_280826::round_6|ultrachat_280826::round_2|ultrachat_280826::round_5|ultrachat_280826::round_3,answer_f2f998c7_2|ultrachat_280826|ultrachat_280826|ultrachat_280826|ultrachat_280826
0e4e4c46,KU,knowledge-update,2023/06/10 (Sat) 16:46,recency,5,0.0,0.0,0.0,0.0,0.0284000007013673,,,242,2,2,False,0,0,0,0,434.6404958677686,2745,86,0.3553719008264462,0.612925964199807,0.0224848175819663,0.5663745403289795,0.6815314888954163,0.5000000000000001,0.2904712503629386,0.0,1.0,False,False,True,True,10048282624,ultrachat_280826::round_6|ultrachat_280826::round_5|ultrachat_280826::round_4|ultrachat_280826::round_3|ultrachat_280826::round_2,ultrachat_280826|ultrachat_280826|ultrachat_280826|ultrachat_280826|ultrachat_280826
0e4e4c46,KU,knowledge-update,2023/06/10 (Sat) 16:46,semantic,5,1.0,1.0,1.0,1.0,0.0727000006008893,,,242,2,2,False,0,0,0,0,434.6404958677686,2745,86,0.3553719008264462,0.612925964199807,0.0224848175819663,0.5663745403289795,0.6815314888954163,0.5000000000000001,0.2904712503629386,0.0,1.0,False,False,True,True,10048282624,answer_f2f998c7_1::round_1|answer_f2f998c7_2::round_4|70cae729_3::round_4|ultrachat_467820::round_0|sharegpt_FQi5DlJ_48::round_4,answer_f2f998c7_1|answer_f2f998c7_2|70cae729_3|ultrachat_467820|sharegpt_FQi5DlJ_48
0e5e2d1a,IE,single-session-assistant,2023/05/30 (Tue) 18:13,hybrid_raw,5,0.0,0.0,0.0,0.0,0.0667000003886642,,,227,1,1,True,0,0,0,0,467.77973568281936,3356,101,0.4449339207048458,0.6182779824681219,0.0314452444897125,0.5693100094795227,0.834740161895752,0.5,0.2905904181744118,0.0,1.0,False,False,True,True,10047737856,c756c34e::round_2|c756c34e::round_3|c756c34e::round_4|c756c34e::round_5|35e8eb34_2::round_3,c756c34e|c756c34e|c756c34e|c756c34e|35e8eb34_2
0e5e2d1a,IE,single-session-assistant,2023/05/30 (Tue) 18:13,recency,5,0.0,0.0,0.0,0.0,0.0144000005093403,,,227,1,1,True,0,0,0,0,467.77973568281936,3356,101,0.4449339207048458,0.6182779824681219,0.0314452444897125,0.5693100094795227,0.834740161895752,0.5,0.2905904181744118,0.0,1.0,False,False,True,True,10047737856,35e8eb34_2::round_5|35e8eb34_2::round_4|35e8eb34_2::round_3|35e8eb34_2::round_2|35e8eb34_2::round_1,35e8eb34_2|35e8eb34_2|35e8eb34_2|35e8eb34_2|35e8eb34_2
0e5e2d1a,IE,single-session-assistant,2023/05/30 (Tue) 18:13,semantic,5,1.0,1.0,1.0,1.0,0.0676999998177052,,,227,1,1,True,0,0,0,0,467.77973568281936,3356,101,0.4449339207048458,0.6182779824681219,0.0314452444897125,0.5693100094795227,0.834740161895752,0.5,0.2905904181744118,0.0,1.0,False,False,True,True,10047737856,answer_ultrachat_113156::round_1|answer_ultrachat_113156::round_0|answer_ultrachat_113156::round_2|c756c34e::round_2|ultrachat_180166::round_2,answer_ultrachat_113156|answer_ultrachat_113156|answer_ultrachat_113156|c756c34e|ultrachat_180166
0edc2aef,IE,single-session-preference,2023/05/30 (Tue) 20:23,hybrid_raw,5,0.0,0.0,0.0,0.0,0.069900000198686,,,239,1,1,True,0,0,0,0,445.8702928870293,1517,105,0.4393305439330544,0.6246255790838138,0.0361438606012906,0.5614331960678101,0.7554914951324463,0.4999999999999999,0.290493882646111,0.0,1.0,False,False,True,True,10048577536,f20e72e4_1::round_5|sharegpt_DWorlZE_0::round_3|sharegpt_DWorlZE_0::round_2|sharegpt_pc6mFD7_39::round_8|f20e72e4_1::round_4,f20e72e4_1|sharegpt_DWorlZE_0|sharegpt_DWorlZE_0|sharegpt_pc6mFD7_39|f20e72e4_1
0edc2aef,IE,single-session-preference,2023/05/30 (Tue) 20:23,recency,5,0.0,0.0,0.0,0.0,0.0150000005305628,,,239,1,1,True,0,0,0,0,445.8702928870293,1517,105,0.4393305439330544,0.6246255790838138,0.0361438606012906,0.5614331960678101,0.7554914951324463,0.4999999999999999,0.290493882646111,0.0,1.0,False,False,True,True,10048577536,sharegpt_DWorlZE_0::round_4|sharegpt_DWorlZE_0::round_3|sharegpt_DWorlZE_0::round_2|sharegpt_DWorlZE_0::round_1|sharegpt_DWorlZE_0::round_0,sharegpt_DWorlZE_0|sharegpt_DWorlZE_0|sharegpt_DWorlZE_0|sharegpt_DWorlZE_0|sharegpt_DWorlZE_0
0edc2aef,IE,single-session-preference,2023/05/30 (Tue) 20:23,semantic,5,1.0,1.0,1.0,1.0,0.0747000003684661,,,239,1,1,True,0,0,0,0,445.8702928870293,1517,105,0.4393305439330544,0.6246255790838138,0.0361438606012906,0.5614331960678101,0.7554914951324463,0.4999999999999999,0.290493882646111,0.0,1.0,False,False,True,True,10048577536,answer_d586e9cd::round_1|answer_d586e9cd::round_7|answer_d586e9cd::round_0|answer_d586e9cd::round_3|answer_d586e9cd::round_2,answer_d586e9cd|answer_d586e9cd|answer_d586e9cd|answer_d586e9cd|answer_d586e9cd
0f05491a,KU,knowledge-update,2023/08/01 (Tue) 22:29,hybrid_raw,5,0.5,1.0,0.5,0.5,0.072399999226036,,,247,2,2,False,0,0,0,0,421.3117408906882,1352,104,0.4210526315789473,0.6346662838449363,0.0567747465896864,0.5720080137252808,0.9321513175964355,0.4999999999999999,0.2904347561648167,0.0,1.0,False,False,True,True,10047883264,answer_d6d2eba8_2::round_2|answer_d6d2eba8_2::round_1|answer_d6d2eba8_2::round_3|answer_d6d2eba8_2::round_5|answer_d6d2eba8_2::round_4,answer_d6d2eba8_2|answer_d6d2eba8_2|answer_d6d2eba8_2|answer_d6d2eba8_2|answer_d6d2eba8_2
0f05491a,KU,knowledge-update,2023/08/01 (Tue) 22:29,recency,5,0.0,0.0,0.0,0.0,0.0253000007433001,,,247,2,2,False,0,0,0,0,421.3117408906882,1352,104,0.4210526315789473,0.6346662838449363,0.0567747465896864,0.5720080137252808,0.9321513175964355,0.4999999999999999,0.2904347561648167,0.0,1.0,False,False,True,True,10047883264,ca93550b_1::round_5|ca93550b_1::round_4|ca93550b_1::round_3|ca93550b_1::round_2|ca93550b_1::round_1,ca93550b_1|ca93550b_1|ca93550b_1|ca93550b_1|ca93550b_1
0f05491a,KU,knowledge-update,2023/08/01 (Tue) 22:29,semantic,5,0.5,1.0,1.0,0.5,0.0748000002204207,,,247,2,2,False,0,0,0,0,421.3117408906882,1352,104,0.4210526315789473,0.6346662838449363,0.0567747465896864,0.5720080137252808,0.9321513175964355,0.4999999999999999,0.2904347561648167,0.0,1.0,False,False,True,True,10047883264,answer_d6d2eba8_1::round_4|answer_d6d2eba8_2::round_2|answer_d6d2eba8_1::round_3|answer_d6d2eba8_1::round_5|answer_d6d2eba8_2::round_1,answer_d6d2eba8_1|answer_d6d2eba8_2|answer_d6d2eba8_1|answer_d6d2eba8_1|answer_d6d2eba8_2
118b2229,IE,single-session-user,2023/05/30 (Tue) 20:36,hybrid_raw,5,0.0,0.0,0.0,0.0,0.0726000002941873,,,244,1,1,True,0,0,0,0,425.8032786885246,1382,87,0.3565573770491803,0.6007087103656081,0.0215713549786867,0.5605267286300659,0.7726941108703613,0.5,0.2904564725261432,0.0,1.0,False,False,True,True,10048012288,3ea9f765::round_4|3ea9f765::round_5|3ea9f765::round_3|3ea9f765::round_2|sharegpt_M3x4mZx_0::round_5,3ea9f765|3ea9f765|3ea9f765|3ea9f765|sharegpt_M3x4mZx_0
118b2229,IE,single-session-user,2023/05/30 (Tue) 20:36,recency,5,0.0,0.0,0.0,0.0,0.0159000001076492,,,244,1,1,True,0,0,0,0,425.8032786885246,1382,87,0.3565573770491803,0.6007087103656081,0.0215713549786867,0.5605267286300659,0.7726941108703613,0.5,0.2904564725261432,0.0,1.0,False,False,True,True,10048012288,3ea9f765::round_5|3ea9f765::round_4|3ea9f765::round_3|3ea9f765::round_2|3ea9f765::round_1,3ea9f765|3ea9f765|3ea9f765|3ea9f765|3ea9f765
118b2229,IE,single-session-user,2023/05/30 (Tue) 20:36,semantic,5,1.0,1.0,1.0,1.0,0.0746000000617641,,,244,1,1,True,0,0,0,0,425.8032786885246,1382,87,0.3565573770491803,0.6007087103656081,0.0215713549786867,0.5605267286300659,0.7726941108703613,0.5,0.2904564725261432,0.0,1.0,False,False,True,True,10048012288,answer_40a90d51::round_4|004edb32::round_2|7d8b5834_1::round_1|5209e813_2::round_4|7d8b5834_1::round_0,answer_40a90d51|004edb32|7d8b5834_1|5209e813_2|7d8b5834_1
1192316e,MR,multi-session,2023/05/30 (Tue) 19:00,hybrid_raw,5,0.0,0.0,0.0,0.0,0.0698999992891913,,,234,2,2,True,0,0,0,0,454.1410256410256,1199,105,0.4487179487179487,0.6221138195604341,0.0317473500381431,0.5647889375686646,0.7338681221008301,0.4999999999999999,0.2905328977867176,0.0,1.0,False,False,True,True,10047901696,sharegpt_CgSBl4g_0::round_2|sharegpt_lwNINvp_0::round_2|sharegpt_lwNINvp_0::round_3|sharegpt_CgSBl4g_0::round_0|sharegpt_lwNINvp_0::round_1,sharegpt_CgSBl4g_0|sharegpt_lwNINvp_0|sharegpt_lwNINvp_0|sharegpt_CgSBl4g_0|sharegpt_lwNINvp_0
1192316e,MR,multi-session,2023/05/30 (Tue) 19:00,recency,5,0.0,0.0,0.0,0.0,0.0145000003612949,,,234,2,2,True,0,0,0,0,454.1410256410256,1199,105,0.4487179487179487,0.6221138195604341,0.0317473500381431,0.5647889375686646,0.7338681221008301,0.4999999999999999,0.2905328977867176,0.0,1.0,False,False,True,True,10047901696,sharegpt_CgSBl4g_0::round_6|sharegpt_CgSBl4g_0::round_5|sharegpt_CgSBl4g_0::round_4|sharegpt_CgSBl4g_0::round_3|sharegpt_CgSBl4g_0::round_2,sharegpt_CgSBl4g_0|sharegpt_CgSBl4g_0|sharegpt_CgSBl4g_0|sharegpt_CgSBl4g_0|sharegpt_CgSBl4g_0
1192316e,MR,multi-session,2023/05/30 (Tue) 19:00,semantic,5,0.5,1.0,1.0,0.5,0.070899999627727,,,234,2,2,True,0,0,0,0,454.1410256410256,1199,105,0.4487179487179487,0.6221138195604341,0.0317473500381431,0.5647889375686646,0.7338681221008301,0.4999999999999999,0.2905328977867176,0.0,1.0,False,False,True,True,10047901696,answer_e184e4c3_2::round_3|sharegpt_5HGh4Yy_0::round_1|answer_e184e4c3_2::round_0|answer_e184e4c3_1::round_1|cf0f42a0_2::round_3,answer_e184e4c3_2|sharegpt_5HGh4Yy_0|answer_e184e4c3_2|answer_e184e4c3_1|cf0f42a0_2
129d1232,MR,multi-session,2023/05/01 (Mon) 23:45,hybrid_raw,5,0.3333333333333333,1.0,0.3333333333333333,0.3333333333333333,0.0680999992255237,,,226,3,3,True,0,0,0,0,461.07964601769913,2763,102,0.4513274336283185,0.6259141493160113,0.0314289148958953,0.5754299163818359,0.7473483681678772,0.5,0.2905989274335237,0.0,1.0,False,False,True,True,10047963136,answer_1de862d6_2::round_5|answer_1de862d6_2::round_3|answer_1de862d6_2::round_2|answer_1de862d6_2::round_1|answer_1de862d6_2::round_4,answer_1de862d6_2|answer_1de862d6_2|answer_1de862d6_2|answer_1de862d6_2|answer_1de862d6_2
129d1232,MR,multi-session,2023/05/01 (Mon) 23:45,recency,5,0.0,0.0,0.0,0.0,0.0141000000439817,,,226,3,3,True,0,0,0,0,461.07964601769913,2763,102,0.4513274336283185,0.6259141493160113,0.0314289148958953,0.5754299163818359,0.7473483681678772,0.5,0.2905989274335237,0.0,1.0,False,False,True,True,10047963136,4a006b77::round_5|4a006b77::round_4|4a006b77::round_3|4a006b77::round_2|4a006b77::round_1,4a006b77|4a006b77|4a006b77|4a006b77|4a006b77
129d1232,MR,multi-session,2023/05/01 (Mon) 23:45,semantic,5,0.3333333333333333,1.0,0.3333333333333333,0.3333333333333333,0.0706000000718631,,,226,3,3,True,0,0,0,0,461.07964601769913,2763,102,0.4513274336283185,0.6259141493160113,0.0314289148958953,0.5754299163818359,0.7473483681678772,0.5,0.2905989274335237,0.0,1.0,False,False,True,True,10047963136,answer_1de862d6_2::round_5|answer_1de862d6_2::round_2|answer_1de862d6_2::round_3|answer_1de862d6_2::round_1|sharegpt_YfIEYo1_0::round_1,answer_1de862d6_2|answer_1de862d6_2|answer_1de862d6_2|answer_1de862d6_2|sharegpt_YfIEYo1_0
1568498a,IE,single-session-assistant,2023/05/30 (Tue) 23:35,hybrid_raw,5,0.0,0.0,0.0,0.0,0.0708000002305198,,,241,1,1,True,0,0,0,0,431.68879668049794,5361,87,0.3609958506224066,0.6095860246800783,0.0510644257459582,0.5551373362541199,0.861093282699585,0.5,0.2904787316113152,0.0,1.0,False,False,True,True,10047737856,sharegpt_h87NLyS_49::round_1|sharegpt_h87NLyS_49::round_0|936b0969_1::round_5|sharegpt_kRkQrRx_0::round_6|936b0969_1::round_3,sharegpt_h87NLyS_49|sharegpt_h87NLyS_49|936b0969_1|sharegpt_kRkQrRx_0|936b0969_1
1568498a,IE,single-session-assistant,2023/05/30 (Tue) 23:35,recency,5,0.0,0.0,0.0,0.0,0.0159000001076492,,,241,1,1,True,0,0,0,0,431.68879668049794,5361,87,0.3609958506224066,0.6095860246800783,0.0510644257459582,0.5551373362541199,0.861093282699585,0.5,0.2904787316113152,0.0,1.0,False,False,True,True,10047737856,sharegpt_h87NLyS_49::round_1|sharegpt_h87NLyS_49::round_0|936b0969_1::round_5|936b0969_1::round_4|936b0969_1::round_3,sharegpt_h87NLyS_49|sharegpt_h87NLyS_49|936b0969_1|936b0969_1|936b0969_1
1568498a,IE,single-session-assistant,2023/05/30 (Tue) 23:35,semantic,5,1.0,1.0,1.0,1.0,0.0727999999980966,,,241,1,1,True,0,0,0,0,431.68879668049794,5361,87,0.3609958506224066,0.6095860246800783,0.0510644257459582,0.5551373362541199,0.861093282699585,0.5,0.2904787316113152,0.0,1.0,False,False,True,True,10047737856,answer_sharegpt_d6JJiqH_76::round_9|answer_sharegpt_d6JJiqH_76::round_11|answer_sharegpt_d6JJiqH_76::round_0|answer_sharegpt_d6JJiqH_76::round_7|answer_sharegpt_d6JJiqH_76::round_4,answer_sharegpt_d6JJiqH_76|answer_sharegpt_d6JJiqH_76|answer_sharegpt_d6JJiqH_76|answer_sharegpt_d6JJiqH_76|answer_sharegpt_d6JJiqH_76
15745da0,IE,single-session-user,2023/05/30 (Tue) 21:43,hybrid_raw,5,0.0,0.0,0.0,0.0,0.0690000001668522,,,239,1,1,True,0,0,0,0,447.0376569037657,2628,107,0.4476987447698745,0.6115656442722017,0.0292124163900142,0.5659552812576294,0.751441478729248,0.4999999999999999,0.290493882646111,0.0,1.0,False,False,True,True,10048036864,sharegpt_f28uI6i_0::round_5|sharegpt_f28uI6i_0::round_6|sharegpt_f28uI6i_0::round_10|sharegpt_f28uI6i_0::round_4|sharegpt_f28uI6i_0::round_9,sharegpt_f28uI6i_0|sharegpt_f28uI6i_0|sharegpt_f28uI6i_0|sharegpt_f28uI6i_0|sharegpt_f28uI6i_0
15745da0,IE,single-session-user,2023/05/30 (Tue) 21:43,recency,5,0.0,0.0,0.0,0.0,0.0160000004143512,,,239,1,1,True,0,0,0,0,447.0376569037657,2628,107,0.4476987447698745,0.6115656442722017,0.0292124163900142,0.5659552812576294,0.751441478729248,0.4999999999999999,0.290493882646111,0.0,1.0,False,False,True,True,10048036864,sharegpt_f28uI6i_0::round_10|sharegpt_f28uI6i_0::round_9|sharegpt_f28uI6i_0::round_8|sharegpt_f28uI6i_0::round_7|sharegpt_f28uI6i_0::round_6,sharegpt_f28uI6i_0|sharegpt_f28uI6i_0|sharegpt_f28uI6i_0|sharegpt_f28uI6i_0|sharegpt_f28uI6i_0
15745da0,IE,single-session-user,2023/05/30 (Tue) 21:43,semantic,5,1.0,1.0,1.0,1.0,0.0715999999556515,,,239,1,1,True,0,0,0,0,447.0376569037657,2628,107,0.4476987447698745,0.6115656442722017,0.0292124163900142,0.5659552812576294,0.751441478729248,0.4999999999999999,0.290493882646111,0.0,1.0,False,False,True,True,10048036864,07d33eaa::round_2|answer_586de428::round_2|07d33eaa::round_3|answer_586de428::round_0|answer_586de428::round_4,07d33eaa|answer_586de428|07d33eaa|answer_586de428|answer_586de428
157a136e,MR,multi-session,2024/02/05 (Mon) 23:49,hybrid_raw,5,0.3333333333333333,1.0,0.5,0.3333333333333333,0.0796000003902008,,,252,3,2,True,0,0,0,0,419.5912698412698,1161,100,0.3968253968253968,0.6089478090168938,0.0223314464257159,0.5654731392860413,0.7206588983535767,0.5,0.2903997154444928,0.0,1.0,False,False,True,True,10047800320,answer_8de18468_1::round_1|da485e66::round_3|sharegpt_qqo6qRj_0::round_3|da485e66::round_2|sharegpt_qqo6qRj_0::round_2,answer_8de18468_1|da485e66|sharegpt_qqo6qRj_0|da485e66|sharegpt_qqo6qRj_0
157a136e,MR,multi-session,2024/02/05 (Mon) 23:49,recency,5,0.0,0.0,0.0,0.0,0.0165999999808263,,,252,3,2,True,0,0,0,0,419.5912698412698,1161,100,0.3968253968253968,0.6089478090168938,0.0223314464257159,0.5654731392860413,0.7206588983535767,0.5,0.2903997154444928,0.0,1.0,False,False,True,True,10047800320,sharegpt_qqo6qRj_0::round_3|sharegpt_qqo6qRj_0::round_2|sharegpt_qqo6qRj_0::round_1|sharegpt_qqo6qRj_0::round_0|da485e66::round_5,sharegpt_qqo6qRj_0|sharegpt_qqo6qRj_0|sharegpt_qqo6qRj_0|sharegpt_qqo6qRj_0|da485e66
157a136e,MR,multi-session,2024/02/05 (Mon) 23:49,semantic,5,0.6666666666666666,1.0,1.0,0.6666666666666666,0.0749000000723754,,,252,3,2,True,0,0,0,0,419.5912698412698,1161,100,0.3968253968253968,0.6089478090168938,0.0223314464257159,0.5654731392860413,0.7206588983535767,0.5,0.2903997154444928,0.0,1.0,False,False,True,True,10047800320,answer_8de18468_2::round_4|answer_8de18468_2::round_0|answer_8de18468_1::round_1|d161536e::round_2|answer_8de18468_2::round_2,answer_8de18468_2|answer_8de18468_2|answer_8de18468_1|d161536e|answer_8de18468_2
18bc8abd,KU,knowledge-update,2023/07/15 (Sat) 07:37,hybrid_raw,5,0.5,1.0,0.5,0.5,0.064599999859638,,,219,2,2,False,0,0,0,0,469.9817351598173,3803,95,0.4337899543378995,0.6128008654128471,0.038077319532494,0.5668251514434814,0.8136098384857178,0.5,0.2906606772924933,0.0,1.0,False,False,True,True,10048196608,answer_fff743f5_2::round_5|answer_fff743f5_2::round_4|answer_fff743f5_2::round_0|answer_fff743f5_2::round_1|answer_fff743f5_2::round_3,answer_fff743f5_2|answer_fff743f5_2|answer_fff743f5_2|answer_fff743f5_2|answer_fff743f5_2
18bc8abd,KU,knowledge-update,2023/07/15 (Sat) 07:37,recency,5,0.0,0.0,0.5,0.0,0.0171000001500942,,,219,2,2,False,0,0,0,0,469.9817351598173,3803,95,0.4337899543378995,0.6128008654128471,0.038077319532494,0.5668251514434814,0.8136098384857178,0.5,0.2906606772924933,0.0,1.0,False,False,True,True,10048196608,answer_fff743f5_2::round_5|answer_fff743f5_2::round_4|answer_fff743f5_2::round_3|answer_fff743f5_2::round_2|answer_fff743f5_2::round_1,answer_fff743f5_2|answer_fff743f5_2|answer_fff743f5_2|answer_fff743f5_2|answer_fff743f5_2
18bc8abd,KU,knowledge-update,2023/07/15 (Sat) 07:37,semantic,5,1.0,1.0,1.0,1.0,0.0647999995635473,,,219,2,2,False,0,0,0,0,469.9817351598173,3803,95,0.4337899543378995,0.6128008654128471,0.038077319532494,0.5668251514434814,0.8136098384857178,0.5,0.2906606772924933,0.0,1.0,False,False,True,True,10048196608,answer_fff743f5_2::round_5|answer_fff743f5_1::round_3|answer_fff743f5_1::round_1|answer_fff743f5_2::round_0|answer_fff743f5_2::round_1,answer_fff743f5_2|answer_fff743f5_1|answer_fff743f5_1|answer_fff743f5_2|answer_fff743f5_2
195a1a1b,IE,single-session-preference,2023/05/30 (Tue) 22:28,hybrid_raw,5,1.0,1.0,1.0,1.0,0.0735000003260211,,,258,1,1,True,0,0,0,0,406.8255813953488,5449,85,0.3294573643410852,0.6464769368947938,0.0328672649832863,0.5829370021820068,0.7541842460632324,0.5,0.2903594657633106,0.0,1.0,False,False,True,True,10048356352,answer_6dc4305e::round_2|answer_6dc4305e::round_3|answer_6dc4305e::round_4|answer_6dc4305e::round_1|answer_6dc4305e::round_6,answer_6dc4305e|answer_6dc4305e|answer_6dc4305e|answer_6dc4305e|answer_6dc4305e
195a1a1b,IE,single-session-preference,2023/05/30 (Tue) 22:28,recency,5,0.0,0.0,1.0,0.0,0.0159000001076492,,,258,1,1,True,0,0,0,0,406.8255813953488,5449,85,0.3294573643410852,0.6464769368947938,0.0328672649832863,0.5829370021820068,0.7541842460632324,0.5,0.2903594657633106,0.0,1.0,False,False,True,True,10048356352,answer_6dc4305e::round_7|answer_6dc4305e::round_6|answer_6dc4305e::round_5|answer_6dc4305e::round_4|answer_6dc4305e::round_3,answer_6dc4305e|answer_6dc4305e|answer_6dc4305e|answer_6dc4305e|answer_6dc4305e
195a1a1b,IE,single-session-preference,2023/05/30 (Tue) 22:28,semantic,5,1.0,1.0,1.0,1.0,0.0769999996919068,,,258,1,1,True,0,0,0,0,406.8255813953488,5449,85,0.3294573643410852,0.6464769368947938,0.0328672649832863,0.5829370021820068,0.7541842460632324,0.5,0.2903594657633106,0.0,1.0,False,False,True,True,10048356352,ed9dad6c_2::round_0|answer_6dc4305e::round_2|9f12daa1_1::round_1|89a1800c_2::round_2|9b90460f_3::round_4,ed9dad6c_2|answer_6dc4305e|9f12daa1_1|89a1800c_2|9b90460f_3
1c0ddc50,IE,single-session-preference,2023/05/30 (Tue) 13:09,hybrid_raw,5,0.0,0.0,0.0,0.0,0.0804000001153326,,,278,2,1,True,0,0,0,0,383.1079136690648,881,78,0.2805755395683453,0.6575805025992634,0.0344218708927655,0.5737655758857727,0.7930986881256104,0.5,0.290237889594276,0.0,1.0,False,False,True,True,10047737856,sharegpt_fVpT6Aa_35::round_6|sharegpt_fVpT6Aa_35::round_10|sharegpt_fVpT6Aa_35::round_5|sharegpt_fVpT6Aa_35::round_4|sharegpt_fVpT6Aa_35::round_3,sharegpt_fVpT6Aa_35|sharegpt_fVpT6Aa_35|sharegpt_fVpT6Aa_35|sharegpt_fVpT6Aa_35|sharegpt_fVpT6Aa_35
1c0ddc50,IE,single-session-preference,2023/05/30 (Tue) 13:09,recency,5,0.0,0.0,0.0,0.0,0.0171000001500942,,,278,2,1,True,0,0,0,0,383.1079136690648,881,78,0.2805755395683453,0.6575805025992634,0.0344218708927655,0.5737655758857727,0.7930986881256104,0.5,0.290237889594276,0.0,1.0,False,False,True,True,10047737856,sharegpt_fVpT6Aa_35::round_10|sharegpt_fVpT6Aa_35::round_9|sharegpt_fVpT6Aa_35::round_8|sharegpt_fVpT6Aa_35::round_7|sharegpt_fVpT6Aa_35::round_6,sharegpt_fVpT6Aa_35|sharegpt_fVpT6Aa_35|sharegpt_fVpT6Aa_35|sharegpt_fVpT6Aa_35|sharegpt_fVpT6Aa_35
1c0ddc50,IE,single-session-preference,2023/05/30 (Tue) 13:09,semantic,5,0.0,0.0,0.0,0.0,0.085600000602426,,,278,2,1,True,0,0,0,0,383.1079136690648,881,78,0.2805755395683453,0.6575805025992634,0.0344218708927655,0.5737655758857727,0.7930986881256104,0.5,0.290237889594276,0.0,1.0,False,False,True,True,10047737856,2aa70c9c_1::round_3|ultrachat_494933::round_2|a0aa5035::round_3|2aa70c9c_1::round_0|2aa70c9c_1::round_5,2aa70c9c_1|ultrachat_494933|a0aa5035|2aa70c9c_1|2aa70c9c_1
1c549ce4,MR,multi-session,2023/05/30 (Tue) 23:21,hybrid_raw,5,0.0,0.0,0.0,0.0,0.0697000004947767,,,233,2,2,True,0,0,0,0,450.6480686695279,1419,99,0.4248927038626609,0.6035714507614595,0.0317816899873304,0.5579484701156616,0.7490798830986023,0.5,0.290540902546128,0.0,1.0,False,False,True,True,10048098304,d743153b_2::round_5|sharegpt_XYtuANl_9::round_1|sharegpt_XYtuANl_9::round_0|ultrachat_171892::round_2|ultrachat_171892::round_1,d743153b_2|sharegpt_XYtuANl_9|sharegpt_XYtuANl_9|ultrachat_171892|ultrachat_171892
1c549ce4,MR,multi-session,2023/05/30 (Tue) 23:21,recency,5,0.0,0.0,0.0,0.0,0.0147999999171588,,,233,2,2,True,0,0,0,0,450.6480686695279,1419,99,0.4248927038626609,0.6035714507614595,0.0317816899873304,0.5579484701156616,0.7490798830986023,0.5,0.290540902546128,0.0,1.0,False,False,True,True,10048098304,sharegpt_XYtuANl_9::round_1|sharegpt_XYtuANl_9::round_0|ultrachat_171892::round_3|ultrachat_171892::round_2|ultrachat_171892::round_1,sharegpt_XYtuANl_9|sharegpt_XYtuANl_9|ultrachat_171892|ultrachat_171892|ultrachat_171892
1c549ce4,MR,multi-session,2023/05/30 (Tue) 23:21,semantic,5,1.0,1.0,1.0,1.0,0.0701999997545499,,,233,2,2,True,0,0,0,0,450.6480686695279,1419,99,0.4248927038626609,0.6035714507614595,0.0317816899873304,0.5579484701156616,0.7490798830986023,0.5,0.290540902546128,0.0,1.0,False,False,True,True,10048098304,answer_4cb841a8_1::round_0|answer_4cb841a8_2::round_5|answer_4cb841a8_1::round_4|answer_4cb841a8_1::round_3|sharegpt_T95BPXB_0::round_0,answer_4cb841a8_1|answer_4cb841a8_2|answer_4cb841a8_1|answer_4cb841a8_1|sharegpt_T95BPXB_0
1cea1afa,KU,knowledge-update,2023/06/14 (Wed) 13:43,hybrid_raw,5,0.5,1.0,0.5,0.5,0.0732999997126171,,,244,2,2,False,0,0,0,0,438.2090163934426,3539,90,0.3688524590163934,0.6022471514393072,0.0364305282816153,0.554198682308197,0.7661423683166504,0.5,0.2904564725261432,0.0,1.0,False,False,True,True,10047959040,answer_79c395a9_2::round_0|answer_79c395a9_2::round_3|answer_79c395a9_2::round_2|answer_79c395a9_2::round_5|answer_79c395a9_2::round_1,answer_79c395a9_2|answer_79c395a9_2|answer_79c395a9_2|answer_79c395a9_2|answer_79c395a9_2
1cea1afa,KU,knowledge-update,2023/06/14 (Wed) 13:43,recency,5,0.0,0.0,0.0,0.0,0.030900000638212,,,244,2,2,False,0,0,0,0,438.2090163934426,3539,90,0.3688524590163934,0.6022471514393072,0.0364305282816153,0.554198682308197,0.7661423683166504,0.5,0.2904564725261432,0.0,1.0,False,False,True,True,10047959040,726fa34a_2::round_5|726fa34a_2::round_4|726fa34a_2::round_3|726fa34a_2::round_2|726fa34a_2::round_1,726fa34a_2|726fa34a_2|726fa34a_2|726fa34a_2|726fa34a_2
1cea1afa,KU,knowledge-update,2023/06/14 (Wed) 13:43,semantic,5,1.0,1.0,1.0,1.0,0.0766000002840883,,,244,2,2,False,0,0,0,0,438.2090163934426,3539,90,0.3688524590163934,0.6022471514393072,0.0364305282816153,0.554198682308197,0.7661423683166504,0.5,0.2904564725261432,0.0,1.0,False,False,True,True,10047959040,answer_79c395a9_1::round_0|answer_79c395a9_2::round_0|answer_79c395a9_1::round_3|answer_79c395a9_1::round_1|answer_79c395a9_2::round_1,answer_79c395a9_1|answer_79c395a9_2|answer_79c395a9_1|answer_79c395a9_1|answer_79c395a9_2
1da05512,IE,single-session-preference,2023/05/30 (Tue) 15:33,hybrid_raw,5,0.0,0.0,0.0,0.0,0.0678999995216145,,,232,2,1,True,0,0,0,0,459.7456896551725,887,99,0.4267241379310345,0.6231730051081756,0.0241919385831258,0.577100396156311,0.702440619468689,0.5,0.2905489765862739,0.0,1.0,False,False,True,True,10048356352,370bf05f_1::round_4|sharegpt_AtnznbL_0::round_0|370bf05f_1::round_3|aea71da3_2::round_1|370bf05f_1::round_5,370bf05f_1|sharegpt_AtnznbL_0|370bf05f_1|aea71da3_2|370bf05f_1
1da05512,IE,single-session-preference,2023/05/30 (Tue) 15:33,recency,5,0.0,0.0,0.0,0.0,0.0150999994730227,,,232,2,1,True,0,0,0,0,459.7456896551725,887,99,0.4267241379310345,0.6231730051081756,0.0241919385831258,0.577100396156311,0.702440619468689,0.5,0.2905489765862739,0.0,1.0,False,False,True,True,10048356352,sharegpt_AtnznbL_0::round_0|370bf05f_1::round_5|370bf05f_1::round_4|370bf05f_1::round_3|370bf05f_1::round_2,sharegpt_AtnznbL_0|370bf05f_1|370bf05f_1|370bf05f_1|370bf05f_1
1da05512,IE,single-session-preference,2023/05/30 (Tue) 15:33,semantic,5,0.0,0.0,0.0,0.0,0.0694000000294181,,,232,2,1,True,0,0,0,0,459.7456896551725,887,99,0.4267241379310345,0.6231730051081756,0.0241919385831258,0.577100396156311,0.702440619468689,0.5,0.2905489765862739,0.0,1.0,False,False,True,True,10048356352,f2565b3b_2::round_0|f2565b3b_2::round_1|ultrachat_224959::round_2|f2565b3b_2::round_5|aea71da3_2::round_1,f2565b3b_2|f2565b3b_2|ultrachat_224959|f2565b3b_2|aea71da3_2
1e043500,IE,single-session-user,2023/05/30 (Tue) 19:19,hybrid_raw,5,0.0,0.0,0.0,0.0,0.1526000000922067,,,257,1,1,True,0,0,0,0,411.4280155642023,1002,93,0.3618677042801556,0.6138556680790646,0.0204678148972239,0.5703741312026978,0.6735789179801941,0.5,0.2903660430643427,0.0,1.0,False,False,True,True,10047737856,a61d06f2::round_5|7201d752::round_5|7201d752::round_4|7201d752::round_0|a61d06f2::round_4,a61d06f2|7201d752|7201d752|7201d752|a61d06f2
1e043500,IE,single-session-user,2023/05/30 (Tue) 19:19,recency,5,0.0,0.0,0.0,0.0,0.0158000002556946,,,257,1,1,True,0,0,0,0,411.4280155642023,1002,93,0.3618677042801556,0.6138556680790646,0.0204678148972239,0.5703741312026978,0.6735789179801941,0.5,0.2903660430643427,0.0,1.0,False,False,True,True,10047737856,7201d752::round_5|7201d752::round_4|7201d752::round_3|7201d752::round_2|7201d752::round_1,7201d752|7201d752|7201d752|7201d752|7201d752
1e043500,IE,single-session-user,2023/05/30 (Tue) 19:19,semantic,5,1.0,1.0,1.0,1.0,0.0788000002103217,,,257,1,1,True,0,0,0,0,411.4280155642023,1002,93,0.3618677042801556,0.6138556680790646,0.0204678148972239,0.5703741312026978,0.6735789179801941,0.5,0.2903660430643427,0.0,1.0,False,False,True,True,10047737856,7b1d1f43_1::round_4|answer_3e012175::round_1|sharegpt_DWaO0BY_0::round_4|01bd9def::round_0|sharegpt_DWaO0BY_0::round_2,7b1d1f43_1|answer_3e012175|sharegpt_DWaO0BY_0|01bd9def|sharegpt_DWaO0BY_0
1faac195,IE,single-session-user,2023/05/30 (Tue) 19:50,hybrid_raw,5,0.0,0.0,0.0,0.0,0.0730000001567532,,,248,1,1,True,0,0,0,0,438.1733870967742,5746,98,0.3951612903225806,0.5871547804244103,0.0208066401915109,0.546539843082428,0.6908513903617859,0.5,0.2904276345661692,0.0,1.0,False,False,True,True,10047737856,06fe8cfb_2::round_3|06fe8cfb_2::round_4|06fe8cfb_2::round_2|d2905eb6_2::round_0|d2905eb6_2::round_1,06fe8cfb_2|06fe8cfb_2|06fe8cfb_2|d2905eb6_2|d2905eb6_2
1faac195,IE,single-session-user,2023/05/30 (Tue) 19:50,recency,5,0.0,0.0,0.0,0.0,0.0153000000864267,,,248,1,1,True,0,0,0,0,438.1733870967742,5746,98,0.3951612903225806,0.5871547804244103,0.0208066401915109,0.546539843082428,0.6908513903617859,0.5,0.2904276345661692,0.0,1.0,False,False,True,True,10047737856,06fe8cfb_2::round_5|06fe8cfb_2::round_4|06fe8cfb_2::round_3|06fe8cfb_2::round_2|06fe8cfb_2::round_1,06fe8cfb_2|06fe8cfb_2|06fe8cfb_2|06fe8cfb_2|06fe8cfb_2
1faac195,IE,single-session-user,2023/05/30 (Tue) 19:50,semantic,5,1.0,1.0,1.0,1.0,0.0746000000617641,,,248,1,1,True,0,0,0,0,438.1733870967742,5746,98,0.3951612903225806,0.5871547804244103,0.0208066401915109,0.546539843082428,0.6908513903617859,0.5,0.2904276345661692,0.0,1.0,False,False,True,True,10047737856,answer_d01949bf::round_1|answer_d01949bf::round_2|87252d80_5::round_2|87252d80_5::round_1|answer_d01949bf::round_4,answer_d01949bf|answer_d01949bf|87252d80_5|87252d80_5|answer_d01949bf
2133c1b5,KU,knowledge-update,2023/10/15 (Sun) 08:39,hybrid_raw,5,0.5,1.0,0.5,0.5,0.0774999998611747,,,265,2,2,False,0,0,11,1,404.8,5776,77,0.290566037735849,0.6145269877505752,0.0255546388555036,0.5634907484054565,0.7674373388290405,0.5,0.2903148194080379,0.0,1.0,False,False,True,True,10048040960,answer_52382508_2::round_1|answer_52382508_2::round_2|answer_52382508_2::round_5|answer_52382508_2::round_4|09d14ddf_2::round_4,answer_52382508_2|answer_52382508_2|answer_52382508_2|answer_52382508_2|09d14ddf_2
2133c1b5,KU,knowledge-update,2023/10/15 (Sun) 08:39,recency,5,0.0,0.0,0.0,0.0,0.0233000000662286,,,265,2,2,False,0,0,11,1,404.8,5776,77,0.290566037735849,0.6145269877505752,0.0255546388555036,0.5634907484054565,0.7674373388290405,0.5,0.2903148194080379,0.0,1.0,False,False,True,True,10048040960,sharegpt_i6wl0uh_0::round_2|sharegpt_i6wl0uh_0::round_1|sharegpt_i6wl0uh_0::round_0|09d14ddf_2::round_5|09d14ddf_2::round_4,sharegpt_i6wl0uh_0|sharegpt_i6wl0uh_0|sharegpt_i6wl0uh_0|09d14ddf_2|09d14ddf_2
2133c1b5,KU,knowledge-update,2023/10/15 (Sun) 08:39,semantic,5,1.0,1.0,1.0,1.0,0.0802999993538833,,,265,2,2,False,0,0,11,1,404.8,5776,77,0.290566037735849,0.6145269877505752,0.0255546388555036,0.5634907484054565,0.7674373388290405,0.5,0.2903148194080379,0.0,1.0,False,False,True,True,10048040960,answer_52382508_2::round_1|answer_52382508_2::round_2|answer_52382508_1::round_2|8ca0085a_1::round_0|answer_52382508_1::round_1,answer_52382508_2|answer_52382508_2|answer_52382508_1|8ca0085a_1|answer_52382508_1
22d2cb42,KU,knowledge-update,2023/06/24 (Sat) 09:01,hybrid_raw,5,0.0,0.0,0.0,0.0,0.0711999991835909,,,238,1,2,False,0,0,0,0,437.7689075630252,2658,90,0.3781512605042016,0.6080868659901018,0.038825995511853,0.5631363391876221,0.8306897878646851,0.5,0.2905015540230223,0.0,1.0,False,False,True,True,10048245760,060aeced::round_4|060aeced::round_5|sharegpt_bGRy51c_0::round_3|sharegpt_ZXM9kAl_0::round_2|sharegpt_bGRy51c_0::round_2,060aeced|060aeced|sharegpt_bGRy51c_0|sharegpt_ZXM9kAl_0|sharegpt_bGRy51c_0
22d2cb42,KU,knowledge-update,2023/06/24 (Sat) 09:01,recency,5,0.0,0.0,0.0,0.0,0.0257000001511187,,,238,1,2,False,0,0,0,0,437.7689075630252,2658,90,0.3781512605042016,0.6080868659901018,0.038825995511853,0.5631363391876221,0.8306897878646851,0.5,0.2905015540230223,0.0,1.0,False,False,True,True,10048245760,sharegpt_bGRy51c_0::round_3|sharegpt_bGRy51c_0::round_2|sharegpt_bGRy51c_0::round_1|sharegpt_bGRy51c_0::round_0|sharegpt_ZXM9kAl_0::round_6,sharegpt_bGRy51c_0|sharegpt_bGRy51c_0|sharegpt_bGRy51c_0|sharegpt_bGRy51c_0|sharegpt_ZXM9kAl_0
22d2cb42,KU,knowledge-update,2023/06/24 (Sat) 09:01,semantic,5,1.0,1.0,1.0,1.0,0.0731000000087078,,,238,1,2,False,0,0,0,0,437.7689075630252,2658,90,0.3781512605042016,0.6080868659901018,0.038825995511853,0.5631363391876221,0.8306897878646851,0.5,0.2905015540230223,0.0,1.0,False,False,True,True,10048245760,answer_bcce0b73_2::round_2|answer_bcce0b73_1::round_4|answer_bcce0b73_1::round_5|answer_bcce0b73_2::round_1|answer_bcce0b73_1::round_3,answer_bcce0b73_2|answer_bcce0b73_1|answer_bcce0b73_1|answer_bcce0b73_2|answer_bcce0b73_1
2311e44b,MR,multi-session,2023/05/30 (Tue) 22:55,hybrid_raw,5,0.5,1.0,0.5,0.5,0.2539000006436254,,,248,2,2,True,0,0,0,0,423.64516129032256,901,86,0.3467741935483871,0.6054289420285532,0.0306542645849975,0.5483411550521851,0.7929656505584717,0.5,0.2904276345661692,0.0,1.0,False,False,True,True,10047737856,answer_bf633415_1::round_4|ultrachat_475329::round_0|answer_bf633415_1::round_1|answer_bf633415_1::round_0|ultrachat_501910::round_6,answer_bf633415_1|ultrachat_475329|answer_bf633415_1|answer_bf633415_1|ultrachat_501910
2311e44b,MR,multi-session,2023/05/30 (Tue) 22:55,recency,5,0.0,0.0,0.0,0.0,0.0147000000652042,,,248,2,2,True,0,0,0,0,423.64516129032256,901,86,0.3467741935483871,0.6054289420285532,0.0306542645849975,0.5483411550521851,0.7929656505584717,0.5,0.2904276345661692,0.0,1.0,False,False,True,True,10047737856,ultrachat_475329::round_2|ultrachat_475329::round_1|ultrachat_475329::round_0|ultrachat_501910::round_6|ultrachat_501910::round_5,ultrachat_475329|ultrachat_475329|ultrachat_475329|ultrachat_501910|ultrachat_501910
2311e44b,MR,multi-session,2023/05/30 (Tue) 22:55,semantic,5,1.0,1.0,1.0,1.0,0.0755000000935979,,,248,2,2,True,0,0,0,0,423.64516129032256,901,86,0.3467741935483871,0.6054289420285532,0.0306542645849975,0.5483411550521851,0.7929656505584717,0.5,0.2904276345661692,0.0,1.0,False,False,True,True,10047737856,answer_bf633415_2::round_0|answer_bf633415_2::round_1|answer_bf633415_2::round_2|answer_bf633415_1::round_4|answer_bf633415_1::round_0,answer_bf633415_2|answer_bf633415_2|answer_bf633415_2|answer_bf633415_1|answer_bf633415_1
25e5aa4f,IE,single-session-user,2023/05/30 (Tue) 15:02,hybrid_raw,5,0.0,0.0,0.0,0.0,0.0880000002325687,,,254,1,1,True,0,0,0,0,416.0629921259842,808,97,0.3818897637795275,0.6148478637530109,0.0276680939290413,0.5495944619178772,0.709098756313324,0.5,0.2903860868332549,0.0,1.0,False,False,True,True,10048282624,18807892_4::round_5|18807892_4::round_4|18807892_4::round_3|18807892_4::round_2|18807892_4::round_1,18807892_4|18807892_4|18807892_4|18807892_4|18807892_4
25e5aa4f,IE,single-session-user,2023/05/30 (Tue) 15:02,recency,5,0.0,0.0,0.0,0.0,0.0161000002663058,,,254,1,1,True,0,0,0,0,416.0629921259842,808,97,0.3818897637795275,0.6148478637530109,0.0276680939290413,0.5495944619178772,0.709098756313324,0.5,0.2903860868332549,0.0,1.0,False,False,True,True,10048282624,18807892_4::round_5|18807892_4::round_4|18807892_4::round_3|18807892_4::round_2|18807892_4::round_1,18807892_4|18807892_4|18807892_4|18807892_4|18807892_4
25e5aa4f,IE,single-session-user,2023/05/30 (Tue) 15:02,semantic,5,1.0,1.0,1.0,1.0,0.0755999999455525,,,254,1,1,True,0,0,0,0,416.0629921259842,808,97,0.3818897637795275,0.6148478637530109,0.0276680939290413,0.5495944619178772,0.709098756313324,0.5,0.2903860868332549,0.0,1.0,False,False,True,True,10048282624,answer_986de8c3::round_0|answer_986de8c3::round_5|sharegpt_rqvR1Ep_0::round_4|answer_986de8c3::round_1|answer_986de8c3::round_2,answer_986de8c3|answer_986de8c3|sharegpt_rqvR1Ep_0|answer_986de8c3|answer_986de8c3
2698e78f,KU,knowledge-update,2023/11/10 (Fri) 00:38,hybrid_raw,5,0.0,0.0,0.0,0.0,0.069699999585282,,,240,2,2,False,0,0,2,0,457.5541666666667,9188,93,0.3875,0.6185227304697036,0.0252711949323386,0.5736750364303589,0.6926755905151367,0.5,0.2904862754428415,0.0,1.0,False,False,True,True,10047737856,d99bab55_2::round_5|d99bab55_2::round_1|d99bab55_2::round_4|d99bab55_2::round_2|sharegpt_130siyQ_0::round_0,d99bab55_2|d99bab55_2|d99bab55_2|d99bab55_2|sharegpt_130siyQ_0
2698e78f,KU,knowledge-update,2023/11/10 (Fri) 00:38,recency,5,0.0,0.0,0.0,0.0,0.0208999999813386,,,240,2,2,False,0,0,2,0,457.5541666666667,9188,93,0.3875,0.6185227304697036,0.0252711949323386,0.5736750364303589,0.6926755905151367,0.5,0.2904862754428415,0.0,1.0,False,False,True,True,10047737856,d99bab55_2::round_5|d99bab55_2::round_4|d99bab55_2::round_3|d99bab55_2::round_2|d99bab55_2::round_1,d99bab55_2|d99bab55_2|d99bab55_2|d99bab55_2|d99bab55_2
2698e78f,KU,knowledge-update,2023/11/10 (Fri) 00:38,semantic,5,1.0,1.0,1.0,1.0,0.0724999999874853,,,240,2,2,False,0,0,2,0,457.5541666666667,9188,93,0.3875,0.6185227304697036,0.0252711949323386,0.5736750364303589,0.6926755905151367,0.5,0.2904862754428415,0.0,1.0,False,False,True,True,10047737856,answer_9282283d_2::round_1|answer_9282283d_2::round_2|answer_9282283d_2::round_0|a0fcf806::round_0|answer_9282283d_1::round_1,answer_9282283d_2|answer_9282283d_2|answer_9282283d_2|a0fcf806|answer_9282283d_1
2b8f3739,MR,multi-session,2023/06/01 (Thu) 23:37,hybrid_raw,5,0.3333333333333333,1.0,0.3333333333333333,0.3333333333333333,0.0724000001355307,,,246,3,3,True,0,0,0,0,435.2926829268293,1689,94,0.3821138211382114,0.6048156548806323,0.0205600813178041,0.5678390264511108,0.6778314113616943,0.5000000000000001,0.2904419358795335,0.0,1.0,False,False,True,True,10047967232,answer_23759615_1::round_0|answer_23759615_1::round_3|67d6f18f_1::round_1|answer_23759615_1::round_4|67d6f18f_1::round_0,answer_23759615_1|answer_23759615_1|67d6f18f_1|answer_23759615_1|67d6f18f_1
2b8f3739,MR,multi-session,2023/06/01 (Thu) 23:37,recency,5,0.0,0.0,0.3333333333333333,0.0,0.0151000003825174,,,246,3,3,True,0,0,0,0,435.2926829268293,1689,94,0.3821138211382114,0.6048156548806323,0.0205600813178041,0.5678390264511108,0.6778314113616943,0.5000000000000001,0.2904419358795335,0.0,1.0,False,False,True,True,10047967232,answer_23759615_1::round_5|answer_23759615_1::round_4|answer_23759615_1::round_3|answer_23759615_1::round_2|answer_23759615_1::round_1,answer_23759615_1|answer_23759615_1|answer_23759615_1|answer_23759615_1|answer_23759615_1
2b8f3739,MR,multi-session,2023/06/01 (Thu) 23:37,semantic,5,0.6666666666666666,1.0,0.6666666666666666,0.6666666666666666,0.0779000001784879,,,246,3,3,True,0,0,0,0,435.2926829268293,1689,94,0.3821138211382114,0.6048156548806323,0.0205600813178041,0.5678390264511108,0.6778314113616943,0.5000000000000001,0.2904419358795335,0.0,1.0,False,False,True,True,10047967232,67d6f18f_1::round_1|answer_23759615_1::round_0|answer_23759615_2::round_0|67d6f18f_1::round_0|sharegpt_UqYdS88_0::round_0,67d6f18f_1|answer_23759615_1|answer_23759615_2|67d6f18f_1|sharegpt_UqYdS88_0
2ce6a0f2,MR,multi-session,2023/03/08 (Wed) 23:27,hybrid_raw,5,0.0,0.0,0.0,0.0,0.0717000002623535,,,241,4,4,True,0,0,0,0,441.701244813278,859,87,0.3609958506224066,0.6294889576207553,0.0344305325105983,0.5707713961601257,0.7756814956665039,0.5,0.2904787316113152,0.0,1.0,False,False,True,True,10047963136,ultrachat_192754::round_4|ultrachat_192754::round_5|ultrachat_192754::round_0|ultrachat_192754::round_3|3e90815f::round_2,ultrachat_192754|ultrachat_192754|ultrachat_192754|ultrachat_192754|3e90815f
2ce6a0f2,MR,multi-session,2023/03/08 (Wed) 23:27,recency,5,0.0,0.0,0.0,0.0,0.015499999790336,,,241,4,4,True,0,0,0,0,441.701244813278,859,87,0.3609958506224066,0.6294889576207553,0.0344305325105983,0.5707713961601257,0.7756814956665039,0.5,0.2904787316113152,0.0,1.0,False,False,True,True,10047963136,ultrachat_192754::round_5|ultrachat_192754::round_4|ultrachat_192754::round_3|ultrachat_192754::round_2|ultrachat_192754::round_1,ultrachat_192754|ultrachat_192754|ultrachat_192754|ultrachat_192754|ultrachat_192754
2ce6a0f2,MR,multi-session,2023/03/08 (Wed) 23:27,semantic,5,0.25,1.0,0.5,0.25,0.0728000004528439,,,241,4,4,True,0,0,0,0,441.701244813278,859,87,0.3609958506224066,0.6294889576207553,0.0344305325105983,0.5707713961601257,0.7756814956665039,0.5,0.2904787316113152,0.0,1.0,False,False,True,True,10047963136,answer_901a6763_1::round_0|answer_901a6763_1::round_2|answer_901a6763_1::round_3|answer_901a6763_4::round_2|answer_901a6763_1::round_1,answer_901a6763_1|answer_901a6763_1|answer_901a6763_1|answer_901a6763_4|answer_901a6763_1
32260d93,IE,single-session-preference,2023/05/30 (Tue) 23:43,hybrid_raw,5,0.0,0.0,0.0,0.0,0.0758999995014164,,,265,1,1,True,0,0,0,0,392.7471698113208,1879,93,0.350943396226415,0.6280716725115506,0.0228458234031507,0.5798341631889343,0.7244346737861633,0.5,0.2903148194080379,0.0,1.0,False,False,True,True,10047737856,sharegpt_WYQSZ3n_0::round_9|sharegpt_WYQSZ3n_0::round_13|sharegpt_WYQSZ3n_0::round_10|sharegpt_WYQSZ3n_0::round_4|sharegpt_WYQSZ3n_0::round_11,sharegpt_WYQSZ3n_0|sharegpt_WYQSZ3n_0|sharegpt_WYQSZ3n_0|sharegpt_WYQSZ3n_0|sharegpt_WYQSZ3n_0
32260d93,IE,single-session-preference,2023/05/30 (Tue) 23:43,recency,5,0.0,0.0,0.0,0.0,0.016699999832781,,,265,1,1,True,0,0,0,0,392.7471698113208,1879,93,0.350943396226415,0.6280716725115506,0.0228458234031507,0.5798341631889343,0.7244346737861633,0.5,0.2903148194080379,0.0,1.0,False,False,True,True,10047737856,sharegpt_WYQSZ3n_0::round_14|sharegpt_WYQSZ3n_0::round_13|sharegpt_WYQSZ3n_0::round_12|sharegpt_WYQSZ3n_0::round_11|sharegpt_WYQSZ3n_0::round_10,sharegpt_WYQSZ3n_0|sharegpt_WYQSZ3n_0|sharegpt_WYQSZ3n_0|sharegpt_WYQSZ3n_0|sharegpt_WYQSZ3n_0
32260d93,IE,single-session-preference,2023/05/30 (Tue) 23:43,semantic,5,1.0,1.0,1.0,1.0,0.080099999649974,,,265,1,1,True,0,0,0,0,392.7471698113208,1879,93,0.350943396226415,0.6280716725115506,0.0228458234031507,0.5798341631889343,0.7244346737861633,0.5,0.2903148194080379,0.0,1.0,False,False,True,True,10047737856,answer_0250ae1c::round_0|04bef53b::round_4|573dc24b_1::round_0|573dc24b_1::round_2|573dc24b_1::round_1,answer_0250ae1c|04bef53b|573dc24b_1|573dc24b_1|573dc24b_1
35a27287,IE,single-session-preference,2023/05/30 (Tue) 22:15,hybrid_raw,5,0.0,0.0,0.0,0.0,0.0743000000511528,,,261,3,1,True,0,0,0,0,392.7586206896552,816,85,0.3256704980842911,0.6285396142937671,0.0268298215147245,0.5607795119285583,0.7698476910591125,0.5,0.2903400373322744,0.0,1.0,False,False,True,True,10048221184,ultrachat_510702::round_5|ultrachat_510702::round_4|ultrachat_510702::round_3|ultrachat_510702::round_1|ultrachat_11598::round_3,ultrachat_510702|ultrachat_510702|ultrachat_510702|ultrachat_510702|ultrachat_11598
35a27287,IE,single-session-preference,2023/05/30 (Tue) 22:15,recency,5,0.0,0.0,0.0,0.0,0.0165000001288717,,,261,3,1,True,0,0,0,0,392.7586206896552,816,85,0.3256704980842911,0.6285396142937671,0.0268298215147245,0.5607795119285583,0.7698476910591125,0.5,0.2903400373322744,0.0,1.0,False,False,True,True,10048221184,ultrachat_11598::round_5|ultrachat_11598::round_4|ultrachat_11598::round_3|ultrachat_11598::round_2|ultrachat_11598::round_1,ultrachat_11598|ultrachat_11598|ultrachat_11598|ultrachat_11598|ultrachat_11598
35a27287,IE,single-session-preference,2023/05/30 (Tue) 22:15,semantic,5,0.6666666666666666,1.0,1.0,0.6666666666666666,0.0809000002846005,,,261,3,1,True,0,0,0,0,392.7586206896552,816,85,0.3256704980842911,0.6285396142937671,0.0268298215147245,0.5607795119285583,0.7698476910591125,0.5,0.2903400373322744,0.0,1.0,False,False,True,True,10048221184,answer_9b182436::round_1|answer_9b182436::round_6|58ae7c4f_3::round_4|answer_9b182436::round_3|ultrachat_267380::round_3,answer_9b182436|answer_9b182436|58ae7c4f_3|answer_9b182436|ultrachat_267380
37f165cf,MR,multi-session,2023/05/30 (Tue) 19:21,hybrid_raw,5,0.0,0.0,0.0,0.0,0.0813999995443737,,,284,2,2,True,0,0,0,0,370.3697183098592,938,94,0.3309859154929577,0.601702921197448,0.0228771885697079,0.5535155534744263,0.7166717052459717,0.5,0.290204766635013,0.0,1.0,False,False,True,True,10047737856,ultrachat_382018::round_4|ultrachat_382018::round_5|ultrachat_382018::round_3|ultrachat_382018::round_1|ultrachat_382018::round_2,ultrachat_382018|ultrachat_382018|ultrachat_382018|ultrachat_382018|ultrachat_382018
37f165cf,MR,multi-session,2023/05/30 (Tue) 19:21,recency,5,0.0,0.0,0.0,0.0,0.0173999997059581,,,284,2,2,True,0,0,0,0,370.3697183098592,938,94,0.3309859154929577,0.601702921197448,0.0228771885697079,0.5535155534744263,0.7166717052459717,0.5,0.290204766635013,0.0,1.0,False,False,True,True,10047737856,ultrachat_382018::round_5|ultrachat_382018::round_4|ultrachat_382018::round_3|ultrachat_382018::round_2|ultrachat_382018::round_1,ultrachat_382018|ultrachat_382018|ultrachat_382018|ultrachat_382018|ultrachat_382018
37f165cf,MR,multi-session,2023/05/30 (Tue) 19:21,semantic,5,1.0,1.0,1.0,1.0,0.0869999994392856,,,284,2,2,True,0,0,0,0,370.3697183098592,938,94,0.3309859154929577,0.601702921197448,0.0228771885697079,0.5535155534744263,0.7166717052459717,0.5,0.290204766635013,0.0,1.0,False,False,True,True,10047737856,answer_6b9b2b1e_1::round_1|answer_6b9b2b1e_1::round_0|answer_6b9b2b1e_2::round_0|answer_6b9b2b1e_2::round_3|sharegpt_5m6qXKr_0::round_29,answer_6b9b2b1e_1|answer_6b9b2b1e_1|answer_6b9b2b1e_2|answer_6b9b2b1e_2|sharegpt_5m6qXKr_0
38146c39,IE,single-session-preference,2023/05/30 (Tue) 20:02,hybrid_raw,5,0.0,0.0,0.0,0.0,0.0779999991209479,,,271,1,1,True,0,0,0,0,393.99261992619927,2082,90,0.3321033210332103,0.6378799533931971,0.0268252365339319,0.5771229863166809,0.7186816334724426,0.5,0.2902783930920684,0.0,1.0,False,False,True,True,10048196608,87aaee77::round_5|87aaee77::round_3|87aaee77::round_4|sharegpt_9d6fP4m_81::round_1|sharegpt_yBVQLaX_15::round_2,87aaee77|87aaee77|87aaee77|sharegpt_9d6fP4m_81|sharegpt_yBVQLaX_15
38146c39,IE,single-session-preference,2023/05/30 (Tue) 20:02,recency,5,0.0,0.0,0.0,0.0,0.0161999996635131,,,271,1,1,True,0,0,0,0,393.99261992619927,2082,90,0.3321033210332103,0.6378799533931971,0.0268252365339319,0.5771229863166809,0.7186816334724426,0.5,0.2902783930920684,0.0,1.0,False,False,True,True,10048196608,sharegpt_yBVQLaX_15::round_2|sharegpt_yBVQLaX_15::round_1|sharegpt_yBVQLaX_15::round_0|sharegpt_9d6fP4m_81::round_3|sharegpt_9d6fP4m_81::round_2,sharegpt_yBVQLaX_15|sharegpt_yBVQLaX_15|sharegpt_yBVQLaX_15|sharegpt_9d6fP4m_81|sharegpt_9d6fP4m_81
38146c39,IE,single-session-preference,2023/05/30 (Tue) 20:02,semantic,5,0.0,0.0,0.0,0.0,0.0806999996711965,,,271,1,1,True,0,0,0,0,393.99261992619927,2082,90,0.3321033210332103,0.6378799533931971,0.0268252365339319,0.5771229863166809,0.7186816334724426,0.5,0.2902783930920684,0.0,1.0,False,False,True,True,10048196608,87aaee77::round_5|467db12a::round_4|286aa281_5::round_2|87472dfd_3::round_1|5806662d_1::round_4,87aaee77|467db12a|286aa281_5|87472dfd_3|5806662d_1
3c1045c8,MR,multi-session,2023/05/30 (Tue) 23:08,hybrid_raw,5,0.0,0.0,0.0,0.0,0.0792999999248422,,,275,2,2,True,0,0,0,0,368.1709090909091,2652,69,0.2509090909090909,0.6191727662086487,0.0271352321735204,0.5679875612258911,0.7477652430534363,0.5,0.2902549949012201,0.0,1.0,False,False,True,True,10047790080,89d84b83::round_5|ultrachat_299649::round_1|b52f03a1_1::round_5|b52f03a1_1::round_0|89d84b83::round_4,89d84b83|ultrachat_299649|b52f03a1_1|b52f03a1_1|89d84b83
3c1045c8,MR,multi-session,2023/05/30 (Tue) 23:08,recency,5,0.0,0.0,0.0,0.0,0.0169999993886449,,,275,2,2,True,0,0,0,0,368.1709090909091,2652,69,0.2509090909090909,0.6191727662086487,0.0271352321735204,0.5679875612258911,0.7477652430534363,0.5,0.2902549949012201,0.0,1.0,False,False,True,True,10047790080,ultrachat_299649::round_2|ultrachat_299649::round_1|ultrachat_299649::round_0|89d84b83::round_5|89d84b83::round_4,ultrachat_299649|ultrachat_299649|ultrachat_299649|89d84b83|89d84b83
3c1045c8,MR,multi-session,2023/05/30 (Tue) 23:08,semantic,5,0.5,1.0,0.5,0.5,0.0833000003694905,,,275,2,2,True,0,0,0,0,368.1709090909091,2652,69,0.2509090909090909,0.6191727662086487,0.0271352321735204,0.5679875612258911,0.7477652430534363,0.5,0.2902549949012201,0.0,1.0,False,False,True,True,10047790080,answer_c8cc60d6_2::round_0|sharegpt_GYqnAhC_190::round_10|sharegpt_oIB2JG9_0::round_6|sharegpt_GYqnAhC_190::round_11|sharegpt_GYqnAhC_190::round_5,answer_c8cc60d6_2|sharegpt_GYqnAhC_190|sharegpt_oIB2JG9_0|sharegpt_GYqnAhC_190|sharegpt_GYqnAhC_190
3d86fd0a,IE,single-session-user,2023/05/30 (Tue) 11:59,hybrid_raw,5,0.0,0.0,0.0,0.0,0.0755000000935979,,,265,1,1,True,0,0,0,0,402.4943396226415,2858,77,0.290566037735849,0.6034882097874048,0.0262296395287265,0.5525528192520142,0.7757974863052368,0.5,0.2903148194080379,0.0,1.0,False,False,True,True,10048258048,sharegpt_4L5LmyO_3::round_0|06d1a1a0::round_2|06d1a1a0::round_4|sharegpt_LA4bYER_0::round_1|06d1a1a0::round_3,sharegpt_4L5LmyO_3|06d1a1a0|06d1a1a0|sharegpt_LA4bYER_0|06d1a1a0
3d86fd0a,IE,single-session-user,2023/05/30 (Tue) 11:59,recency,5,0.0,0.0,0.0,0.0,0.0165000001288717,,,265,1,1,True,0,0,0,0,402.4943396226415,2858,77,0.290566037735849,0.6034882097874048,0.0262296395287265,0.5525528192520142,0.7757974863052368,0.5,0.2903148194080379,0.0,1.0,False,False,True,True,10048258048,sharegpt_4L5LmyO_3::round_0|sharegpt_qCpHDRF_0::round_0|sharegpt_oVpLO2c_2::round_0|sharegpt_LA4bYER_0::round_3|sharegpt_LA4bYER_0::round_2,sharegpt_4L5LmyO_3|sharegpt_qCpHDRF_0|sharegpt_oVpLO2c_2|sharegpt_LA4bYER_0|sharegpt_LA4bYER_0
3d86fd0a,IE,single-session-user,2023/05/30 (Tue) 11:59,semantic,5,1.0,1.0,1.0,1.0,0.0878999999258667,,,265,1,1,True,0,0,0,0,402.4943396226415,2858,77,0.290566037735849,0.6034882097874048,0.0262296395287265,0.5525528192520142,0.7757974863052368,0.5,0.2903148194080379,0.0,1.0,False,False,True,True,10048258048,answer_19c24c11::round_1|answer_19c24c11::round_2|answer_19c24c11::round_4|answer_19c24c11::round_3|cf8e352f_1::round_1,answer_19c24c11|answer_19c24c11|answer_19c24c11|answer_19c24c11|cf8e352f_1
3e321797,IE,single-session-assistant,2023/05/30 (Tue) 23:45,hybrid_raw,5,1.0,1.0,1.0,1.0,0.0737000000299303,,,246,1,1,True,0,0,0,0,433.9918699186992,856,98,0.3983739837398374,0.6017059487540547,0.0300820089147336,0.5460834503173828,0.8410731554031372,0.5000000000000001,0.2904419358795335,0.0,1.0,False,False,True,True,10048147456,answer_ultrachat_94624::round_0|sharegpt_l4wRaiy_13::round_1|sharegpt_l4wRaiy_13::round_0|sharegpt_l4wRaiy_13::round_4|sharegpt_l4wRaiy_13::round_3,answer_ultrachat_94624|sharegpt_l4wRaiy_13|sharegpt_l4wRaiy_13|sharegpt_l4wRaiy_13|sharegpt_l4wRaiy_13
3e321797,IE,single-session-assistant,2023/05/30 (Tue) 23:45,recency,5,0.0,0.0,0.0,0.0,0.0161000007210532,,,246,1,1,True,0,0,0,0,433.9918699186992,856,98,0.3983739837398374,0.6017059487540547,0.0300820089147336,0.5460834503173828,0.8410731554031372,0.5000000000000001,0.2904419358795335,0.0,1.0,False,False,True,True,10048147456,sharegpt_l4wRaiy_13::round_4|sharegpt_l4wRaiy_13::round_3|sharegpt_l4wRaiy_13::round_2|sharegpt_l4wRaiy_13::round_1|sharegpt_l4wRaiy_13::round_0,sharegpt_l4wRaiy_13|sharegpt_l4wRaiy_13|sharegpt_l4wRaiy_13|sharegpt_l4wRaiy_13|sharegpt_l4wRaiy_13
3e321797,IE,single-session-assistant,2023/05/30 (Tue) 23:45,semantic,5,1.0,1.0,1.0,1.0,0.0748000002204207,,,246,1,1,True,0,0,0,0,433.9918699186992,856,98,0.3983739837398374,0.6017059487540547,0.0300820089147336,0.5460834503173828,0.8410731554031372,0.5000000000000001,0.2904419358795335,0.0,1.0,False,False,True,True,10048147456,answer_ultrachat_94624::round_0|answer_ultrachat_94624::round_3|sharegpt_EZmhz8p_0::round_0|answer_ultrachat_94624::round_2|answer_ultrachat_94624::round_1,answer_ultrachat_94624|answer_ultrachat_94624|sharegpt_EZmhz8p_0|answer_ultrachat_94624|answer_ultrachat_94624
3f1e9474,IE,single-session-user,2023/05/30 (Tue) 22:08,hybrid_raw,5,0.0,0.0,0.0,0.0,0.0767999999879975,,,260,1,1,True,0,0,0,0,402.37307692307695,1444,85,0.3269230769230769,0.6261597653994193,0.0251177078256908,0.5833393335342407,0.7214787006378174,0.5,0.2903464634829455,0.0,1.0,False,False,True,True,10048368640,sharegpt_wWUI4SO_7::round_0|954d4451_2::round_4|954d4451_2::round_5|sharegpt_wWUI4SO_7::round_1|afec1061_1::round_5,sharegpt_wWUI4SO_7|954d4451_2|954d4451_2|sharegpt_wWUI4SO_7|afec1061_1
3f1e9474,IE,single-session-user,2023/05/30 (Tue) 22:08,recency,5,0.0,0.0,0.0,0.0,0.0157999998009472,,,260,1,1,True,0,0,0,0,402.37307692307695,1444,85,0.3269230769230769,0.6261597653994193,0.0251177078256908,0.5833393335342407,0.7214787006378174,0.5,0.2903464634829455,0.0,1.0,False,False,True,True,10048368640,954d4451_2::round_5|954d4451_2::round_4|954d4451_2::round_3|954d4451_2::round_2|954d4451_2::round_1,954d4451_2|954d4451_2|954d4451_2|954d4451_2|954d4451_2
3f1e9474,IE,single-session-user,2023/05/30 (Tue) 22:08,semantic,5,0.0,0.0,0.0,0.0,0.076099999660073,,,260,1,1,True,0,0,0,0,402.37307692307695,1444,85,0.3269230769230769,0.6261597653994193,0.0251177078256908,0.5833393335342407,0.7214787006378174,0.5,0.2903464634829455,0.0,1.0,False,False,True,True,10048368640,sharegpt_cM3OvaA_0::round_0|sharegpt_RydEkGL_17::round_4|205f348b_2::round_1|sharegpt_kkqlRlo_13::round_2|ultrachat_442101::round_5,sharegpt_cM3OvaA_0|sharegpt_RydEkGL_17|205f348b_2|sharegpt_kkqlRlo_13|ultrachat_442101
3fe836c9,MR,multi-session,2023/05/30 (Tue) 18:41,hybrid_raw,5,0.5,1.0,0.5,0.5,0.0668000002406188,,,225,2,2,True,0,0,0,0,471.12,3323,102,0.4533333333333333,0.6042114559809367,0.0326374360819038,0.5571931600570679,0.7602871656417847,0.5,0.2906075126404361,0.0,1.0,False,False,True,True,10048122880,answer_1bb63ea5_1::round_0|answer_1bb63ea5_1::round_2|answer_1bb63ea5_1::round_1|a3cfa973::round_5|answer_1bb63ea5_1::round_3,answer_1bb63ea5_1|answer_1bb63ea5_1|answer_1bb63ea5_1|a3cfa973|answer_1bb63ea5_1
3fe836c9,MR,multi-session,2023/05/30 (Tue) 18:41,recency,5,0.0,0.0,0.0,0.0,0.0149999996210681,,,225,2,2,True,0,0,0,0,471.12,3323,102,0.4533333333333333,0.6042114559809367,0.0326374360819038,0.5571931600570679,0.7602871656417847,0.5,0.2906075126404361,0.0,1.0,False,False,True,True,10048122880,a3cfa973::round_5|a3cfa973::round_4|a3cfa973::round_3|a3cfa973::round_2|a3cfa973::round_1,a3cfa973|a3cfa973|a3cfa973|a3cfa973|a3cfa973
3fe836c9,MR,multi-session,2023/05/30 (Tue) 18:41,semantic,5,1.0,1.0,1.0,1.0,0.0674000002618413,,,225,2,2,True,0,0,0,0,471.12,3323,102,0.4533333333333333,0.6042114559809367,0.0326374360819038,0.5571931600570679,0.7602871656417847,0.5,0.2906075126404361,0.0,1.0,False,False,True,True,10048122880,answer_1bb63ea5_2::round_0|answer_1bb63ea5_1::round_0|answer_1bb63ea5_1::round_2|answer_1bb63ea5_2::round_1|answer_1bb63ea5_1::round_1,answer_1bb63ea5_2|answer_1bb63ea5_1|answer_1bb63ea5_1|answer_1bb63ea5_2|answer_1bb63ea5_1
41275add,IE,single-session-assistant,2023/05/30 (Tue) 14:25,hybrid_raw,5,0.0,0.0,0.0,0.0,0.0752000000829866,,,267,1,1,True,0,0,0,0,397.3820224719101,954,76,0.2846441947565543,0.6203961385769791,0.0249358435315298,0.569041907787323,0.8644290566444397,0.5,0.290302494770947,0.0,1.0,False,False,True,True,10047920128,ultrachat_351310::round_6|ultrachat_351310::round_5|d4f35ad9::round_2|d4f35ad9::round_5|ultrachat_351310::round_2,ultrachat_351310|ultrachat_351310|d4f35ad9|d4f35ad9|ultrachat_351310
41275add,IE,single-session-assistant,2023/05/30 (Tue) 14:25,recency,5,0.0,0.0,0.0,0.0,0.016800000139483,,,267,1,1,True,0,0,0,0,397.3820224719101,954,76,0.2846441947565543,0.6203961385769791,0.0249358435315298,0.569041907787323,0.8644290566444397,0.5,0.290302494770947,0.0,1.0,False,False,True,True,10047920128,ultrachat_351310::round_6|ultrachat_351310::round_5|ultrachat_351310::round_4|ultrachat_351310::round_3|ultrachat_351310::round_2,ultrachat_351310|ultrachat_351310|ultrachat_351310|ultrachat_351310|ultrachat_351310
41275add,IE,single-session-assistant,2023/05/30 (Tue) 14:25,semantic,5,1.0,1.0,1.0,1.0,0.082600000041566,,,267,1,1,True,0,0,0,0,397.3820224719101,954,76,0.2846441947565543,0.6203961385769791,0.0249358435315298,0.569041907787323,0.8644290566444397,0.5,0.290302494770947,0.0,1.0,False,False,True,True,10047920128,answer_sharegpt_81riySf_0::round_0|53fe2138::round_2|a68db5db_1::round_4|b3619c2c::round_4|b3619c2c::round_1,answer_sharegpt_81riySf_0|53fe2138|a68db5db_1|b3619c2c|b3619c2c
41698283,KU,knowledge-update,2023/09/21 (Thu) 08:41,hybrid_raw,5,0.0,0.0,0.5,0.0,0.0706000000718631,,,241,2,2,False,0,0,0,0,434.37759336099583,851,90,0.3734439834024896,0.6190080125796844,0.0363476336964966,0.5651325583457947,0.788711667060852,0.5,0.2904787316113152,0.0,1.0,False,False,True,True,10048430080,answer_c7ddc051_2::round_5|answer_c7ddc051_2::round_4|answer_c7ddc051_2::round_2|answer_c7ddc051_2::round_1|answer_c7ddc051_2::round_3,answer_c7ddc051_2|answer_c7ddc051_2|answer_c7ddc051_2|answer_c7ddc051_2|answer_c7ddc051_2
41698283,KU,knowledge-update,2023/09/21 (Thu) 08:41,recency,5,0.0,0.0,0.5,0.0,0.01810000048863,,,241,2,2,False,0,0,0,0,434.37759336099583,851,90,0.3734439834024896,0.6190080125796844,0.0363476336964966,0.5651325583457947,0.788711667060852,0.5,0.2904787316113152,0.0,1.0,False,False,True,True,10048430080,answer_c7ddc051_2::round_5|answer_c7ddc051_2::round_4|answer_c7ddc051_2::round_3|answer_c7ddc051_2::round_2|answer_c7ddc051_2::round_1,answer_c7ddc051_2|answer_c7ddc051_2|answer_c7ddc051_2|answer_c7ddc051_2|answer_c7ddc051_2
41698283,KU,knowledge-update,2023/09/21 (Thu) 08:41,semantic,5,0.5,1.0,1.0,0.5,0.0807999995231512,,,241,2,2,False,0,0,0,0,434.37759336099583,851,90,0.3734439834024896,0.6190080125796844,0.0363476336964966,0.5651325583457947,0.788711667060852,0.5,0.2904787316113152,0.0,1.0,False,False,True,True,10048430080,answer_c7ddc051_2::round_4|answer_c7ddc051_2::round_5|answer_c7ddc051_1::round_1|431ae25c::round_1|431ae25c::round_4,answer_c7ddc051_2|answer_c7ddc051_2|answer_c7ddc051_1|431ae25c|431ae25c
42ec0761,KU,knowledge-update,2023/08/31 (Thu) 00:39,hybrid_raw,5,1.0,1.0,1.0,1.0,0.0738999997338396,,,265,2,2,False,0,0,0,0,393.03018867924527,882,77,0.290566037735849,0.6227201673219789,0.0290623926837955,0.5627568364143372,0.8002137541770935,0.5,0.2903148194080379,0.0,1.0,False,False,True,True,10048356352,answer_e3892371_2::round_2|answer_e3892371_1::round_2|answer_e3892371_2::round_3|answer_e3892371_2::round_5|answer_e3892371_1::round_5,answer_e3892371_2|answer_e3892371_1|answer_e3892371_2|answer_e3892371_2|answer_e3892371_1
42ec0761,KU,knowledge-update,2023/08/31 (Thu) 00:39,recency,5,0.0,0.0,0.0,0.0,0.0270000000455183,,,265,2,2,False,0,0,0,0,393.03018867924527,882,77,0.290566037735849,0.6227201673219789,0.0290623926837955,0.5627568364143372,0.8002137541770935,0.5,0.2903148194080379,0.0,1.0,False,False,True,True,10048356352,sharegpt_uZwFWTJ_43::round_1|sharegpt_uZwFWTJ_43::round_0|sharegpt_IzTNolG_29::round_4|sharegpt_IzTNolG_29::round_3|sharegpt_IzTNolG_29::round_2,sharegpt_uZwFWTJ_43|sharegpt_uZwFWTJ_43|sharegpt_IzTNolG_29|sharegpt_IzTNolG_29|sharegpt_IzTNolG_29
42ec0761,KU,knowledge-update,2023/08/31 (Thu) 00:39,semantic,5,1.0,1.0,1.0,1.0,0.0768999998399522,,,265,2,2,False,0,0,0,0,393.03018867924527,882,77,0.290566037735849,0.6227201673219789,0.0290623926837955,0.5627568364143372,0.8002137541770935,0.5,0.2903148194080379,0.0,1.0,False,False,True,True,10048356352,answer_e3892371_2::round_2|answer_e3892371_1::round_2|answer_e3892371_2::round_3|answer_e3892371_1::round_5|sharegpt_S0mG9La_54::round_1,answer_e3892371_2|answer_e3892371_1|answer_e3892371_2|answer_e3892371_1|sharegpt_S0mG9La_54
4388e9dd,IE,single-session-assistant,2023/05/30 (Tue) 20:43,hybrid_raw,5,0.0,0.0,0.0,0.0,0.0727999999980966,,,240,1,1,True,0,0,0,0,436.8125,3318,99,0.4125,0.6147481565674145,0.0336499204478331,0.5597304105758667,0.7983763813972473,0.5,0.2904862754428415,0.0,1.0,False,False,True,True,10047944704,cfd21744_2::round_5|5a5e9175::round_4|5a5e9175::round_5|cfd21744_2::round_4|cfd21744_2::round_3,cfd21744_2|5a5e9175|5a5e9175|cfd21744_2|cfd21744_2
4388e9dd,IE,single-session-assistant,2023/05/30 (Tue) 20:43,recency,5,0.0,0.0,0.0,0.0,0.0151999997797247,,,240,1,1,True,0,0,0,0,436.8125,3318,99,0.4125,0.6147481565674145,0.0336499204478331,0.5597304105758667,0.7983763813972473,0.5,0.2904862754428415,0.0,1.0,False,False,True,True,10047944704,5a5e9175::round_5|5a5e9175::round_4|5a5e9175::round_3|5a5e9175::round_2|5a5e9175::round_1,5a5e9175|5a5e9175|5a5e9175|5a5e9175|5a5e9175
4388e9dd,IE,single-session-assistant,2023/05/30 (Tue) 20:43,semantic,5,1.0,1.0,1.0,1.0,0.0732000003154098,,,240,1,1,True,0,0,0,0,436.8125,3318,99,0.4125,0.6147481565674145,0.0336499204478331,0.5597304105758667,0.7983763813972473,0.5,0.2904862754428415,0.0,1.0,False,False,True,True,10047944704,answer_sharegpt_qTi81nS_0::round_0|answer_sharegpt_qTi81nS_0::round_1|answer_sharegpt_qTi81nS_0::round_2|sharegpt_2LrB18X_51::round_4|sharegpt_2LrB18X_51::round_1,answer_sharegpt_qTi81nS_0|answer_sharegpt_qTi81nS_0|answer_sharegpt_qTi81nS_0|sharegpt_2LrB18X_51|sharegpt_2LrB18X_51
45dc21b6,KU,knowledge-update,2023/06/16 (Fri) 17:33,hybrid_raw,5,0.0,0.0,0.0,0.0,0.0754999991841032,,,243,2,2,False,0,0,0,0,431.3415637860082,1854,99,0.4074074074074074,0.6089001540784482,0.0168635520574512,0.5782829523086548,0.6732238531112671,0.5,0.2904638309221483,0.0,1.0,False,False,True,True,10048147456,2f57c190_1::round_5|2f57c190_1::round_2|2f57c190_1::round_4|2f57c190_1::round_1|ultrachat_106496::round_4,2f57c190_1|2f57c190_1|2f57c190_1|2f57c190_1|ultrachat_106496
45dc21b6,KU,knowledge-update,2023/06/16 (Fri) 17:33,recency,5,0.0,0.0,0.0,0.0,0.0264000000242958,,,243,2,2,False,0,0,0,0,431.3415637860082,1854,99,0.4074074074074074,0.6089001540784482,0.0168635520574512,0.5782829523086548,0.6732238531112671,0.5,0.2904638309221483,0.0,1.0,False,False,True,True,10048147456,2f57c190_1::round_5|2f57c190_1::round_4|2f57c190_1::round_3|2f57c190_1::round_2|2f57c190_1::round_1,2f57c190_1|2f57c190_1|2f57c190_1|2f57c190_1|2f57c190_1
45dc21b6,KU,knowledge-update,2023/06/16 (Fri) 17:33,semantic,5,0.5,1.0,0.5,0.5,0.0748000002204207,,,243,2,2,False,0,0,0,0,431.3415637860082,1854,99,0.4074074074074074,0.6089001540784482,0.0168635520574512,0.5782829523086548,0.6732238531112671,0.5,0.2904638309221483,0.0,1.0,False,False,True,True,10048147456,answer_07664d43_1::round_0|f43d9ae5::round_3|ultrachat_149914::round_3|sharegpt_yZ6yXnQ_0::round_1|sharegpt_NSacJOD_0::round_0,answer_07664d43_1|f43d9ae5|ultrachat_149914|sharegpt_yZ6yXnQ_0|sharegpt_NSacJOD_0
46a3abf7,MR,multi-session,2023/05/30 (Tue) 21:36,hybrid_raw,5,0.0,0.0,0.0,0.0,0.074799999310926,,,255,3,3,True,0,0,0,0,414.2627450980392,893,88,0.3450980392156862,0.6296675625969382,0.0296706367794783,0.558198869228363,0.7494065761566162,0.5,0.2903793529856027,0.0,1.0,False,False,True,True,10047737856,28eb86ab::round_0|f0aefff8::round_5|28eb86ab::round_5|c37d1365_1::round_2|28eb86ab::round_1,28eb86ab|f0aefff8|28eb86ab|c37d1365_1|28eb86ab
46a3abf7,MR,multi-session,2023/05/30 (Tue) 21:36,recency,5,0.0,0.0,0.0,0.0,0.0156999994942452,,,255,3,3,True,0,0,0,0,414.2627450980392,893,88,0.3450980392156862,0.6296675625969382,0.0296706367794783,0.558198869228363,0.7494065761566162,0.5,0.2903793529856027,0.0,1.0,False,False,True,True,10047737856,f0aefff8::round_5|f0aefff8::round_4|f0aefff8::round_3|f0aefff8::round_2|f0aefff8::round_1,f0aefff8|f0aefff8|f0aefff8|f0aefff8|f0aefff8
46a3abf7,MR,multi-session,2023/05/30 (Tue) 21:36,semantic,5,0.3333333333333333,1.0,0.6666666666666666,0.3333333333333333,0.0763999996706843,,,255,3,3,True,0,0,0,0,414.2627450980392,893,88,0.3450980392156862,0.6296675625969382,0.0296706367794783,0.558198869228363,0.7494065761566162,0.5,0.2903793529856027,0.0,1.0,False,False,True,True,10047737856,answer_c65042d7_2::round_5|answer_c65042d7_3::round_5|answer_c65042d7_2::round_4|answer_c65042d7_2::round_2|answer_c65042d7_2::round_0,answer_c65042d7_2|answer_c65042d7_3|answer_c65042d7_2|answer_c65042d7_2|answer_c65042d7_2
4bc144e2,MR,multi-session,2023/05/30 (Tue) 22:46,hybrid_raw,5,0.5,1.0,0.5,0.5,0.0754000002416432,,,269,2,2,True,0,0,0,0,392.52788104089217,853,85,0.3159851301115242,0.6120299987190275,0.0403737404946875,0.561989963054657,0.8054507970809937,0.5,0.2902903540273867,0.0,1.0,False,False,True,True,10048282624,answer_9ef115d4_2::round_1|answer_9ef115d4_2::round_2|42bcee92_2::round_5|42bcee92_2::round_3|answer_9ef115d4_2::round_0,answer_9ef115d4_2|answer_9ef115d4_2|42bcee92_2|42bcee92_2|answer_9ef115d4_2
4bc144e2,MR,multi-session,2023/05/30 (Tue) 22:46,recency,5,0.0,0.0,0.0,0.0,0.016499999219377,,,269,2,2,True,0,0,0,0,392.52788104089217,853,85,0.3159851301115242,0.6120299987190275,0.0403737404946875,0.561989963054657,0.8054507970809937,0.5,0.2902903540273867,0.0,1.0,False,False,True,True,10048282624,42bcee92_2::round_5|42bcee92_2::round_4|42bcee92_2::round_3|42bcee92_2::round_2|42bcee92_2::round_1,42bcee92_2|42bcee92_2|42bcee92_2|42bcee92_2|42bcee92_2
4bc144e2,MR,multi-session,2023/05/30 (Tue) 22:46,semantic,5,1.0,1.0,1.0,1.0,0.0786000000516651,,,269,2,2,True,0,0,0,0,392.52788104089217,853,85,0.3159851301115242,0.6120299987190275,0.0403737404946875,0.561989963054657,0.8054507970809937,0.5,0.2902903540273867,0.0,1.0,False,False,True,True,10048282624,answer_9ef115d4_1::round_2|answer_9ef115d4_1::round_1|answer_9ef115d4_1::round_0|answer_9ef115d4_2::round_1|answer_9ef115d4_2::round_2,answer_9ef115d4_1|answer_9ef115d4_1|answer_9ef115d4_1|answer_9ef115d4_2|answer_9ef115d4_2
4c36ccef,IE,single-session-assistant,2023/05/30 (Tue) 23:29,hybrid_raw,5,1.0,1.0,1.0,1.0,0.0777999994170386,,,267,1,1,True,0,0,0,0,397.6704119850188,1310,82,0.3071161048689138,0.6332678875226653,0.0323656442297416,0.5733592510223389,0.7969397306442261,0.5,0.290302494770947,0.0,1.0,False,False,True,True,10047737856,answer_ultrachat_448704::round_1|answer_ultrachat_448704::round_2|answer_ultrachat_448704::round_0|answer_ultrachat_448704::round_3|5fc83435_2::round_0,answer_ultrachat_448704|answer_ultrachat_448704|answer_ultrachat_448704|answer_ultrachat_448704|5fc83435_2
4c36ccef,IE,single-session-assistant,2023/05/30 (Tue) 23:29,recency,5,0.0,0.0,0.0,0.0,0.0164000002769171,,,267,1,1,True,0,0,0,0,397.6704119850188,1310,82,0.3071161048689138,0.6332678875226653,0.0323656442297416,0.5733592510223389,0.7969397306442261,0.5,0.290302494770947,0.0,1.0,False,False,True,True,10047737856,ultrachat_402904::round_2|ultrachat_402904::round_1|ultrachat_402904::round_0|sharegpt_2Q1uW7b_0::round_1|sharegpt_2Q1uW7b_0::round_0,ultrachat_402904|ultrachat_402904|ultrachat_402904|sharegpt_2Q1uW7b_0|sharegpt_2Q1uW7b_0
4c36ccef,IE,single-session-assistant,2023/05/30 (Tue) 23:29,semantic,5,1.0,1.0,1.0,1.0,0.0812000007499591,,,267,1,1,True,0,0,0,0,397.6704119850188,1310,82,0.3071161048689138,0.6332678875226653,0.0323656442297416,0.5733592510223389,0.7969397306442261,0.5,0.290302494770947,0.0,1.0,False,False,True,True,10047737856,answer_ultrachat_448704::round_1|answer_ultrachat_448704::round_2|answer_ultrachat_448704::round_0|answer_ultrachat_448704::round_3|sharegpt_m8F4NxL_0::round_0,answer_ultrachat_448704|answer_ultrachat_448704|answer_ultrachat_448704|answer_ultrachat_448704|sharegpt_m8F4NxL_0
4d6b87c8,KU,knowledge-update,2023/06/03 (Sat) 15:47,hybrid_raw,5,0.0,0.0,0.0,0.0,0.0748000002204207,,,259,2,2,False,0,0,0,0,397.030888030888,861,85,0.3281853281853282,0.6062490123119133,0.021860383470336,0.5452396273612976,0.7267534136772156,0.5,0.2903529394329141,0.0,1.0,False,False,True,True,10048147456,4dd737a9_1::round_5|4dd737a9_1::round_1|4dd737a9_1::round_2|4dd737a9_1::round_0|4dd737a9_1::round_4,4dd737a9_1|4dd737a9_1|4dd737a9_1|4dd737a9_1|4dd737a9_1
4d6b87c8,KU,knowledge-update,2023/06/03 (Sat) 15:47,recency,5,0.0,0.0,0.0,0.0,0.0234999997701379,,,259,2,2,False,0,0,0,0,397.030888030888,861,85,0.3281853281853282,0.6062490123119133,0.021860383470336,0.5452396273612976,0.7267534136772156,0.5,0.2903529394329141,0.0,1.0,False,False,True,True,10048147456,4dd737a9_1::round_5|4dd737a9_1::round_4|4dd737a9_1::round_3|4dd737a9_1::round_2|4dd737a9_1::round_1,4dd737a9_1|4dd737a9_1|4dd737a9_1|4dd737a9_1|4dd737a9_1
4d6b87c8,KU,knowledge-update,2023/06/03 (Sat) 15:47,semantic,5,0.5,1.0,0.5,0.5,0.0785000001997104,,,259,2,2,False,0,0,0,0,397.030888030888,861,85,0.3281853281853282,0.6062490123119133,0.021860383470336,0.5452396273612976,0.7267534136772156,0.5,0.2903529394329141,0.0,1.0,False,False,True,True,10048147456,answer_766ab8da_2::round_5|4dd737a9_1::round_1|answer_766ab8da_2::round_1|a0201607_3::round_2|ultrachat_40253::round_6,answer_766ab8da_2|4dd737a9_1|answer_766ab8da_2|a0201607_3|ultrachat_40253
4fd1909e,IE,single-session-user,2023/05/30 (Tue) 18:25,hybrid_raw,5,0.0,0.0,0.0,0.0,0.0799999997980194,,,279,1,1,True,0,0,0,0,381.57706093189967,1194,75,0.2688172043010752,0.6047861212897899,0.0252432656890431,0.553088366985321,0.7734053134918213,0.5,0.2902322698409253,0.0,1.0,False,False,True,True,10047737856,ultrachat_186237::round_1|ultrachat_186237::round_0|ultrachat_186237::round_2|502b6b52_2::round_5|502b6b52_2::round_1,ultrachat_186237|ultrachat_186237|ultrachat_186237|502b6b52_2|502b6b52_2
4fd1909e,IE,single-session-user,2023/05/30 (Tue) 18:25,recency,5,0.0,0.0,0.0,0.0,0.0178000000232714,,,279,1,1,True,0,0,0,0,381.57706093189967,1194,75,0.2688172043010752,0.6047861212897899,0.0252432656890431,0.553088366985321,0.7734053134918213,0.5,0.2902322698409253,0.0,1.0,False,False,True,True,10047737856,ultrachat_186237::round_2|ultrachat_186237::round_1|ultrachat_186237::round_0|502b6b52_2::round_5|502b6b52_2::round_4,ultrachat_186237|ultrachat_186237|ultrachat_186237|502b6b52_2|502b6b52_2
4fd1909e,IE,single-session-user,2023/05/30 (Tue) 18:25,semantic,5,1.0,1.0,1.0,1.0,0.084199999946577,,,279,1,1,True,0,0,0,0,381.57706093189967,1194,75,0.2688172043010752,0.6047861212897899,0.0252432656890431,0.553088366985321,0.7734053134918213,0.5,0.2902322698409253,0.0,1.0,False,False,True,True,10047737856,answer_2952aee4::round_1|answer_2952aee4::round_2|answer_2952aee4::round_0|answer_2952aee4::round_3|answer_2952aee4::round_4,answer_2952aee4|answer_2952aee4|answer_2952aee4|answer_2952aee4|answer_2952aee4
5025383b,MR,multi-session,2023/05/30 (Tue) 19:49,hybrid_raw,5,0.5,1.0,0.5,0.5,0.067299999500392,,,226,2,2,True,0,0,0,0,458.4380530973451,3305,94,0.415929203539823,0.6328442444843528,0.0285988928824448,0.5755847096443176,0.750022292137146,0.5,0.2905989274335237,0.0,1.0,False,False,True,True,10047737856,answer_688f9a3f_2::round_3|answer_688f9a3f_2::round_1|answer_688f9a3f_2::round_2|answer_688f9a3f_2::round_0|answer_688f9a3f_2::round_4,answer_688f9a3f_2|answer_688f9a3f_2|answer_688f9a3f_2|answer_688f9a3f_2|answer_688f9a3f_2
5025383b,MR,multi-session,2023/05/30 (Tue) 19:49,recency,5,0.5,1.0,0.5,0.5,0.0143999995998456,,,226,2,2,True,0,0,0,0,458.4380530973451,3305,94,0.415929203539823,0.6328442444843528,0.0285988928824448,0.5755847096443176,0.750022292137146,0.5,0.2905989274335237,0.0,1.0,False,False,True,True,10047737856,answer_688f9a3f_2::round_5|answer_688f9a3f_2::round_4|answer_688f9a3f_2::round_3|answer_688f9a3f_2::round_2|answer_688f9a3f_2::round_1,answer_688f9a3f_2|answer_688f9a3f_2|answer_688f9a3f_2|answer_688f9a3f_2|answer_688f9a3f_2
5025383b,MR,multi-session,2023/05/30 (Tue) 19:49,semantic,5,0.5,1.0,1.0,0.5,0.0690999995640595,,,226,2,2,True,0,0,0,0,458.4380530973451,3305,94,0.415929203539823,0.6328442444843528,0.0285988928824448,0.5755847096443176,0.750022292137146,0.5,0.2905989274335237,0.0,1.0,False,False,True,True,10047737856,answer_688f9a3f_2::round_3|answer_688f9a3f_2::round_1|answer_688f9a3f_2::round_2|answer_688f9a3f_1::round_5|answer_688f9a3f_1::round_4,answer_688f9a3f_2|answer_688f9a3f_2|answer_688f9a3f_2|answer_688f9a3f_1|answer_688f9a3f_1
51c32626,MR,multi-session,2023/05/30 (Tue) 16:23,hybrid_raw,5,0.5,1.0,0.5,0.5,0.0740999994377489,,,249,2,2,True,0,0,0,0,424.0120481927711,1001,93,0.3734939759036144,0.6184720566952564,0.0228610954807785,0.5746403932571411,0.7820433378219604,0.5,0.2904205703808051,0.0,1.0,False,False,True,True,10047737856,answer_58820c75_2::round_4|sharegpt_TRck0h4_0::round_1|2ec2813b_1::round_2|2ec2813b_1::round_0|sharegpt_TRck0h4_0::round_0,answer_58820c75_2|sharegpt_TRck0h4_0|2ec2813b_1|2ec2813b_1|sharegpt_TRck0h4_0
51c32626,MR,multi-session,2023/05/30 (Tue) 16:23,recency,5,0.0,0.0,0.0,0.0,0.0160999998115585,,,249,2,2,True,0,0,0,0,424.0120481927711,1001,93,0.3734939759036144,0.6184720566952564,0.0228610954807785,0.5746403932571411,0.7820433378219604,0.5,0.2904205703808051,0.0,1.0,False,False,True,True,10047737856,sharegpt_TRck0h4_0::round_1|sharegpt_TRck0h4_0::round_0|2ec2813b_1::round_5|2ec2813b_1::round_4|2ec2813b_1::round_3,sharegpt_TRck0h4_0|sharegpt_TRck0h4_0|2ec2813b_1|2ec2813b_1|2ec2813b_1
51c32626,MR,multi-session,2023/05/30 (Tue) 16:23,semantic,5,0.5,1.0,0.5,0.5,0.0767000001360429,,,249,2,2,True,0,0,0,0,424.0120481927711,1001,93,0.3734939759036144,0.6184720566952564,0.0228610954807785,0.5746403932571411,0.7820433378219604,0.5,0.2904205703808051,0.0,1.0,False,False,True,True,10047737856,answer_58820c75_2::round_4|sharegpt_hzwc0HI_13::round_1|932a97c6::round_4|ultrachat_315479::round_2|fb62ade8::round_1,answer_58820c75_2|sharegpt_hzwc0HI_13|932a97c6|ultrachat_315479|fb62ade8
55241a1f,MR,multi-session,2023/05/30 (Tue) 21:57,hybrid_raw,5,0.0,0.0,0.0,0.0,0.0740999994377489,,,260,2,2,True,0,0,0,0,409.5269230769231,1330,100,0.3846153846153846,0.6248169259383128,0.0295746938242413,0.563083827495575,0.7669510245323181,0.5,0.2903464634829455,0.0,1.0,False,False,True,True,10047737856,sharegpt_TzwvePR_0::round_6|sharegpt_TzwvePR_0::round_7|sharegpt_TzwvePR_0::round_9|sharegpt_TzwvePR_0::round_8|sharegpt_TzwvePR_0::round_10,sharegpt_TzwvePR_0|sharegpt_TzwvePR_0|sharegpt_TzwvePR_0|sharegpt_TzwvePR_0|sharegpt_TzwvePR_0
55241a1f,MR,multi-session,2023/05/30 (Tue) 21:57,recency,5,0.0,0.0,0.0,0.0,0.0159999999596038,,,260,2,2,True,0,0,0,0,409.5269230769231,1330,100,0.3846153846153846,0.6248169259383128,0.0295746938242413,0.563083827495575,0.7669510245323181,0.5,0.2903464634829455,0.0,1.0,False,False,True,True,10047737856,sharegpt_TzwvePR_0::round_10|sharegpt_TzwvePR_0::round_9|sharegpt_TzwvePR_0::round_8|sharegpt_TzwvePR_0::round_7|sharegpt_TzwvePR_0::round_6,sharegpt_TzwvePR_0|sharegpt_TzwvePR_0|sharegpt_TzwvePR_0|sharegpt_TzwvePR_0|sharegpt_TzwvePR_0
55241a1f,MR,multi-session,2023/05/30 (Tue) 21:57,semantic,5,0.5,1.0,1.0,0.5,0.0781999997343518,,,260,2,2,True,0,0,0,0,409.5269230769231,1330,100,0.3846153846153846,0.6248169259383128,0.0295746938242413,0.563083827495575,0.7669510245323181,0.5,0.2903464634829455,0.0,1.0,False,False,True,True,10047737856,answer_fa08bf49_2::round_0|answer_fa08bf49_1::round_2|answer_fa08bf49_2::round_3|answer_fa08bf49_1::round_0|answer_fa08bf49_1::round_1,answer_fa08bf49_2|answer_fa08bf49_1|answer_fa08bf49_2|answer_fa08bf49_1|answer_fa08bf49_1
5831f84d,KU,knowledge-update,2023/10/05 (Thu) 05:19,hybrid_raw,5,0.0,0.0,0.0,0.0,0.0636000004305969,,,213,2,2,False,0,0,1,0,487.8967136150235,886,106,0.4976525821596244,0.6101335723635176,0.0235074642029449,0.56571364402771,0.7050560712814331,0.4999999999999999,0.2907168501047922,0.0,1.0,False,False,True,True,10048270336,sharegpt_ofljChm_78::round_2|sharegpt_ofljChm_78::round_1|sharegpt_ofljChm_78::round_3|sharegpt_ofljChm_78::round_4|sharegpt_ofljChm_78::round_0,sharegpt_ofljChm_78|sharegpt_ofljChm_78|sharegpt_ofljChm_78|sharegpt_ofljChm_78|sharegpt_ofljChm_78
5831f84d,KU,knowledge-update,2023/10/05 (Thu) 05:19,recency,5,0.0,0.0,0.0,0.0,0.0172999998540035,,,213,2,2,False,0,0,1,0,487.8967136150235,886,106,0.4976525821596244,0.6101335723635176,0.0235074642029449,0.56571364402771,0.7050560712814331,0.4999999999999999,0.2907168501047922,0.0,1.0,False,False,True,True,10048270336,sharegpt_ofljChm_78::round_4|sharegpt_ofljChm_78::round_3|sharegpt_ofljChm_78::round_2|sharegpt_ofljChm_78::round_1|sharegpt_ofljChm_78::round_0,sharegpt_ofljChm_78|sharegpt_ofljChm_78|sharegpt_ofljChm_78|sharegpt_ofljChm_78|sharegpt_ofljChm_78
5831f84d,KU,knowledge-update,2023/10/05 (Thu) 05:19,semantic,5,1.0,1.0,1.0,1.0,0.0643000003037741,,,213,2,2,False,0,0,1,0,487.8967136150235,886,106,0.4976525821596244,0.6101335723635176,0.0235074642029449,0.56571364402771,0.7050560712814331,0.4999999999999999,0.2907168501047922,0.0,1.0,False,False,True,True,10048270336,answer_8d63a897_1::round_0|answer_8d63a897_1::round_4|answer_8d63a897_2::round_0|7a88956e::round_1|sharegpt_3Rk1i3g_0::round_2,answer_8d63a897_1|answer_8d63a897_1|answer_8d63a897_2|7a88956e|sharegpt_3Rk1i3g_0
5a4f22c0,KU,knowledge-update,2023/06/21 (Wed) 13:02,hybrid_raw,5,0.0,0.0,0.0,0.0,0.075200000537734,,,245,2,2,False,0,0,0,0,433.9551020408163,963,96,0.3918367346938775,0.5992434462722467,0.0227672292106801,0.5626598000526428,0.6950820684432983,0.5,0.2904491744246232,0.0,1.0,False,False,True,True,10047737856,ultrachat_495393::round_4|1813a791::round_3|ultrachat_495393::round_5|1813a791::round_1|ultrachat_495393::round_1,ultrachat_495393|1813a791|ultrachat_495393|1813a791|ultrachat_495393
5a4f22c0,KU,knowledge-update,2023/06/21 (Wed) 13:02,recency,5,0.0,0.0,0.0,0.0,0.027099999897473,,,245,2,2,False,0,0,0,0,433.9551020408163,963,96,0.3918367346938775,0.5992434462722467,0.0227672292106801,0.5626598000526428,0.6950820684432983,0.5,0.2904491744246232,0.0,1.0,False,False,True,True,10047737856,ultrachat_495393::round_5|ultrachat_495393::round_4|ultrachat_495393::round_3|ultrachat_495393::round_2|ultrachat_495393::round_1,ultrachat_495393|ultrachat_495393|ultrachat_495393|ultrachat_495393|ultrachat_495393
5a4f22c0,KU,knowledge-update,2023/06/21 (Wed) 13:02,semantic,5,1.0,1.0,1.0,1.0,0.0787999997555743,,,245,2,2,False,0,0,0,0,433.9551020408163,963,96,0.3918367346938775,0.5992434462722467,0.0227672292106801,0.5626598000526428,0.6950820684432983,0.5,0.2904491744246232,0.0,1.0,False,False,True,True,10047737856,answer_b0f3dfff_1::round_1|answer_b0f3dfff_1::round_5|answer_b0f3dfff_1::round_3|answer_b0f3dfff_1::round_4|answer_b0f3dfff_2::round_0,answer_b0f3dfff_1|answer_b0f3dfff_1|answer_b0f3dfff_1|answer_b0f3dfff_1|answer_b0f3dfff_2
60036106,MR,multi-session,2023/05/30 (Tue) 11:00,hybrid_raw,5,0.5,1.0,0.5,0.5,0.0718999999662628,,,244,2,2,True,0,0,0,0,427.3647540983607,1120,96,0.3934426229508196,0.6126549026516618,0.0322334089905905,0.5715798735618591,0.7768781781196594,0.5,0.2904564725261432,0.0,1.0,False,False,True,True,10047870976,answer_e552e1f9_2::round_0|sharegpt_WZsMUFm_19::round_4|answer_e552e1f9_2::round_3|57a482cf::round_5|sharegpt_WZsMUFm_19::round_2,answer_e552e1f9_2|sharegpt_WZsMUFm_19|answer_e552e1f9_2|57a482cf|sharegpt_WZsMUFm_19
60036106,MR,multi-session,2023/05/30 (Tue) 11:00,recency,5,0.0,0.0,0.0,0.0,0.0156000005517853,,,244,2,2,True,0,0,0,0,427.3647540983607,1120,96,0.3934426229508196,0.6126549026516618,0.0322334089905905,0.5715798735618591,0.7768781781196594,0.5,0.2904564725261432,0.0,1.0,False,False,True,True,10047870976,57a482cf::round_5|57a482cf::round_4|57a482cf::round_3|57a482cf::round_2|57a482cf::round_1,57a482cf|57a482cf|57a482cf|57a482cf|57a482cf
60036106,MR,multi-session,2023/05/30 (Tue) 11:00,semantic,5,0.5,1.0,0.5,0.5,0.0737000000299303,,,244,2,2,True,0,0,0,0,427.3647540983607,1120,96,0.3934426229508196,0.6126549026516618,0.0322334089905905,0.5715798735618591,0.7768781781196594,0.5,0.2904564725261432,0.0,1.0,False,False,True,True,10047870976,answer_e552e1f9_2::round_0|answer_e552e1f9_2::round_3|answer_e552e1f9_2::round_2|763f028a::round_4|763f028a::round_5,answer_e552e1f9_2|answer_e552e1f9_2|answer_e552e1f9_2|763f028a|763f028a
603deb26,KU,knowledge-update,2023/12/05 (Tue) 02:37,hybrid_raw,5,0.0,0.0,0.0,0.0,0.0775999997131293,,,237,2,2,False,0,0,0,0,449.3206751054853,870,96,0.4050632911392405,0.6180710266914046,0.0244978644372956,0.5684152245521545,0.698693037033081,0.5,0.2905092903890607,0.0,1.0,False,False,True,True,10047737856,88611fff::round_1|ultrachat_528423::round_1|88611fff::round_0|ultrachat_528423::round_0|88611fff::round_5,88611fff|ultrachat_528423|88611fff|ultrachat_528423|88611fff
603deb26,KU,knowledge-update,2023/12/05 (Tue) 02:37,recency,5,0.0,0.0,0.0,0.0,0.0233000000662286,,,237,2,2,False,0,0,0,0,449.3206751054853,870,96,0.4050632911392405,0.6180710266914046,0.0244978644372956,0.5684152245521545,0.698693037033081,0.5,0.2905092903890607,0.0,1.0,False,False,True,True,10047737856,ultrachat_528423::round_2|ultrachat_528423::round_1|ultrachat_528423::round_0|88611fff::round_5|88611fff::round_4,ultrachat_528423|ultrachat_528423|ultrachat_528423|88611fff|88611fff
603deb26,KU,knowledge-update,2023/12/05 (Tue) 02:37,semantic,5,0.0,0.0,0.5,0.0,0.0710000003891764,,,237,2,2,False,0,0,0,0,449.3206751054853,870,96,0.4050632911392405,0.6180710266914046,0.0244978644372956,0.5684152245521545,0.698693037033081,0.5,0.2905092903890607,0.0,1.0,False,False,True,True,10047737856,88611fff::round_1|ultrachat_409438::round_4|88611fff::round_0|sharegpt_Ab5RUMY_0::round_0|answer_8afdebac_2::round_3,88611fff|ultrachat_409438|88611fff|sharegpt_Ab5RUMY_0|answer_8afdebac_2
618f13b2,KU,knowledge-update,2023/06/18 (Sun) 22:29,hybrid_raw,5,0.0,0.0,0.0,0.0,0.0756999997975071,,,254,2,2,False,0,0,0,0,416.07086614173227,2858,92,0.3622047244094488,0.6194722215960345,0.0308748173079186,0.5661029815673828,0.8025630712509155,0.5,0.2903860868332549,0.0,1.0,False,False,True,True,10048055296,sharegpt_AfCsKC0_12::round_0|sharegpt_dDmUS4e_0::round_2|ultrachat_270398::round_5|c6360734_2::round_5|ultrachat_66814::round_5,sharegpt_AfCsKC0_12|sharegpt_dDmUS4e_0|ultrachat_270398|c6360734_2|ultrachat_66814
618f13b2,KU,knowledge-update,2023/06/18 (Sun) 22:29,recency,5,0.0,0.0,0.0,0.0,0.0296999996862723,,,254,2,2,False,0,0,0,0,416.07086614173227,2858,92,0.3622047244094488,0.6194722215960345,0.0308748173079186,0.5661029815673828,0.8025630712509155,0.5,0.2903860868332549,0.0,1.0,False,False,True,True,10048055296,sharegpt_dDmUS4e_0::round_2|sharegpt_dDmUS4e_0::round_1|sharegpt_dDmUS4e_0::round_0|sharegpt_AfCsKC0_12::round_0|ultrachat_270398::round_6,sharegpt_dDmUS4e_0|sharegpt_dDmUS4e_0|sharegpt_dDmUS4e_0|sharegpt_AfCsKC0_12|ultrachat_270398
618f13b2,KU,knowledge-update,2023/06/18 (Sun) 22:29,semantic,5,1.0,1.0,1.0,1.0,0.0779000001784879,,,254,2,2,False,0,0,0,0,416.07086614173227,2858,92,0.3622047244094488,0.6194722215960345,0.0308748173079186,0.5661029815673828,0.8025630712509155,0.5,0.2903860868332549,0.0,1.0,False,False,True,True,10048055296,answer_caf5b52e_1::round_5|answer_caf5b52e_1::round_1|answer_caf5b52e_1::round_4|answer_caf5b52e_2::round_5|answer_caf5b52e_2::round_0,answer_caf5b52e_1|answer_caf5b52e_1|answer_caf5b52e_1|answer_caf5b52e_2|answer_caf5b52e_2
6613b389,TR,temporal-reasoning,2023/07/07 (Fri) 13:04,hybrid_raw,5,0.0,0.0,0.0,0.0,0.070899999627727,,,226,2,3,False,0,0,18,1,469.3938053097345,841,113,0.5,0.6093466875299943,0.020275572431425,0.5712745785713196,0.676082968711853,0.5,0.2905989274335237,0.0,1.0,False,False,True,True,10047856640,e3d8da67::round_5|e3d8da67::round_4|e3d8da67::round_2|f1163e57::round_3|f1163e57::round_5,e3d8da67|e3d8da67|e3d8da67|f1163e57|f1163e57
6613b389,TR,temporal-reasoning,2023/07/07 (Fri) 13:04,recency,5,0.0,0.0,0.0,0.0,0.0313999989884905,,,226,2,3,False,0,0,18,1,469.3938053097345,841,113,0.5,0.6093466875299943,0.020275572431425,0.5712745785713196,0.676082968711853,0.5,0.2905989274335237,0.0,1.0,False,False,True,True,10047856640,e3d8da67::round_5|e3d8da67::round_4|e3d8da67::round_3|e3d8da67::round_2|e3d8da67::round_1,e3d8da67|e3d8da67|e3d8da67|e3d8da67|e3d8da67
6613b389,TR,temporal-reasoning,2023/07/07 (Fri) 13:04,semantic,5,0.0,0.0,0.3333333333333333,0.0,0.0670999997964827,,,226,2,3,False,0,0,18,1,469.3938053097345,841,113,0.5,0.6093466875299943,0.020275572431425,0.5712745785713196,0.676082968711853,0.5,0.2905989274335237,0.0,1.0,False,False,True,True,10047856640,answer_aaf71ce2_2::round_4|answer_aaf71ce2_2::round_2|f1cc1ddb_1::round_5|ultrachat_80430::round_4|answer_aaf71ce2_2::round_5,answer_aaf71ce2_2|answer_aaf71ce2_2|f1cc1ddb_1|ultrachat_80430|answer_aaf71ce2_2
681a1674,MR,multi-session,2023/05/30 (Tue) 21:31,hybrid_raw,5,0.0,0.0,0.0,0.0,0.0721000005796668,,,243,2,2,True,0,0,0,0,440.7818930041152,2553,88,0.3621399176954732,0.5913259558716919,0.0328581977304889,0.5466681718826294,0.8018262386322021,0.5,0.2904638309221483,0.0,1.0,False,False,True,True,10048528384,ultrachat_472062::round_2|sharegpt_v11Tpg9_483::round_6|ultrachat_472062::round_1|sharegpt_v11Tpg9_483::round_5|ultrachat_472062::round_0,ultrachat_472062|sharegpt_v11Tpg9_483|ultrachat_472062|sharegpt_v11Tpg9_483|ultrachat_472062
681a1674,MR,multi-session,2023/05/30 (Tue) 21:31,recency,5,0.0,0.0,0.0,0.0,0.0151000003825174,,,243,2,2,True,0,0,0,0,440.7818930041152,2553,88,0.3621399176954732,0.5913259558716919,0.0328581977304889,0.5466681718826294,0.8018262386322021,0.5,0.2904638309221483,0.0,1.0,False,False,True,True,10048528384,ultrachat_472062::round_2|ultrachat_472062::round_1|ultrachat_472062::round_0|sharegpt_v11Tpg9_483::round_6|sharegpt_v11Tpg9_483::round_5,ultrachat_472062|ultrachat_472062|ultrachat_472062|sharegpt_v11Tpg9_483|sharegpt_v11Tpg9_483
681a1674,MR,multi-session,2023/05/30 (Tue) 21:31,semantic,5,1.0,1.0,1.0,1.0,0.0728000004528439,,,243,2,2,True,0,0,0,0,440.7818930041152,2553,88,0.3621399176954732,0.5913259558716919,0.0328581977304889,0.5466681718826294,0.8018262386322021,0.5,0.2904638309221483,0.0,1.0,False,False,True,True,10048528384,answer_3be95d43_1::round_0|answer_3be95d43_2::round_1|answer_3be95d43_2::round_0|answer_3be95d43_1::round_1|answer_3be95d43_1::round_2,answer_3be95d43_1|answer_3be95d43_2|answer_3be95d43_2|answer_3be95d43_1|answer_3be95d43_1
69fee5aa,KU,knowledge-update,2023/06/09 (Fri) 11:14,hybrid_raw,5,0.0,0.0,0.0,0.0,0.0725999998394399,,,243,2,2,False,0,0,0,0,433.1604938271605,1434,92,0.3786008230452675,0.6157253053453233,0.0257129203609097,0.5720353126525879,0.7638486623764038,0.5,0.2904638309221483,0.0,1.0,False,False,True,True,10047737856,991d55e5_1::round_2|ultrachat_57053::round_2|991d55e5_1::round_5|991d55e5_1::round_4|ultrachat_57053::round_1,991d55e5_1|ultrachat_57053|991d55e5_1|991d55e5_1|ultrachat_57053
69fee5aa,KU,knowledge-update,2023/06/09 (Fri) 11:14,recency,5,0.0,0.0,0.0,0.0,0.028500000553322,,,243,2,2,False,0,0,0,0,433.1604938271605,1434,92,0.3786008230452675,0.6157253053453233,0.0257129203609097,0.5720353126525879,0.7638486623764038,0.5,0.2904638309221483,0.0,1.0,False,False,True,True,10047737856,ultrachat_57053::round_2|ultrachat_57053::round_1|ultrachat_57053::round_0|991d55e5_1::round_5|991d55e5_1::round_4,ultrachat_57053|ultrachat_57053|ultrachat_57053|991d55e5_1|991d55e5_1
69fee5aa,KU,knowledge-update,2023/06/09 (Fri) 11:14,semantic,5,1.0,1.0,1.0,1.0,0.0726999996913946,,,243,2,2,False,0,0,0,0,433.1604938271605,1434,92,0.3786008230452675,0.6157253053453233,0.0257129203609097,0.5720353126525879,0.7638486623764038,0.5,0.2904638309221483,0.0,1.0,False,False,True,True,10047737856,answer_d6028d6e_1::round_4|answer_d6028d6e_2::round_0|answer_d6028d6e_1::round_5|answer_d6028d6e_1::round_3|answer_d6028d6e_1::round_0,answer_d6028d6e_1|answer_d6028d6e_2|answer_d6028d6e_1|answer_d6028d6e_1|answer_d6028d6e_1
6a27ffc2,KU,knowledge-update,2023/06/09 (Fri) 01:44,hybrid_raw,5,0.0,0.0,0.0,0.0,0.0755999999455525,,,249,2,2,False,0,0,0,0,417.6827309236948,1516,95,0.3815261044176707,0.6049265550322322,0.0192336017564699,0.5615410804748535,0.6673592329025269,0.5,0.2904205703808051,0.0,1.0,False,False,True,True,10047892480,sharegpt_CW8gAFB_8::round_1|sharegpt_CW8gAFB_8::round_0|ultrachat_480768::round_2|ultrachat_480768::round_0|ultrachat_480768::round_1,sharegpt_CW8gAFB_8|sharegpt_CW8gAFB_8|ultrachat_480768|ultrachat_480768|ultrachat_480768
6a27ffc2,KU,knowledge-update,2023/06/09 (Fri) 01:44,recency,5,0.0,0.0,0.0,0.0,0.027300000510877,,,249,2,2,False,0,0,0,0,417.6827309236948,1516,95,0.3815261044176707,0.6049265550322322,0.0192336017564699,0.5615410804748535,0.6673592329025269,0.5,0.2904205703808051,0.0,1.0,False,False,True,True,10047892480,sharegpt_CW8gAFB_8::round_1|sharegpt_CW8gAFB_8::round_0|ultrachat_480768::round_3|ultrachat_480768::round_2|ultrachat_480768::round_1,sharegpt_CW8gAFB_8|sharegpt_CW8gAFB_8|ultrachat_480768|ultrachat_480768|ultrachat_480768
6a27ffc2,KU,knowledge-update,2023/06/09 (Fri) 01:44,semantic,5,0.5,1.0,0.5,0.5,0.0743999999031075,,,249,2,2,False,0,0,0,0,417.6827309236948,1516,95,0.3815261044176707,0.6049265550322322,0.0192336017564699,0.5615410804748535,0.6673592329025269,0.5,0.2904205703808051,0.0,1.0,False,False,True,True,10047892480,answer_77f32504_2::round_1|sharegpt_vbNrVtS_259::round_3|08effb2b_2::round_1|sharegpt_kkqlRlo_13::round_0|answer_77f32504_2::round_5,answer_77f32504_2|sharegpt_vbNrVtS_259|08effb2b_2|sharegpt_kkqlRlo_13|answer_77f32504_2
6aeb4375,KU,knowledge-update,2023/10/22 (Sun) 15:38,hybrid_raw,5,0.5,1.0,0.5,0.5,0.0700000000506406,,,236,2,2,False,0,0,0,0,436.614406779661,1701,95,0.4025423728813559,0.6168078509932857,0.0386823303865791,0.5675382614135742,0.8261699676513672,0.5,0.2905170925735878,0.0,1.0,False,False,True,True,10047737856,answer_3f9693b7_2::round_1|answer_3f9693b7_2::round_5|answer_3f9693b7_2::round_0|answer_3f9693b7_2::round_3|answer_3f9693b7_2::round_2,answer_3f9693b7_2|answer_3f9693b7_2|answer_3f9693b7_2|answer_3f9693b7_2|answer_3f9693b7_2
6aeb4375,KU,knowledge-update,2023/10/22 (Sun) 15:38,recency,5,0.5,1.0,0.5,0.5,0.0241000007008551,,,236,2,2,False,0,0,0,0,436.614406779661,1701,95,0.4025423728813559,0.6168078509932857,0.0386823303865791,0.5675382614135742,0.8261699676513672,0.5,0.2905170925735878,0.0,1.0,False,False,True,True,10047737856,answer_3f9693b7_2::round_5|answer_3f9693b7_2::round_4|answer_3f9693b7_2::round_3|answer_3f9693b7_2::round_2|answer_3f9693b7_2::round_1,answer_3f9693b7_2|answer_3f9693b7_2|answer_3f9693b7_2|answer_3f9693b7_2|answer_3f9693b7_2
6aeb4375,KU,knowledge-update,2023/10/22 (Sun) 15:38,semantic,5,1.0,1.0,1.0,1.0,0.0706000000718631,,,236,2,2,False,0,0,0,0,436.614406779661,1701,95,0.4025423728813559,0.6168078509932857,0.0386823303865791,0.5675382614135742,0.8261699676513672,0.5,0.2905170925735878,0.0,1.0,False,False,True,True,10047737856,answer_3f9693b7_2::round_1|answer_3f9693b7_1::round_5|answer_3f9693b7_1::round_4|answer_3f9693b7_1::round_3|402e0082_5::round_1,answer_3f9693b7_2|answer_3f9693b7_1|answer_3f9693b7_1|answer_3f9693b7_1|402e0082_5
6b168ec8,IE,single-session-user,2023/05/30 (Tue) 20:24,hybrid_raw,5,0.0,0.0,0.0,0.0,0.0711999996383383,,,241,1,1,True,0,0,0,0,443.2448132780083,2400,97,0.4024896265560166,0.6168025175565506,0.0304002312579356,0.5717141032218933,0.8174193501472473,0.5,0.2904787316113152,0.0,1.0,False,False,True,True,10047775744,afffd8ec_3::round_5|fb2368b8_3::round_5|afffd8ec_3::round_1|fb2368b8_3::round_4|fb2368b8_3::round_2,afffd8ec_3|fb2368b8_3|afffd8ec_3|fb2368b8_3|fb2368b8_3
6b168ec8,IE,single-session-user,2023/05/30 (Tue) 20:24,recency,5,0.0,0.0,0.0,0.0,0.0150000000758154,,,241,1,1,True,0,0,0,0,443.2448132780083,2400,97,0.4024896265560166,0.6168025175565506,0.0304002312579356,0.5717141032218933,0.8174193501472473,0.5,0.2904787316113152,0.0,1.0,False,False,True,True,10047775744,fb2368b8_3::round_5|fb2368b8_3::round_4|fb2368b8_3::round_3|fb2368b8_3::round_2|fb2368b8_3::round_1,fb2368b8_3|fb2368b8_3|fb2368b8_3|fb2368b8_3|fb2368b8_3
6b168ec8,IE,single-session-user,2023/05/30 (Tue) 20:24,semantic,5,1.0,1.0,1.0,1.0,0.0774000000092201,,,241,1,1,True,0,0,0,0,443.2448132780083,2400,97,0.4024896265560166,0.6168025175565506,0.0304002312579356,0.5717141032218933,0.8174193501472473,0.5,0.2904787316113152,0.0,1.0,False,False,True,True,10047775744,answer_e623ae87::round_2|answer_e623ae87::round_4|answer_e623ae87::round_3|answer_e623ae87::round_0|answer_e623ae87::round_5,answer_e623ae87|answer_e623ae87|answer_e623ae87|answer_e623ae87|answer_e623ae87
6c49646a,MR,multi-session,2023/05/30 (Tue) 22:17,hybrid_raw,5,0.0,0.0,0.0,0.0,0.0669999999445281,,,216,2,2,True,0,0,0,0,493.15277777777777,1369,113,0.5231481481481481,0.615016329895567,0.0280168964514831,0.5667783617973328,0.7601678371429443,0.5,0.2906883719441813,0.0,1.0,False,False,True,True,10047904768,0e6e2ba5::round_5|0e6e2ba5::round_4|0e6e2ba5::round_2|0e6e2ba5::round_3|0e6e2ba5::round_1,0e6e2ba5|0e6e2ba5|0e6e2ba5|0e6e2ba5|0e6e2ba5
6c49646a,MR,multi-session,2023/05/30 (Tue) 22:17,recency,5,0.0,0.0,0.0,0.0,0.0135999998747138,,,216,2,2,True,0,0,0,0,493.15277777777777,1369,113,0.5231481481481481,0.615016329895567,0.0280168964514831,0.5667783617973328,0.7601678371429443,0.5,0.2906883719441813,0.0,1.0,False,False,True,True,10047904768,0e6e2ba5::round_5|0e6e2ba5::round_4|0e6e2ba5::round_3|0e6e2ba5::round_2|0e6e2ba5::round_1,0e6e2ba5|0e6e2ba5|0e6e2ba5|0e6e2ba5|0e6e2ba5
6c49646a,MR,multi-session,2023/05/30 (Tue) 22:17,semantic,5,0.5,1.0,1.0,0.5,0.0661000003674416,,,216,2,2,True,0,0,0,0,493.15277777777777,1369,113,0.5231481481481481,0.615016329895567,0.0280168964514831,0.5667783617973328,0.7601678371429443,0.5,0.2906883719441813,0.0,1.0,False,False,True,True,10047904768,answer_cc1ced21_1::round_0|answer_cc1ced21_2::round_0|9f220c66_1::round_0|answer_cc1ced21_1::round_4|answer_cc1ced21_2::round_2,answer_cc1ced21_1|answer_cc1ced21_2|9f220c66_1|answer_cc1ced21_1|answer_cc1ced21_2
6cb6f249,MR,multi-session,2023/03/14 (Tue) 23:56,hybrid_raw,5,0.0,0.0,0.0,0.0,0.070899999627727,,,238,2,2,True,0,0,0,0,439.655462184874,1520,107,0.4495798319327731,0.6199404101411835,0.0366637037130175,0.5679994225502014,0.7752845287322998,0.4999999999999999,0.2905015540230223,0.0,1.0,False,False,True,True,10048184320,79bb1298_2::round_5|sharegpt_O97C4Pd_11::round_4|9b6db1a9_2::round_4|79bb1298_2::round_4|79bb1298_2::round_3,79bb1298_2|sharegpt_O97C4Pd_11|9b6db1a9_2|79bb1298_2|79bb1298_2
6cb6f249,MR,multi-session,2023/03/14 (Tue) 23:56,recency,5,0.0,0.0,0.0,0.0,0.0156000005517853,,,238,2,2,True,0,0,0,0,439.655462184874,1520,107,0.4495798319327731,0.6199404101411835,0.0366637037130175,0.5679994225502014,0.7752845287322998,0.4999999999999999,0.2905015540230223,0.0,1.0,False,False,True,True,10048184320,79bb1298_2::round_5|79bb1298_2::round_4|79bb1298_2::round_3|79bb1298_2::round_2|79bb1298_2::round_1,79bb1298_2|79bb1298_2|79bb1298_2|79bb1298_2|79bb1298_2
6cb6f249,MR,multi-session,2023/03/14 (Tue) 23:56,semantic,5,0.5,1.0,0.5,0.5,0.0718000001143082,,,238,2,2,True,0,0,0,0,439.655462184874,1520,107,0.4495798319327731,0.6199404101411835,0.0366637037130175,0.5679994225502014,0.7752845287322998,0.4999999999999999,0.2905015540230223,0.0,1.0,False,False,True,True,10048184320,answer_a4204937_1::round_3|answer_a4204937_1::round_0|ultrachat_404221::round_5|answer_a4204937_1::round_5|ultrachat_404221::round_6,answer_a4204937_1|answer_a4204937_1|ultrachat_404221|answer_a4204937_1|ultrachat_404221
6d550036,MR,multi-session,2023/05/30 (Tue) 23:32,hybrid_raw,5,0.0,0.0,0.0,0.0,0.0734999994165264,,,256,4,4,True,0,0,0,0,387.59765625,897,79,0.30859375,0.6182940553408116,0.0252236946710807,0.5707034468650818,0.7433280348777771,0.5,0.2903726719354734,0.0,1.0,False,False,True,True,10047910912,sharegpt_oXgiN7q_53::round_2|9764990c_4::round_5|sharegpt_oXgiN7q_53::round_3|sharegpt_oXgiN7q_53::round_7|9764990c_4::round_3,sharegpt_oXgiN7q_53|9764990c_4|sharegpt_oXgiN7q_53|sharegpt_oXgiN7q_53|9764990c_4
6d550036,MR,multi-session,2023/05/30 (Tue) 23:32,recency,5,0.0,0.0,0.0,0.0,0.0160999998115585,,,256,4,4,True,0,0,0,0,387.59765625,897,79,0.30859375,0.6182940553408116,0.0252236946710807,0.5707034468650818,0.7433280348777771,0.5,0.2903726719354734,0.0,1.0,False,False,True,True,10047910912,9764990c_4::round_5|9764990c_4::round_4|9764990c_4::round_3|9764990c_4::round_2|9764990c_4::round_1,9764990c_4|9764990c_4|9764990c_4|9764990c_4|9764990c_4
6d550036,MR,multi-session,2023/05/30 (Tue) 23:32,semantic,5,0.0,0.0,0.0,0.0,0.0760000002628658,,,256,4,4,True,0,0,0,0,387.59765625,897,79,0.30859375,0.6182940553408116,0.0252236946710807,0.5707034468650818,0.7433280348777771,0.5,0.2903726719354734,0.0,1.0,False,False,True,True,10047910912,2e4430d8_2::round_2|2e4430d8_2::round_5|sharegpt_zciCXP1_12::round_3|2e4430d8_2::round_1|sharegpt_zciCXP1_12::round_2,2e4430d8_2|2e4430d8_2|sharegpt_zciCXP1_12|2e4430d8_2|sharegpt_zciCXP1_12
6e984301,TR,temporal-reasoning,2023/04/01 (Sat) 18:55,hybrid_raw,5,0.5,1.0,0.5,0.5,0.0725999998394399,,,258,2,2,False,0,0,0,0,411.7984496124031,921,91,0.3527131782945736,0.6158919842668282,0.0268596804014688,0.5702004432678223,0.7514157295227051,0.5,0.2903594657633106,0.0,1.0,False,False,True,True,10048276480,answer_88841f26_2::round_1|93bed3d8_2::round_1|93bed3d8_2::round_3|93bed3d8_2::round_4|535ce50e_2::round_3,answer_88841f26_2|93bed3d8_2|93bed3d8_2|93bed3d8_2|535ce50e_2
6e984301,TR,temporal-reasoning,2023/04/01 (Sat) 18:55,recency,5,0.0,0.0,0.0,0.0,0.0237000003835419,,,258,2,2,False,0,0,0,0,411.7984496124031,921,91,0.3527131782945736,0.6158919842668282,0.0268596804014688,0.5702004432678223,0.7514157295227051,0.5,0.2903594657633106,0.0,1.0,False,False,True,True,10048276480,93bed3d8_2::round_5|93bed3d8_2::round_4|93bed3d8_2::round_3|93bed3d8_2::round_2|93bed3d8_2::round_1,93bed3d8_2|93bed3d8_2|93bed3d8_2|93bed3d8_2|93bed3d8_2
6e984301,TR,temporal-reasoning,2023/04/01 (Sat) 18:55,semantic,5,1.0,1.0,1.0,1.0,0.0758999995014164,,,258,2,2,False,0,0,0,0,411.7984496124031,921,91,0.3527131782945736,0.6158919842668282,0.0268596804014688,0.5702004432678223,0.7514157295227051,0.5,0.2903594657633106,0.0,1.0,False,False,True,True,10048276480,answer_88841f26_2::round_1|answer_88841f26_1::round_0|answer_88841f26_2::round_0|answer_88841f26_1::round_1|answer_88841f26_2::round_3,answer_88841f26_2|answer_88841f26_1|answer_88841f26_2|answer_88841f26_1|answer_88841f26_2
7024f17c,MR,multi-session,2023/05/30 (Tue) 21:24,hybrid_raw,5,0.0,0.0,0.0,0.0,0.0709999994796817,,,244,2,3,True,0,0,0,0,429.2704918032787,870,87,0.3565573770491803,0.6146634287032925,0.0263851282896182,0.5713322758674622,0.7155256271362305,0.5,0.2904564725261432,0.0,1.0,False,False,True,True,10047737856,3c12ff0c::round_4|3c12ff0c::round_5|3c12ff0c::round_3|ultrachat_156121::round_6|ultrachat_156121::round_5,3c12ff0c|3c12ff0c|3c12ff0c|ultrachat_156121|ultrachat_156121
7024f17c,MR,multi-session,2023/05/30 (Tue) 21:24,recency,5,0.0,0.0,0.0,0.0,0.0153999999383813,,,244,2,3,True,0,0,0,0,429.2704918032787,870,87,0.3565573770491803,0.6146634287032925,0.0263851282896182,0.5713322758674622,0.7155256271362305,0.5,0.2904564725261432,0.0,1.0,False,False,True,True,10047737856,3c12ff0c::round_5|3c12ff0c::round_4|3c12ff0c::round_3|3c12ff0c::round_2|3c12ff0c::round_1,3c12ff0c|3c12ff0c|3c12ff0c|3c12ff0c|3c12ff0c
7024f17c,MR,multi-session,2023/05/30 (Tue) 21:24,semantic,5,0.5,1.0,0.3333333333333333,0.5,0.0741000003472436,,,244,2,3,True,0,0,0,0,429.2704918032787,870,87,0.3565573770491803,0.6146634287032925,0.0263851282896182,0.5713322758674622,0.7155256271362305,0.5,0.2904564725261432,0.0,1.0,False,False,True,True,10047737856,answer_a21f3697_1::round_0|answer_a21f3697_1::round_3|answer_a21f3697_1::round_5|answer_a21f3697_1::round_2|answer_a21f3697_1::round_1,answer_a21f3697_1|answer_a21f3697_1|answer_a21f3697_1|answer_a21f3697_1|answer_a21f3697_1
71315a70,KU,knowledge-update,2023/06/18 (Sun) 19:47,hybrid_raw,5,0.0,0.0,0.0,0.0,0.0744999997550621,,,258,2,2,False,0,0,2,0,409.9573643410853,1943,96,0.3720930232558139,0.6170081389966862,0.0308708990615909,0.5628494024276733,0.7795774936676025,0.5,0.2903594657633106,0.0,1.0,False,False,True,True,10047950848,sharegpt_M6a9zYJ_0::round_3|sharegpt_M6a9zYJ_0::round_4|sharegpt_M6a9zYJ_0::round_5|sharegpt_M6a9zYJ_0::round_2|d1d3fd12_1::round_4,sharegpt_M6a9zYJ_0|sharegpt_M6a9zYJ_0|sharegpt_M6a9zYJ_0|sharegpt_M6a9zYJ_0|d1d3fd12_1
71315a70,KU,knowledge-update,2023/06/18 (Sun) 19:47,recency,5,0.0,0.0,0.0,0.0,0.0248000005740323,,,258,2,2,False,0,0,2,0,409.9573643410853,1943,96,0.3720930232558139,0.6170081389966862,0.0308708990615909,0.5628494024276733,0.7795774936676025,0.5,0.2903594657633106,0.0,1.0,False,False,True,True,10047950848,sharegpt_M6a9zYJ_0::round_5|sharegpt_M6a9zYJ_0::round_4|sharegpt_M6a9zYJ_0::round_3|sharegpt_M6a9zYJ_0::round_2|sharegpt_M6a9zYJ_0::round_1,sharegpt_M6a9zYJ_0|sharegpt_M6a9zYJ_0|sharegpt_M6a9zYJ_0|sharegpt_M6a9zYJ_0|sharegpt_M6a9zYJ_0
71315a70,KU,knowledge-update,2023/06/18 (Sun) 19:47,semantic,5,0.5,1.0,1.0,0.5,0.0758999995014164,,,258,2,2,False,0,0,2,0,409.9573643410853,1943,96,0.3720930232558139,0.6170081389966862,0.0308708990615909,0.5628494024276733,0.7795774936676025,0.5,0.2903594657633106,0.0,1.0,False,False,True,True,10047950848,answer_c44b9df4_2::round_5|answer_c44b9df4_1::round_2|answer_c44b9df4_2::round_4|1a43e6cf::round_1|answer_c44b9df4_1::round_1,answer_c44b9df4_2|answer_c44b9df4_1|answer_c44b9df4_2|1a43e6cf|answer_c44b9df4_1
7161e7e2,IE,single-session-assistant,2023/05/30 (Tue) 20:16,hybrid_raw,5,0.0,0.0,0.0,0.0,0.0801000005594687,,,277,1,1,True,0,0,0,0,379.0974729241877,3486,73,0.2635379061371841,0.6187186215328395,0.0397121164305571,0.5688573122024536,0.8481985330581665,0.5,0.2902435500583719,0.0,1.0,False,False,True,True,10048356352,2bd9990a_3::round_5|sharegpt_vbNrVtS_143::round_4|2bd9990a_3::round_2|sharegpt_vbNrVtS_143::round_3|ultrachat_556647::round_3,2bd9990a_3|sharegpt_vbNrVtS_143|2bd9990a_3|sharegpt_vbNrVtS_143|ultrachat_556647
7161e7e2,IE,single-session-assistant,2023/05/30 (Tue) 20:16,recency,5,0.0,0.0,0.0,0.0,0.0178000000232714,,,277,1,1,True,0,0,0,0,379.0974729241877,3486,73,0.2635379061371841,0.6187186215328395,0.0397121164305571,0.5688573122024536,0.8481985330581665,0.5,0.2902435500583719,0.0,1.0,False,False,True,True,10048356352,ultrachat_556647::round_4|ultrachat_556647::round_3|ultrachat_556647::round_2|ultrachat_556647::round_1|ultrachat_556647::round_0,ultrachat_556647|ultrachat_556647|ultrachat_556647|ultrachat_556647|ultrachat_556647
7161e7e2,IE,single-session-assistant,2023/05/30 (Tue) 20:16,semantic,5,1.0,1.0,1.0,1.0,0.0848999998197541,,,277,1,1,True,0,0,0,0,379.0974729241877,3486,73,0.2635379061371841,0.6187186215328395,0.0397121164305571,0.5688573122024536,0.8481985330581665,0.5,0.2902435500583719,0.0,1.0,False,False,True,True,10048356352,answer_sharegpt_5Lzox6N_0::round_6|answer_sharegpt_5Lzox6N_0::round_5|answer_sharegpt_5Lzox6N_0::round_1|answer_sharegpt_5Lzox6N_0::round_0|answer_sharegpt_5Lzox6N_0::round_4,answer_sharegpt_5Lzox6N_0|answer_sharegpt_5Lzox6N_0|answer_sharegpt_5Lzox6N_0|answer_sharegpt_5Lzox6N_0|answer_sharegpt_5Lzox6N_0
72e3ee87,KU,knowledge-update,2023/06/27 (Tue) 19:26,hybrid_raw,5,0.0,0.0,0.0,0.0,0.0755999999455525,,,249,2,2,False,0,0,0,0,422.2289156626506,2548,95,0.3815261044176707,0.6055580202834194,0.0242181926578186,0.5521178841590881,0.7470457553863525,0.5,0.2904205703808051,0.0,1.0,False,False,True,True,10047737856,sharegpt_EpJp627_15::round_2|sharegpt_EpJp627_15::round_4|sharegpt_EpJp627_15::round_1|7a4e8c63_2::round_5|sharegpt_EpJp627_15::round_3,sharegpt_EpJp627_15|sharegpt_EpJp627_15|sharegpt_EpJp627_15|7a4e8c63_2|sharegpt_EpJp627_15
72e3ee87,KU,knowledge-update,2023/06/27 (Tue) 19:26,recency,5,0.0,0.0,0.0,0.0,0.0274999993052915,,,249,2,2,False,0,0,0,0,422.2289156626506,2548,95,0.3815261044176707,0.6055580202834194,0.0242181926578186,0.5521178841590881,0.7470457553863525,0.5,0.2904205703808051,0.0,1.0,False,False,True,True,10047737856,sharegpt_EpJp627_15::round_4|sharegpt_EpJp627_15::round_3|sharegpt_EpJp627_15::round_2|sharegpt_EpJp627_15::round_1|sharegpt_EpJp627_15::round_0,sharegpt_EpJp627_15|sharegpt_EpJp627_15|sharegpt_EpJp627_15|sharegpt_EpJp627_15|sharegpt_EpJp627_15
72e3ee87,KU,knowledge-update,2023/06/27 (Tue) 19:26,semantic,5,1.0,1.0,1.0,1.0,0.0768999998399522,,,249,2,2,False,0,0,0,0,422.2289156626506,2548,95,0.3815261044176707,0.6055580202834194,0.0242181926578186,0.5521178841590881,0.7470457553863525,0.5,0.2904205703808051,0.0,1.0,False,False,True,True,10047737856,answer_d7de9a6a_2::round_4|answer_d7de9a6a_1::round_0|answer_d7de9a6a_1::round_3|answer_d7de9a6a_1::round_2|answer_d7de9a6a_2::round_5,answer_d7de9a6a_2|answer_d7de9a6a_1|answer_d7de9a6a_1|answer_d7de9a6a_1|answer_d7de9a6a_2
75f70248,IE,single-session-preference,2023/05/30 (Tue) 17:51,hybrid_raw,5,0.0,0.0,0.0,0.0,0.0695999997333274,,,234,1,1,True,0,0,0,0,451.2136752136752,787,103,0.4401709401709401,0.6029413245682024,0.0256689266579977,0.5381264686584473,0.7909318804740906,0.4999999999999999,0.2905328977867176,0.0,1.0,False,False,True,True,10047737856,ultrachat_278874::round_3|ultrachat_278874::round_2|ultrachat_278874::round_1|adb1f904::round_5|ultrachat_309088::round_4,ultrachat_278874|ultrachat_278874|ultrachat_278874|adb1f904|ultrachat_309088
75f70248,IE,single-session-preference,2023/05/30 (Tue) 17:51,recency,5,0.0,0.0,0.0,0.0,0.0159000001076492,,,234,1,1,True,0,0,0,0,451.2136752136752,787,103,0.4401709401709401,0.6029413245682024,0.0256689266579977,0.5381264686584473,0.7909318804740906,0.4999999999999999,0.2905328977867176,0.0,1.0,False,False,True,True,10047737856,ultrachat_278874::round_3|ultrachat_278874::round_2|ultrachat_278874::round_1|ultrachat_278874::round_0|ultrachat_309088::round_4,ultrachat_278874|ultrachat_278874|ultrachat_278874|ultrachat_278874|ultrachat_309088
75f70248,IE,single-session-preference,2023/05/30 (Tue) 17:51,semantic,5,1.0,1.0,1.0,1.0,0.0694000000294181,,,234,1,1,True,0,0,0,0,451.2136752136752,787,103,0.4401709401709401,0.6029413245682024,0.0256689266579977,0.5381264686584473,0.7909318804740906,0.4999999999999999,0.2905328977867176,0.0,1.0,False,False,True,True,10047737856,answer_8ee04a2e::round_1|answer_8ee04a2e::round_3|42165950_4::round_3|ultrachat_32122::round_5|8ba845f4::round_3,answer_8ee04a2e|answer_8ee04a2e|42165950_4|ultrachat_32122|8ba845f4
778164c6,IE,single-session-assistant,2023/05/30 (Tue) 20:36,hybrid_raw,5,1.0,1.0,1.0,1.0,0.0768999998399522,,,274,1,1,True,0,0,0,0,372.9963503649635,2898,77,0.2810218978102189,0.6046400814160814,0.03578170709484,0.5599886178970337,0.8523144721984863,0.5,0.290260780187501,0.0,1.0,False,False,True,True,10047751168,answer_ultrachat_399000::round_2|answer_ultrachat_399000::round_1|answer_ultrachat_399000::round_5|answer_ultrachat_399000::round_4|answer_ultrachat_399000::round_3,answer_ultrachat_399000|answer_ultrachat_399000|answer_ultrachat_399000|answer_ultrachat_399000|answer_ultrachat_399000
778164c6,IE,single-session-assistant,2023/05/30 (Tue) 20:36,recency,5,0.0,0.0,0.0,0.0,0.0165999999808263,,,274,1,1,True,0,0,0,0,372.9963503649635,2898,77,0.2810218978102189,0.6046400814160814,0.03578170709484,0.5599886178970337,0.8523144721984863,0.5,0.290260780187501,0.0,1.0,False,False,True,True,10047751168,sharegpt_WXCvFir_11::round_6|sharegpt_WXCvFir_11::round_5|sharegpt_WXCvFir_11::round_4|sharegpt_WXCvFir_11::round_3|sharegpt_WXCvFir_11::round_2,sharegpt_WXCvFir_11|sharegpt_WXCvFir_11|sharegpt_WXCvFir_11|sharegpt_WXCvFir_11|sharegpt_WXCvFir_11
778164c6,IE,single-session-assistant,2023/05/30 (Tue) 20:36,semantic,5,1.0,1.0,1.0,1.0,0.0843999996504862,,,274,1,1,True,0,0,0,0,372.9963503649635,2898,77,0.2810218978102189,0.6046400814160814,0.03578170709484,0.5599886178970337,0.8523144721984863,0.5,0.290260780187501,0.0,1.0,False,False,True,True,10047751168,answer_ultrachat_399000::round_2|answer_ultrachat_399000::round_1|answer_ultrachat_399000::round_5|answer_ultrachat_399000::round_4|answer_ultrachat_399000::round_3,answer_ultrachat_399000|answer_ultrachat_399000|answer_ultrachat_399000|answer_ultrachat_399000|answer_ultrachat_399000
7a87bd0c,KU,knowledge-update,2023/09/30 (Sat) 23:15,hybrid_raw,5,0.0,0.0,0.0,0.0,0.0750999997762846,,,255,2,2,False,0,0,3,0,413.4627450980392,2422,88,0.3450980392156862,0.6281259882683847,0.0240536697980508,0.5795789361000061,0.7338040471076965,0.5,0.2903793529856027,0.0,1.0,False,False,True,True,10047737856,15519944_1::round_4|sharegpt_eSTYwMj_10::round_1|ultrachat_323970::round_3|15519944_1::round_5|ultrachat_323970::round_5,15519944_1|sharegpt_eSTYwMj_10|ultrachat_323970|15519944_1|ultrachat_323970
7a87bd0c,KU,knowledge-update,2023/09/30 (Sat) 23:15,recency,5,0.0,0.0,0.0,0.0,0.0197999997908482,,,255,2,2,False,0,0,3,0,413.4627450980392,2422,88,0.3450980392156862,0.6281259882683847,0.0240536697980508,0.5795789361000061,0.7338040471076965,0.5,0.2903793529856027,0.0,1.0,False,False,True,True,10047737856,ultrachat_323970::round_6|ultrachat_323970::round_5|ultrachat_323970::round_4|ultrachat_323970::round_3|ultrachat_323970::round_2,ultrachat_323970|ultrachat_323970|ultrachat_323970|ultrachat_323970|ultrachat_323970
7a87bd0c,KU,knowledge-update,2023/09/30 (Sat) 23:15,semantic,5,0.0,0.0,1.0,0.0,0.0766999992265482,,,255,2,2,False,0,0,3,0,413.4627450980392,2422,88,0.3450980392156862,0.6281259882683847,0.0240536697980508,0.5795789361000061,0.7338040471076965,0.5,0.2903793529856027,0.0,1.0,False,False,True,True,10047737856,answer_d08a934d_1::round_4|answer_d08a934d_2::round_1|sharegpt_eSTYwMj_10::round_1|81f318a2_1::round_3|answer_d08a934d_1::round_3,answer_d08a934d_1|answer_d08a934d_2|sharegpt_eSTYwMj_10|81f318a2_1|answer_d08a934d_1
7e974930,KU,knowledge-update,2023/10/26 (Thu) 11:44,hybrid_raw,5,0.5,1.0,0.5,0.5,0.0754000002416432,,,254,2,2,False,0,0,0,0,409.5236220472441,1067,84,0.3307086614173228,0.6221574481547348,0.0291298361997002,0.5633113980293274,0.8051329851150513,0.5,0.2903860868332549,0.0,1.0,False,False,True,True,10047737856,ultrachat_439362::round_1|ultrachat_439362::round_4|ultrachat_439362::round_3|answer_c9f5693c_2::round_3|168fa66e_5::round_5,ultrachat_439362|ultrachat_439362|ultrachat_439362|answer_c9f5693c_2|168fa66e_5
7e974930,KU,knowledge-update,2023/10/26 (Thu) 11:44,recency,5,0.0,0.0,0.0,0.0,0.0261000004684319,,,254,2,2,False,0,0,0,0,409.5236220472441,1067,84,0.3307086614173228,0.6221574481547348,0.0291298361997002,0.5633113980293274,0.8051329851150513,0.5,0.2903860868332549,0.0,1.0,False,False,True,True,10047737856,ultrachat_439362::round_4|ultrachat_439362::round_3|ultrachat_439362::round_2|ultrachat_439362::round_1|ultrachat_439362::round_0,ultrachat_439362|ultrachat_439362|ultrachat_439362|ultrachat_439362|ultrachat_439362
7e974930,KU,knowledge-update,2023/10/26 (Thu) 11:44,semantic,5,1.0,1.0,1.0,1.0,0.0771000004533561,,,254,2,2,False,0,0,0,0,409.5236220472441,1067,84,0.3307086614173228,0.6221574481547348,0.0291298361997002,0.5633113980293274,0.8051329851150513,0.5,0.2903860868332549,0.0,1.0,False,False,True,True,10047737856,answer_c9f5693c_1::round_1|answer_c9f5693c_1::round_0|answer_c9f5693c_1::round_3|answer_c9f5693c_2::round_3|705b5399_3::round_3,answer_c9f5693c_1|answer_c9f5693c_1|answer_c9f5693c_1|answer_c9f5693c_2|705b5399_3
830ce83f,KU,knowledge-update,2023/06/13 (Tue) 15:15,hybrid_raw,5,0.3333333333333333,1.0,0.5,0.3333333333333333,0.0743000000511528,,,257,3,2,False,0,0,0,0,404.92996108949416,880,79,0.3073929961089494,0.5886104974301408,0.0254551492005819,0.5294557809829712,0.7185017466545105,0.5,0.2903660430643427,0.0,1.0,False,False,True,True,10048196608,answer_0b1a0942_2::round_1|ultrachat_41238::round_2|ultrachat_41238::round_4|c6015a0c_3::round_5|c6015a0c_3::round_3,answer_0b1a0942_2|ultrachat_41238|ultrachat_41238|c6015a0c_3|c6015a0c_3
830ce83f,KU,knowledge-update,2023/06/13 (Tue) 15:15,recency,5,0.0,0.0,0.0,0.0,0.0262000003203866,,,257,3,2,False,0,0,0,0,404.92996108949416,880,79,0.3073929961089494,0.5886104974301408,0.0254551492005819,0.5294557809829712,0.7185017466545105,0.5,0.2903660430643427,0.0,1.0,False,False,True,True,10048196608,c6015a0c_3::round_5|c6015a0c_3::round_4|c6015a0c_3::round_3|c6015a0c_3::round_2|c6015a0c_3::round_1,c6015a0c_3|c6015a0c_3|c6015a0c_3|c6015a0c_3|c6015a0c_3
830ce83f,KU,knowledge-update,2023/06/13 (Tue) 15:15,semantic,5,0.6666666666666666,1.0,1.0,0.6666666666666666,0.079100000220933,,,257,3,2,False,0,0,0,0,404.92996108949416,880,79,0.3073929961089494,0.5886104974301408,0.0254551492005819,0.5294557809829712,0.7185017466545105,0.5,0.2903660430643427,0.0,1.0,False,False,True,True,10048196608,answer_0b1a0942_1::round_3|answer_0b1a0942_1::round_1|answer_0b1a0942_1::round_4|answer_0b1a0942_2::round_1|ultrachat_288747::round_1,answer_0b1a0942_1|answer_0b1a0942_1|answer_0b1a0942_1|answer_0b1a0942_2|ultrachat_288747
8550ddae,IE,single-session-user,2023/05/30 (Tue) 23:51,hybrid_raw,5,0.0,0.0,0.0,0.0,0.0675000001137959,,,229,1,1,True,0,0,0,0,466.2489082969432,2397,100,0.4366812227074236,0.6221917474634262,0.0450367010965384,0.5611408948898315,0.8268783092498779,0.5000000000000001,0.290573623503761,0.0,1.0,False,False,True,True,10048337920,d59a335d::round_4|d59a335d::round_2|d59a335d::round_5|d59a335d::round_3|d59a335d::round_1,d59a335d|d59a335d|d59a335d|d59a335d|d59a335d
8550ddae,IE,single-session-user,2023/05/30 (Tue) 23:51,recency,5,0.0,0.0,0.0,0.0,0.0145000003612949,,,229,1,1,True,0,0,0,0,466.2489082969432,2397,100,0.4366812227074236,0.6221917474634262,0.0450367010965384,0.5611408948898315,0.8268783092498779,0.5000000000000001,0.290573623503761,0.0,1.0,False,False,True,True,10048337920,d59a335d::round_5|d59a335d::round_4|d59a335d::round_3|d59a335d::round_2|d59a335d::round_1,d59a335d|d59a335d|d59a335d|d59a335d|d59a335d
8550ddae,IE,single-session-user,2023/05/30 (Tue) 23:51,semantic,5,0.0,0.0,1.0,0.0,0.0684999999975843,,,229,1,1,True,0,0,0,0,466.2489082969432,2397,100,0.4366812227074236,0.6221917474634262,0.0450367010965384,0.5611408948898315,0.8268783092498779,0.5000000000000001,0.290573623503761,0.0,1.0,False,False,True,True,10048337920,71cf5aeb_3::round_0|71cf5aeb_3::round_2|71cf5aeb_3::round_1|71cf5aeb_3::round_3|answer_c8354ae9::round_0,71cf5aeb_3|71cf5aeb_3|71cf5aeb_3|71cf5aeb_3|answer_c8354ae9
8752c811,IE,single-session-assistant,2023/05/30 (Tue) 21:25,hybrid_raw,5,0.0,0.0,0.0,0.0,0.073699999575183,,,247,1,1,True,0,0,0,0,421.63967611336034,2559,88,0.3562753036437247,0.6307789137971546,0.0256095063057838,0.5855407118797302,0.8027040958404541,0.5,0.2904347561648167,0.0,1.0,False,False,True,True,10047737856,93f23301_2::round_5|93f23301_2::round_4|93f23301_2::round_0|9b3611d7_1::round_5|9b3611d7_1::round_4,93f23301_2|93f23301_2|93f23301_2|9b3611d7_1|9b3611d7_1
8752c811,IE,single-session-assistant,2023/05/30 (Tue) 21:25,recency,5,0.0,0.0,0.0,0.0,0.0156999999489926,,,247,1,1,True,0,0,0,0,421.63967611336034,2559,88,0.3562753036437247,0.6307789137971546,0.0256095063057838,0.5855407118797302,0.8027040958404541,0.5,0.2904347561648167,0.0,1.0,False,False,True,True,10047737856,9b3611d7_1::round_5|9b3611d7_1::round_4|9b3611d7_1::round_3|9b3611d7_1::round_2|9b3611d7_1::round_1,9b3611d7_1|9b3611d7_1|9b3611d7_1|9b3611d7_1|9b3611d7_1
8752c811,IE,single-session-assistant,2023/05/30 (Tue) 21:25,semantic,5,1.0,1.0,1.0,1.0,0.0755999999455525,,,247,1,1,True,0,0,0,0,421.63967611336034,2559,88,0.3562753036437247,0.6307789137971546,0.0256095063057838,0.5855407118797302,0.8027040958404541,0.5,0.2904347561648167,0.0,1.0,False,False,True,True,10047737856,answer_sharegpt_6pWK9yx_0::round_0|answer_sharegpt_6pWK9yx_0::round_2|answer_sharegpt_6pWK9yx_0::round_1|05b84f71_6::round_0|sharegpt_Bjn7mKF_360::round_3,answer_sharegpt_6pWK9yx_0|answer_sharegpt_6pWK9yx_0|answer_sharegpt_6pWK9yx_0|05b84f71_6|sharegpt_Bjn7mKF_360
8979f9ec,MR,multi-session,2023/05/30 (Tue) 21:03,hybrid_raw,5,0.0,0.0,0.0,0.0,0.0710999993316363,,,235,2,2,True,0,0,0,0,451.68936170212766,830,109,0.4638297872340425,0.6052932792521538,0.0304487262854355,0.5532294511795044,0.7445365786552429,0.5,0.2905249614201368,0.0,1.0,False,False,True,True,10047892480,e2cd250e_2::round_5|ultrachat_562471::round_1|cea93059_2::round_3|e2cd250e_2::round_4|e2cd250e_2::round_3,e2cd250e_2|ultrachat_562471|cea93059_2|e2cd250e_2|e2cd250e_2
8979f9ec,MR,multi-session,2023/05/30 (Tue) 21:03,recency,5,0.0,0.0,0.0,0.0,0.0151000003825174,,,235,2,2,True,0,0,0,0,451.68936170212766,830,109,0.4638297872340425,0.6052932792521538,0.0304487262854355,0.5532294511795044,0.7445365786552429,0.5,0.2905249614201368,0.0,1.0,False,False,True,True,10047892480,cea93059_2::round_5|cea93059_2::round_4|cea93059_2::round_3|cea93059_2::round_2|cea93059_2::round_1,cea93059_2|cea93059_2|cea93059_2|cea93059_2|cea93059_2
8979f9ec,MR,multi-session,2023/05/30 (Tue) 21:03,semantic,5,1.0,1.0,1.0,1.0,0.0704000003679539,,,235,2,2,True,0,0,0,0,451.68936170212766,830,109,0.4638297872340425,0.6052932792521538,0.0304487262854355,0.5532294511795044,0.7445365786552429,0.5,0.2905249614201368,0.0,1.0,False,False,True,True,10047892480,answer_35e36341_2::round_1|answer_35e36341_2::round_0|1064ed80_2::round_3|answer_35e36341_1::round_0|1064ed80_2::round_4,answer_35e36341_2|answer_35e36341_2|1064ed80_2|answer_35e36341_1|1064ed80_2
89941a93,KU,knowledge-update,2023/10/27 (Fri) 13:00,hybrid_raw,5,0.0,0.0,0.0,0.0,0.0750999997762846,,,265,2,2,False,0,0,0,0,399.0641509433962,1655,92,0.3471698113207547,0.6145283651801775,0.0342294642646998,0.561711847782135,0.8187678456306458,0.5,0.2903148194080379,0.0,1.0,False,False,True,True,10048172032,fd806a19::round_5|742ea86b_1::round_5|742ea86b_1::round_4|fd806a19::round_3|fd806a19::round_2,fd806a19|742ea86b_1|742ea86b_1|fd806a19|fd806a19
89941a93,KU,knowledge-update,2023/10/27 (Fri) 13:00,recency,5,0.0,0.0,0.0,0.0,0.02059999951598,,,265,2,2,False,0,0,0,0,399.0641509433962,1655,92,0.3471698113207547,0.6145283651801775,0.0342294642646998,0.561711847782135,0.8187678456306458,0.5,0.2903148194080379,0.0,1.0,False,False,True,True,10048172032,fd806a19::round_5|fd806a19::round_4|fd806a19::round_3|fd806a19::round_2|fd806a19::round_1,fd806a19|fd806a19|fd806a19|fd806a19|fd806a19
89941a93,KU,knowledge-update,2023/10/27 (Fri) 13:00,semantic,5,1.0,1.0,1.0,1.0,0.0793999997767969,,,265,2,2,False,0,0,0,0,399.0641509433962,1655,92,0.3471698113207547,0.6145283651801775,0.0342294642646998,0.561711847782135,0.8187678456306458,0.5,0.2903148194080379,0.0,1.0,False,False,True,True,10048172032,answer_e1403127_1::round_3|answer_e1403127_2::round_2|answer_e1403127_1::round_2|answer_e1403127_2::round_3|answer_e1403127_2::round_0,answer_e1403127_1|answer_e1403127_2|answer_e1403127_1|answer_e1403127_2|answer_e1403127_2
8a137a7f,IE,single-session-user,2023/05/30 (Tue) 14:18,hybrid_raw,5,0.0,0.0,0.0,0.0,0.0744999997550621,,,259,1,1,True,0,0,0,0,407.3281853281853,2873,87,0.3359073359073359,0.6011911888380308,0.0317468168054735,0.5471802353858948,0.8090113997459412,0.5,0.2903529394329141,0.0,1.0,False,False,True,True,10047907840,683fdb17::round_3|sharegpt_o1SCEXR_23::round_2|sharegpt_o1SCEXR_23::round_0|sharegpt_o1SCEXR_23::round_1|683fdb17::round_4,683fdb17|sharegpt_o1SCEXR_23|sharegpt_o1SCEXR_23|sharegpt_o1SCEXR_23|683fdb17
8a137a7f,IE,single-session-user,2023/05/30 (Tue) 14:18,recency,5,0.0,0.0,0.0,0.0,0.0165999999808263,,,259,1,1,True,0,0,0,0,407.3281853281853,2873,87,0.3359073359073359,0.6011911888380308,0.0317468168054735,0.5471802353858948,0.8090113997459412,0.5,0.2903529394329141,0.0,1.0,False,False,True,True,10047907840,sharegpt_o1SCEXR_23::round_2|sharegpt_o1SCEXR_23::round_1|sharegpt_o1SCEXR_23::round_0|683fdb17::round_5|683fdb17::round_4,sharegpt_o1SCEXR_23|sharegpt_o1SCEXR_23|sharegpt_o1SCEXR_23|683fdb17|683fdb17
8a137a7f,IE,single-session-user,2023/05/30 (Tue) 14:18,semantic,5,1.0,1.0,1.0,1.0,0.0772999997025181,,,259,1,1,True,0,0,0,0,407.3281853281853,2873,87,0.3359073359073359,0.6011911888380308,0.0317468168054735,0.5471802353858948,0.8090113997459412,0.5,0.2903529394329141,0.0,1.0,False,False,True,True,10047907840,answer_15d63a22::round_1|answer_15d63a22::round_5|answer_15d63a22::round_4|answer_15d63a22::round_0|answer_15d63a22::round_2,answer_15d63a22|answer_15d63a22|answer_15d63a22|answer_15d63a22|answer_15d63a22
8aef76bc,IE,single-session-assistant,2023/05/30 (Tue) 05:06,hybrid_raw,5,0.0,0.0,0.0,0.0,0.0735000003260211,,,247,1,1,True,0,0,0,0,428.6194331983806,1045,98,0.3967611336032389,0.6210679737662497,0.0286563408215513,0.5500208139419556,0.7993425130844116,0.5,0.2904347561648167,0.0,1.0,False,False,True,True,10047737856,44b1595a::round_5|44b1595a::round_4|ultrachat_283910::round_3|ultrachat_283910::round_1|ultrachat_283910::round_0,44b1595a|44b1595a|ultrachat_283910|ultrachat_283910|ultrachat_283910
8aef76bc,IE,single-session-assistant,2023/05/30 (Tue) 05:06,recency,5,0.0,0.0,0.0,0.0,0.0160999998115585,,,247,1,1,True,0,0,0,0,428.6194331983806,1045,98,0.3967611336032389,0.6210679737662497,0.0286563408215513,0.5500208139419556,0.7993425130844116,0.5,0.2904347561648167,0.0,1.0,False,False,True,True,10047737856,ultrachat_283910::round_3|ultrachat_283910::round_2|ultrachat_283910::round_1|ultrachat_283910::round_0|44b1595a::round_5,ultrachat_283910|ultrachat_283910|ultrachat_283910|ultrachat_283910|44b1595a
8aef76bc,IE,single-session-assistant,2023/05/30 (Tue) 05:06,semantic,5,1.0,1.0,1.0,1.0,0.0759000004109111,,,247,1,1,True,0,0,0,0,428.6194331983806,1045,98,0.3967611336032389,0.6210679737662497,0.0286563408215513,0.5500208139419556,0.7993425130844116,0.5,0.2904347561648167,0.0,1.0,False,False,True,True,10047737856,answer_ultrachat_563222::round_0|answer_ultrachat_563222::round_1|answer_ultrachat_563222::round_2|answer_ultrachat_563222::round_3|87a183c1_3::round_5,answer_ultrachat_563222|answer_ultrachat_563222|answer_ultrachat_563222|answer_ultrachat_563222|87a183c1_3
8b9d4367,IE,single-session-assistant,2023/05/30 (Tue) 07:53,hybrid_raw,5,0.0,0.0,0.0,0.0,0.0764999995226389,,,270,1,1,True,0,0,0,0,388.4222222222222,1227,85,0.3148148148148148,0.611272331961879,0.0249564230772493,0.5560715198516846,0.77663654088974,0.5,0.2902843513342834,0.0,1.0,False,False,True,True,10047867904,sharegpt_iHP3XDi_39::round_9|sharegpt_iHP3XDi_39::round_8|sharegpt_iHP3XDi_39::round_6|sharegpt_iHP3XDi_39::round_4|sharegpt_iHP3XDi_39::round_3,sharegpt_iHP3XDi_39|sharegpt_iHP3XDi_39|sharegpt_iHP3XDi_39|sharegpt_iHP3XDi_39|sharegpt_iHP3XDi_39
8b9d4367,IE,single-session-assistant,2023/05/30 (Tue) 07:53,recency,5,0.0,0.0,0.0,0.0,0.0168000005942303,,,270,1,1,True,0,0,0,0,388.4222222222222,1227,85,0.3148148148148148,0.611272331961879,0.0249564230772493,0.5560715198516846,0.77663654088974,0.5,0.2902843513342834,0.0,1.0,False,False,True,True,10047867904,sharegpt_iHP3XDi_39::round_9|sharegpt_iHP3XDi_39::round_8|sharegpt_iHP3XDi_39::round_7|sharegpt_iHP3XDi_39::round_6|sharegpt_iHP3XDi_39::round_5,sharegpt_iHP3XDi_39|sharegpt_iHP3XDi_39|sharegpt_iHP3XDi_39|sharegpt_iHP3XDi_39|sharegpt_iHP3XDi_39
8b9d4367,IE,single-session-assistant,2023/05/30 (Tue) 07:53,semantic,5,1.0,1.0,1.0,1.0,0.0802000004114233,,,270,1,1,True,0,0,0,0,388.4222222222222,1227,85,0.3148148148148148,0.611272331961879,0.0249564230772493,0.5560715198516846,0.77663654088974,0.5,0.2902843513342834,0.0,1.0,False,False,True,True,10047867904,answer_ultrachat_289157::round_1|answer_ultrachat_289157::round_2|answer_ultrachat_289157::round_0|sharegpt_MHiC4J8_0::round_2|sharegpt_WZzri9J_0::round_0,answer_ultrachat_289157|answer_ultrachat_289157|answer_ultrachat_289157|sharegpt_MHiC4J8_0|sharegpt_WZzri9J_0
8c18457d,TR,temporal-reasoning,2023/03/29 (Wed) 13:43,hybrid_raw,5,0.3333333333333333,1.0,0.5,0.3333333333333333,0.0670000008540228,,,218,3,2,False,0,0,14,2,481.605504587156,2878,104,0.4770642201834862,0.61477637263613,0.0283002684424998,0.5717529654502869,0.7692341804504395,0.5,0.2906698237916701,0.0,1.0,False,False,True,True,10047886336,answer_124f5dc3_2::round_4|answer_124f5dc3_2::round_3|b53f447a_1::round_2|answer_124f5dc3_2::round_5|b53f447a_1::round_4,answer_124f5dc3_2|answer_124f5dc3_2|b53f447a_1|answer_124f5dc3_2|b53f447a_1
8c18457d,TR,temporal-reasoning,2023/03/29 (Wed) 13:43,recency,5,0.0,0.0,0.0,0.0,0.027300000510877,,,218,3,2,False,0,0,14,2,481.605504587156,2878,104,0.4770642201834862,0.61477637263613,0.0283002684424998,0.5717529654502869,0.7692341804504395,0.5,0.2906698237916701,0.0,1.0,False,False,True,True,10047886336,b53f447a_1::round_5|b53f447a_1::round_4|b53f447a_1::round_3|b53f447a_1::round_2|b53f447a_1::round_1,b53f447a_1|b53f447a_1|b53f447a_1|b53f447a_1|b53f447a_1
8c18457d,TR,temporal-reasoning,2023/03/29 (Wed) 13:43,semantic,5,0.3333333333333333,1.0,1.0,0.3333333333333333,0.0662000002193963,,,218,3,2,False,0,0,14,2,481.605504587156,2878,104,0.4770642201834862,0.61477637263613,0.0283002684424998,0.5717529654502869,0.7692341804504395,0.5,0.2906698237916701,0.0,1.0,False,False,True,True,10047886336,98cd882c_2::round_0|98cd882c_2::round_1|answer_124f5dc3_2::round_4|answer_124f5dc3_1::round_0|answer_124f5dc3_2::round_3,98cd882c_2|98cd882c_2|answer_124f5dc3_2|answer_124f5dc3_1|answer_124f5dc3_2
8cf4d046,MR,multi-session,2023/05/30 (Tue) 18:42,hybrid_raw,5,0.5,1.0,0.5,0.5,0.0717000002623535,,,236,2,2,True,0,0,0,0,444.40677966101697,4623,93,0.3940677966101695,0.590777496412649,0.0196372089591939,0.5413368344306946,0.6722760200500488,0.4999999999999999,0.2905170925735878,0.0,1.0,False,False,True,True,10047737856,answer_e2278b24_2::round_0|sharegpt_WjpyexI_15::round_4|answer_e2278b24_2::round_5|sharegpt_WjpyexI_15::round_2|sharegpt_WjpyexI_15::round_1,answer_e2278b24_2|sharegpt_WjpyexI_15|answer_e2278b24_2|sharegpt_WjpyexI_15|sharegpt_WjpyexI_15
8cf4d046,MR,multi-session,2023/05/30 (Tue) 18:42,recency,5,0.5,1.0,0.5,0.5,0.0153999999383813,,,236,2,2,True,0,0,0,0,444.40677966101697,4623,93,0.3940677966101695,0.590777496412649,0.0196372089591939,0.5413368344306946,0.6722760200500488,0.4999999999999999,0.2905170925735878,0.0,1.0,False,False,True,True,10047737856,ultrachat_253134::round_3|ultrachat_253134::round_2|ultrachat_253134::round_1|ultrachat_253134::round_0|answer_e2278b24_2::round_5,ultrachat_253134|ultrachat_253134|ultrachat_253134|ultrachat_253134|answer_e2278b24_2
8cf4d046,MR,multi-session,2023/05/30 (Tue) 18:42,semantic,5,0.5,1.0,1.0,0.5,0.0710000003891764,,,236,2,2,True,0,0,0,0,444.40677966101697,4623,93,0.3940677966101695,0.590777496412649,0.0196372089591939,0.5413368344306946,0.6722760200500488,0.4999999999999999,0.2905170925735878,0.0,1.0,False,False,True,True,10047737856,answer_e2278b24_2::round_0|sharegpt_WjpyexI_15::round_4|answer_e2278b24_1::round_0|ultrachat_554855::round_2|ultrachat_554855::round_3,answer_e2278b24_2|sharegpt_WjpyexI_15|answer_e2278b24_1|ultrachat_554855|ultrachat_554855
8fb83627,KU,knowledge-update,2023/08/14 (Mon) 23:19,hybrid_raw,5,0.3333333333333333,1.0,0.5,0.3333333333333333,0.0725999998394399,,,244,3,2,False,0,0,0,0,427.8155737704918,1002,105,0.430327868852459,0.6025980725640157,0.0320014870380495,0.5642558336257935,0.8173458576202393,0.5,0.2904564725261432,0.0,1.0,False,False,True,True,10048110592,answer_966cecbb_2::round_5|answer_966cecbb_2::round_1|answer_966cecbb_2::round_4|answer_966cecbb_2::round_0|answer_966cecbb_2::round_3,answer_966cecbb_2|answer_966cecbb_2|answer_966cecbb_2|answer_966cecbb_2|answer_966cecbb_2
8fb83627,KU,knowledge-update,2023/08/14 (Mon) 23:19,recency,5,0.0,0.0,0.0,0.0,0.0181999994310899,,,244,3,2,False,0,0,0,0,427.8155737704918,1002,105,0.430327868852459,0.6025980725640157,0.0320014870380495,0.5642558336257935,0.8173458576202393,0.5,0.2904564725261432,0.0,1.0,False,False,True,True,10048110592,deb6dd25::round_5|deb6dd25::round_4|deb6dd25::round_3|deb6dd25::round_2|deb6dd25::round_1,deb6dd25|deb6dd25|deb6dd25|deb6dd25|deb6dd25
8fb83627,KU,knowledge-update,2023/08/14 (Mon) 23:19,semantic,5,0.6666666666666666,1.0,0.5,0.6666666666666666,0.0741000003472436,,,244,3,2,False,0,0,0,0,427.8155737704918,1002,105,0.430327868852459,0.6025980725640157,0.0320014870380495,0.5642558336257935,0.8173458576202393,0.5,0.2904564725261432,0.0,1.0,False,False,True,True,10048110592,answer_966cecbb_1::round_5|answer_966cecbb_1::round_1|answer_966cecbb_1::round_0|answer_966cecbb_1::round_2|answer_966cecbb_1::round_3,answer_966cecbb_1|answer_966cecbb_1|answer_966cecbb_1|answer_966cecbb_1|answer_966cecbb_1
982b5123,TR,temporal-reasoning,2023/05/21 (Sun) 10:30,hybrid_raw,5,0.0,0.0,0.5,0.0,0.0707999988662777,,,238,2,2,False,0,0,19,2,448.4495798319328,828,107,0.4495798319327731,0.615019634741695,0.0260617482752232,0.5742886066436768,0.7246520519256592,0.5,0.2905015540230222,0.0,1.0,False,False,True,True,10048331776,ultrachat_8304::round_3|ultrachat_8304::round_4|sharegpt_3ry25EX_0::round_1|ultrachat_8304::round_1|answer_ab603dd5_1::round_4,ultrachat_8304|ultrachat_8304|sharegpt_3ry25EX_0|ultrachat_8304|answer_ab603dd5_1
982b5123,TR,temporal-reasoning,2023/05/21 (Sun) 10:30,recency,5,0.0,0.0,0.0,0.0,0.0288999999611405,,,238,2,2,False,0,0,19,2,448.4495798319328,828,107,0.4495798319327731,0.615019634741695,0.0260617482752232,0.5742886066436768,0.7246520519256592,0.5,0.2905015540230222,0.0,1.0,False,False,True,True,10048331776,ultrachat_8304::round_4|ultrachat_8304::round_3|ultrachat_8304::round_2|ultrachat_8304::round_1|ultrachat_8304::round_0,ultrachat_8304|ultrachat_8304|ultrachat_8304|ultrachat_8304|ultrachat_8304
982b5123,TR,temporal-reasoning,2023/05/21 (Sun) 10:30,semantic,5,1.0,1.0,1.0,1.0,0.0703000005159992,,,238,2,2,False,0,0,19,2,448.4495798319328,828,107,0.4495798319327731,0.615019634741695,0.0260617482752232,0.5742886066436768,0.7246520519256592,0.5,0.2905015540230222,0.0,1.0,False,False,True,True,10048331776,answer_ab603dd5_2::round_0|answer_ab603dd5_1::round_4|answer_ab603dd5_1::round_0|answer_ab603dd5_2::round_2|answer_ab603dd5_1::round_1,answer_ab603dd5_2|answer_ab603dd5_1|answer_ab603dd5_1|answer_ab603dd5_2|answer_ab603dd5_1
9a707b81,TR,temporal-reasoning,2022/04/15 (Fri) 18:46,hybrid_raw,5,0.5,1.0,0.5,0.5,0.0808000004326459,,,267,2,2,False,0,0,0,0,405.3333333333333,5746,70,0.2621722846441947,0.6179246706016055,0.0290911599327988,0.5638694763183594,0.713512659072876,0.5,0.290302494770947,0.0,1.0,False,False,True,True,10047737856,6862e478_2::round_3|6862e478_2::round_2|answer_dba89487_1::round_3|answer_dba89487_1::round_5|6862e478_2::round_1,6862e478_2|6862e478_2|answer_dba89487_1|answer_dba89487_1|6862e478_2
9a707b81,TR,temporal-reasoning,2022/04/15 (Fri) 18:46,recency,5,0.0,0.0,0.0,0.0,0.0245999999606283,,,267,2,2,False,0,0,0,0,405.3333333333333,5746,70,0.2621722846441947,0.6179246706016055,0.0290911599327988,0.5638694763183594,0.713512659072876,0.5,0.290302494770947,0.0,1.0,False,False,True,True,10047737856,6862e478_2::round_5|6862e478_2::round_4|6862e478_2::round_3|6862e478_2::round_2|6862e478_2::round_1,6862e478_2|6862e478_2|6862e478_2|6862e478_2|6862e478_2
9a707b81,TR,temporal-reasoning,2022/04/15 (Fri) 18:46,semantic,5,0.5,1.0,1.0,0.5,0.0804000010248273,,,267,2,2,False,0,0,0,0,405.3333333333333,5746,70,0.2621722846441947,0.6179246706016055,0.0290911599327988,0.5638694763183594,0.713512659072876,0.5,0.290302494770947,0.0,1.0,False,False,True,True,10047737856,answer_dba89487_2::round_1|answer_dba89487_2::round_0|answer_dba89487_2::round_3|answer_dba89487_1::round_3|answer_dba89487_2::round_5,answer_dba89487_2|answer_dba89487_2|answer_dba89487_2|answer_dba89487_1|answer_dba89487_2
9ea5eabc,KU,knowledge-update,2023/06/08 (Thu) 10:33,hybrid_raw,5,0.0,0.0,0.0,0.0,0.1468000000386382,,,270,2,2,False,0,0,0,0,390.4962962962963,4355,87,0.3222222222222222,0.6296741101476881,0.0274054047441218,0.5819144248962402,0.7264277935028076,0.5,0.2902843513342834,0.0,1.0,False,False,True,True,10048159744,sharegpt_mwblaPp_96::round_3|sharegpt_mwblaPp_96::round_5|ultrachat_512641::round_2|sharegpt_mwblaPp_96::round_4|sharegpt_mwblaPp_96::round_2,sharegpt_mwblaPp_96|sharegpt_mwblaPp_96|ultrachat_512641|sharegpt_mwblaPp_96|sharegpt_mwblaPp_96
9ea5eabc,KU,knowledge-update,2023/06/08 (Thu) 10:33,recency,5,0.0,0.0,0.0,0.0,0.0264999998762505,,,270,2,2,False,0,0,0,0,390.4962962962963,4355,87,0.3222222222222222,0.6296741101476881,0.0274054047441218,0.5819144248962402,0.7264277935028076,0.5,0.2902843513342834,0.0,1.0,False,False,True,True,10048159744,sharegpt_mwblaPp_96::round_5|sharegpt_mwblaPp_96::round_4|sharegpt_mwblaPp_96::round_3|sharegpt_mwblaPp_96::round_2|sharegpt_mwblaPp_96::round_1,sharegpt_mwblaPp_96|sharegpt_mwblaPp_96|sharegpt_mwblaPp_96|sharegpt_mwblaPp_96|sharegpt_mwblaPp_96
9ea5eabc,KU,knowledge-update,2023/06/08 (Thu) 10:33,semantic,5,0.0,0.0,0.5,0.0,0.0830000008136266,,,270,2,2,False,0,0,0,0,390.4962962962963,4355,87,0.3222222222222222,0.6296741101476881,0.0274054047441218,0.5819144248962402,0.7264277935028076,0.5,0.2902843513342834,0.0,1.0,False,False,True,True,10048159744,418c27fa::round_5|66cffcc7::round_3|66cffcc7::round_2|answer_02e66dec_1::round_2|ultrachat_512641::round_2,418c27fa|66cffcc7|66cffcc7|answer_02e66dec_1|ultrachat_512641
a1cc6108,MR,multi-session,2023/05/30 (Tue) 20:23,hybrid_raw,5,0.0,0.0,0.0,0.0,0.0732999997126171,,,249,2,2,True,0,0,0,0,418.3935742971888,1679,88,0.3534136546184739,0.602489153304732,0.020252175816396,0.5600877404212952,0.6875635385513306,0.5,0.2904205703808051,0.0,1.0,False,False,True,True,10047737856,7285299a_4::round_4|7285299a_4::round_5|7285299a_4::round_3|ac72b02a_2::round_5|7285299a_4::round_1,7285299a_4|7285299a_4|7285299a_4|ac72b02a_2|7285299a_4
a1cc6108,MR,multi-session,2023/05/30 (Tue) 20:23,recency,5,0.0,0.0,0.0,0.0,0.0156000005517853,,,249,2,2,True,0,0,0,0,418.3935742971888,1679,88,0.3534136546184739,0.602489153304732,0.020252175816396,0.5600877404212952,0.6875635385513306,0.5,0.2904205703808051,0.0,1.0,False,False,True,True,10047737856,7285299a_4::round_5|7285299a_4::round_4|7285299a_4::round_3|7285299a_4::round_2|7285299a_4::round_1,7285299a_4|7285299a_4|7285299a_4|7285299a_4|7285299a_4
a1cc6108,MR,multi-session,2023/05/30 (Tue) 20:23,semantic,5,1.0,1.0,1.0,1.0,0.0770999995438614,,,249,2,2,True,0,0,0,0,418.3935742971888,1679,88,0.3534136546184739,0.602489153304732,0.020252175816396,0.5600877404212952,0.6875635385513306,0.5,0.2904205703808051,0.0,1.0,False,False,True,True,10047737856,answer_17dc2f5b_1::round_0|fb328ace_1::round_5|answer_17dc2f5b_2::round_4|answer_17dc2f5b_2::round_1|sharegpt_vmvA9cT_0::round_0,answer_17dc2f5b_1|fb328ace_1|answer_17dc2f5b_2|answer_17dc2f5b_2|sharegpt_vmvA9cT_0
a1eacc2a,KU,knowledge-update,2023/06/20 (Tue) 17:03,hybrid_raw,5,0.0,0.0,0.0,0.0,0.0712000000930856,,,239,2,2,False,0,0,0,0,441.510460251046,904,96,0.401673640167364,0.6270579378973988,0.0355850808399525,0.5519030094146729,0.8174828886985779,0.5,0.290493882646111,0.0,1.0,False,False,True,True,10047737856,521255f7_2::round_3|521255f7_2::round_0|521255f7_2::round_4|521255f7_2::round_2|521255f7_2::round_5,521255f7_2|521255f7_2|521255f7_2|521255f7_2|521255f7_2
a1eacc2a,KU,knowledge-update,2023/06/20 (Tue) 17:03,recency,5,0.0,0.0,0.0,0.0,0.0255000004472094,,,239,2,2,False,0,0,0,0,441.510460251046,904,96,0.401673640167364,0.6270579378973988,0.0355850808399525,0.5519030094146729,0.8174828886985779,0.5,0.290493882646111,0.0,1.0,False,False,True,True,10047737856,1ccb1920::round_5|1ccb1920::round_4|1ccb1920::round_3|1ccb1920::round_2|1ccb1920::round_1,1ccb1920|1ccb1920|1ccb1920|1ccb1920|1ccb1920
a1eacc2a,KU,knowledge-update,2023/06/20 (Tue) 17:03,semantic,5,0.5,1.0,1.0,0.5,0.0726999996913946,,,239,2,2,False,0,0,0,0,441.510460251046,904,96,0.401673640167364,0.6270579378973988,0.0355850808399525,0.5519030094146729,0.8174828886985779,0.5,0.290493882646111,0.0,1.0,False,False,True,True,10047737856,answer_0eb23770_1::round_1|answer_0eb23770_2::round_3|521255f7_2::round_3|answer_0eb23770_1::round_2|521255f7_2::round_0,answer_0eb23770_1|answer_0eb23770_2|521255f7_2|answer_0eb23770_1|521255f7_2
a2f3aa27,KU,knowledge-update,2023/06/15 (Thu) 23:26,hybrid_raw,5,0.0,0.0,0.0,0.0,0.0682999998389277,,,227,2,2,False,0,0,0,0,463.863436123348,906,109,0.4801762114537445,0.6232753711124874,0.0303014921003397,0.566101610660553,0.7885602712631226,0.5,0.2905904181744118,0.0,1.0,False,False,True,True,10047737856,sharegpt_HXQNNyd_0::round_0|sharegpt_qqD89KE_35::round_4|sharegpt_qqD89KE_35::round_1|sharegpt_qqD89KE_35::round_2|sharegpt_qqD89KE_35::round_0,sharegpt_HXQNNyd_0|sharegpt_qqD89KE_35|sharegpt_qqD89KE_35|sharegpt_qqD89KE_35|sharegpt_qqD89KE_35
a2f3aa27,KU,knowledge-update,2023/06/15 (Thu) 23:26,recency,5,0.0,0.0,0.0,0.0,0.0271999997494276,,,227,2,2,False,0,0,0,0,463.863436123348,906,109,0.4801762114537445,0.6232753711124874,0.0303014921003397,0.566101610660553,0.7885602712631226,0.5,0.2905904181744118,0.0,1.0,False,False,True,True,10047737856,sharegpt_qqD89KE_35::round_4|sharegpt_qqD89KE_35::round_3|sharegpt_qqD89KE_35::round_2|sharegpt_qqD89KE_35::round_1|sharegpt_qqD89KE_35::round_0,sharegpt_qqD89KE_35|sharegpt_qqD89KE_35|sharegpt_qqD89KE_35|sharegpt_qqD89KE_35|sharegpt_qqD89KE_35
a2f3aa27,KU,knowledge-update,2023/06/15 (Thu) 23:26,semantic,5,1.0,1.0,1.0,1.0,0.0683999996908824,,,227,2,2,False,0,0,0,0,463.863436123348,906,109,0.4801762114537445,0.6232753711124874,0.0303014921003397,0.566101610660553,0.7885602712631226,0.5,0.2905904181744118,0.0,1.0,False,False,True,True,10047737856,answer_5126c02d_1::round_1|answer_5126c02d_2::round_2|answer_5126c02d_1::round_0|answer_5126c02d_2::round_0|answer_5126c02d_2::round_1,answer_5126c02d_1|answer_5126c02d_2|answer_5126c02d_1|answer_5126c02d_2|answer_5126c02d_2
a346bb18,MR,multi-session,2023/05/30 (Tue) 22:30,hybrid_raw,5,0.0,0.0,0.0,0.0,0.0701999997545499,,,239,2,2,True,0,0,0,0,446.4644351464435,1550,94,0.3933054393305439,0.6240215920005383,0.0262923153043992,0.5772894024848938,0.7197027206420898,0.4999999999999999,0.290493882646111,0.0,1.0,False,False,True,True,10047895552,771ba1d5::round_2|771ba1d5::round_1|771ba1d5::round_5|feb5f98a_1::round_2|771ba1d5::round_0,771ba1d5|771ba1d5|771ba1d5|feb5f98a_1|771ba1d5
a346bb18,MR,multi-session,2023/05/30 (Tue) 22:30,recency,5,0.0,0.0,0.0,0.0,0.0146000002132495,,,239,2,2,True,0,0,0,0,446.4644351464435,1550,94,0.3933054393305439,0.6240215920005383,0.0262923153043992,0.5772894024848938,0.7197027206420898,0.4999999999999999,0.290493882646111,0.0,1.0,False,False,True,True,10047895552,771ba1d5::round_5|771ba1d5::round_4|771ba1d5::round_3|771ba1d5::round_2|771ba1d5::round_1,771ba1d5|771ba1d5|771ba1d5|771ba1d5|771ba1d5
a346bb18,MR,multi-session,2023/05/30 (Tue) 22:30,semantic,5,0.0,0.0,0.5,0.0,0.0740000004952889,,,239,2,2,True,0,0,0,0,446.4644351464435,1550,94,0.3933054393305439,0.6240215920005383,0.0262923153043992,0.5772894024848938,0.7197027206420898,0.4999999999999999,0.290493882646111,0.0,1.0,False,False,True,True,10047895552,2655efcc_1::round_2|771ba1d5::round_2|f2caee6b::round_3|answer_4934b2d7_2::round_2|feb5f98a_1::round_2,2655efcc_1|771ba1d5|f2caee6b|answer_4934b2d7_2|feb5f98a_1
a3838d2b,TR,temporal-reasoning,2023/11/29 (Wed) 03:31,hybrid_raw,5,0.0,0.0,0.0,0.0,0.0753999993321485,,,243,6,6,False,0,0,43,6,428.0740740740741,3071,83,0.3415637860082304,0.6111458679776133,0.0385989750523534,0.560289204120636,0.7923039197921753,0.5,0.2904638309221483,0.0,1.0,False,False,True,True,10047737856,10305ca9_2::round_2|10305ca9_2::round_3|2fe5510e_4::round_4|2fe5510e_4::round_1|2fe5510e_4::round_5,10305ca9_2|10305ca9_2|2fe5510e_4|2fe5510e_4|2fe5510e_4
a3838d2b,TR,temporal-reasoning,2023/11/29 (Wed) 03:31,recency,5,0.0,0.0,0.0,0.0,0.0289999989036005,,,243,6,6,False,0,0,43,6,428.0740740740741,3071,83,0.3415637860082304,0.6111458679776133,0.0385989750523534,0.560289204120636,0.7923039197921753,0.5,0.2904638309221483,0.0,1.0,False,False,True,True,10047737856,2fe5510e_4::round_5|2fe5510e_4::round_4|2fe5510e_4::round_3|2fe5510e_4::round_2|2fe5510e_4::round_1,2fe5510e_4|2fe5510e_4|2fe5510e_4|2fe5510e_4|2fe5510e_4
a3838d2b,TR,temporal-reasoning,2023/11/29 (Wed) 03:31,semantic,5,0.3333333333333333,1.0,0.5,0.3333333333333333,0.073700000939425,,,243,6,6,False,0,0,43,6,428.0740740740741,3071,83,0.3415637860082304,0.6111458679776133,0.0385989750523534,0.560289204120636,0.7923039197921753,0.5,0.2904638309221483,0.0,1.0,False,False,True,True,10047737856,answer_4ffa04a2_1::round_4|answer_4ffa04a2_1::round_3|answer_4ffa04a2_1::round_0|answer_4ffa04a2_2::round_0|answer_4ffa04a2_6::round_4,answer_4ffa04a2_1|answer_4ffa04a2_1|answer_4ffa04a2_1|answer_4ffa04a2_2|answer_4ffa04a2_6
a40e080f,IE,single-session-assistant,2023/05/30 (Tue) 19:28,hybrid_raw,5,0.0,0.0,0.0,0.0,0.0753999993321485,,,270,1,1,True,0,0,0,0,393.2,1125,90,0.3333333333333333,0.6163458340697818,0.0368606700058958,0.5609946846961975,0.9210513234138488,0.5,0.2902843513342834,0.0,1.0,False,False,True,True,10048282624,4fd6129f_1::round_5|4fd6129f_1::round_4|4fd6129f_1::round_1|4fd6129f_1::round_2|sharegpt_fyAkcGP_81::round_4,4fd6129f_1|4fd6129f_1|4fd6129f_1|4fd6129f_1|sharegpt_fyAkcGP_81
a40e080f,IE,single-session-assistant,2023/05/30 (Tue) 19:28,recency,5,0.0,0.0,0.0,0.0,0.0159000001076492,,,270,1,1,True,0,0,0,0,393.2,1125,90,0.3333333333333333,0.6163458340697818,0.0368606700058958,0.5609946846961975,0.9210513234138488,0.5,0.2902843513342834,0.0,1.0,False,False,True,True,10048282624,4fd6129f_1::round_5|4fd6129f_1::round_4|4fd6129f_1::round_3|4fd6129f_1::round_2|4fd6129f_1::round_1,4fd6129f_1|4fd6129f_1|4fd6129f_1|4fd6129f_1|4fd6129f_1
a40e080f,IE,single-session-assistant,2023/05/30 (Tue) 19:28,semantic,5,1.0,1.0,1.0,1.0,0.0796000003902008,,,270,1,1,True,0,0,0,0,393.2,1125,90,0.3333333333333333,0.6163458340697818,0.0368606700058958,0.5609946846961975,0.9210513234138488,0.5,0.2902843513342834,0.0,1.0,False,False,True,True,10048282624,answer_ultrachat_269020::round_3|answer_ultrachat_269020::round_2|answer_ultrachat_269020::round_1|answer_ultrachat_269020::round_0|ultrachat_38966::round_4,answer_ultrachat_269020|answer_ultrachat_269020|answer_ultrachat_269020|answer_ultrachat_269020|ultrachat_38966
a4996e51,MR,multi-session,2023/05/30 (Tue) 15:17,hybrid_raw,5,0.0,0.0,0.5,0.0,0.0756999997975071,,,258,2,2,True,0,0,0,0,413.7403100775194,1239,96,0.3720930232558139,0.6243778596552767,0.0281013335037698,0.5829755067825317,0.7717965841293335,0.5,0.2903594657633106,0.0,1.0,False,False,True,True,10048147456,answer_feb5f98a_2::round_2|sharegpt_xtXzOxh_71::round_6|answer_feb5f98a_2::round_0|sharegpt_xtXzOxh_71::round_9|sharegpt_xtXzOxh_71::round_5,answer_feb5f98a_2|sharegpt_xtXzOxh_71|answer_feb5f98a_2|sharegpt_xtXzOxh_71|sharegpt_xtXzOxh_71
a4996e51,MR,multi-session,2023/05/30 (Tue) 15:17,recency,5,0.0,0.0,0.0,0.0,0.0153000000864267,,,258,2,2,True,0,0,0,0,413.7403100775194,1239,96,0.3720930232558139,0.6243778596552767,0.0281013335037698,0.5829755067825317,0.7717965841293335,0.5,0.2903594657633106,0.0,1.0,False,False,True,True,10048147456,sharegpt_xtXzOxh_71::round_9|sharegpt_xtXzOxh_71::round_8|sharegpt_xtXzOxh_71::round_7|sharegpt_xtXzOxh_71::round_6|sharegpt_xtXzOxh_71::round_5,sharegpt_xtXzOxh_71|sharegpt_xtXzOxh_71|sharegpt_xtXzOxh_71|sharegpt_xtXzOxh_71|sharegpt_xtXzOxh_71
a4996e51,MR,multi-session,2023/05/30 (Tue) 15:17,semantic,5,0.5,1.0,1.0,0.5,0.0779000001784879,,,258,2,2,True,0,0,0,0,413.7403100775194,1239,96,0.3720930232558139,0.6243778596552767,0.0281013335037698,0.5829755067825317,0.7717965841293335,0.5,0.2903594657633106,0.0,1.0,False,False,True,True,10048147456,answer_feb5f98a_2::round_2|answer_feb5f98a_1::round_3|answer_feb5f98a_2::round_0|answer_feb5f98a_1::round_0|answer_feb5f98a_1::round_1,answer_feb5f98a_2|answer_feb5f98a_1|answer_feb5f98a_2|answer_feb5f98a_1|answer_feb5f98a_1
a82c026e,IE,single-session-user,2023/05/30 (Tue) 21:26,hybrid_raw,5,0.0,0.0,0.0,0.0,0.0703999999132065,,,240,1,1,True,0,0,0,0,443.8333333333333,2878,92,0.3833333333333333,0.6004705178240936,0.0235010556115847,0.5594598054885864,0.7188358306884766,0.5,0.2904862754428415,0.0,1.0,False,False,True,True,10047737856,d49c8d20_2::round_5|d49c8d20_2::round_3|d49c8d20_2::round_1|d49c8d20_2::round_2|d49c8d20_2::round_4,d49c8d20_2|d49c8d20_2|d49c8d20_2|d49c8d20_2|d49c8d20_2
a82c026e,IE,single-session-user,2023/05/30 (Tue) 21:26,recency,5,0.0,0.0,0.0,0.0,0.0148999997691134,,,240,1,1,True,0,0,0,0,443.8333333333333,2878,92,0.3833333333333333,0.6004705178240936,0.0235010556115847,0.5594598054885864,0.7188358306884766,0.5,0.2904862754428415,0.0,1.0,False,False,True,True,10047737856,d49c8d20_2::round_5|d49c8d20_2::round_4|d49c8d20_2::round_3|d49c8d20_2::round_2|d49c8d20_2::round_1,d49c8d20_2|d49c8d20_2|d49c8d20_2|d49c8d20_2|d49c8d20_2
a82c026e,IE,single-session-user,2023/05/30 (Tue) 21:26,semantic,5,1.0,1.0,1.0,1.0,0.0719999998182174,,,240,1,1,True,0,0,0,0,443.8333333333333,2878,92,0.3833333333333333,0.6004705178240936,0.0235010556115847,0.5594598054885864,0.7188358306884766,0.5,0.2904862754428415,0.0,1.0,False,False,True,True,10047737856,answer_787e6a6d::round_2|answer_787e6a6d::round_1|answer_787e6a6d::round_3|ccaabf0b_1::round_4|sharegpt_MBVSMQO_45::round_5,answer_787e6a6d|answer_787e6a6d|answer_787e6a6d|ccaabf0b_1|sharegpt_MBVSMQO_45
a89d7624,IE,single-session-preference,2023/05/30 (Tue) 21:17,hybrid_raw,5,0.0,0.0,0.0,0.0,0.0786000000516651,,,251,2,1,True,0,0,0,0,418.3426294820717,979,94,0.3745019920318725,0.636165084354431,0.0296267394114797,0.5677162408828735,0.7624990344047546,0.5,0.2904066114949864,0.0,1.0,False,False,True,True,10048270336,sharegpt_lxjNrXL_11::round_0|sharegpt_uDliw4H_0::round_0|ultrachat_572842::round_3|sharegpt_lxjNrXL_11::round_2|9d5af57c_2::round_5,sharegpt_lxjNrXL_11|sharegpt_uDliw4H_0|ultrachat_572842|sharegpt_lxjNrXL_11|9d5af57c_2
a89d7624,IE,single-session-preference,2023/05/30 (Tue) 21:17,recency,5,0.0,0.0,0.0,0.0,0.0159000001076492,,,251,2,1,True,0,0,0,0,418.3426294820717,979,94,0.3745019920318725,0.636165084354431,0.0296267394114797,0.5677162408828735,0.7624990344047546,0.5,0.2904066114949864,0.0,1.0,False,False,True,True,10048270336,ultrachat_572842::round_3|ultrachat_572842::round_2|ultrachat_572842::round_1|ultrachat_572842::round_0|sharegpt_uDliw4H_0::round_1,ultrachat_572842|ultrachat_572842|ultrachat_572842|ultrachat_572842|sharegpt_uDliw4H_0
a89d7624,IE,single-session-preference,2023/05/30 (Tue) 21:17,semantic,5,0.0,0.0,0.0,0.0,0.0755000000935979,,,251,2,1,True,0,0,0,0,418.3426294820717,979,94,0.3745019920318725,0.636165084354431,0.0296267394114797,0.5677162408828735,0.7624990344047546,0.5,0.2904066114949864,0.0,1.0,False,False,True,True,10048270336,39a056ae::round_1|39a056ae::round_5|ultrachat_383054::round_2|39a056ae::round_3|a479a7d6_4::round_0,39a056ae|39a056ae|ultrachat_383054|39a056ae|a479a7d6_4
a9f6b44c,MR,multi-session,2023/03/20 (Mon) 23:57,hybrid_raw,5,0.0,0.0,0.0,0.0,0.0702999996065045,,,239,4,3,True,0,0,0,0,441.68200836820085,858,93,0.3891213389121339,0.6222715148367144,0.0319470757618716,0.5796796083450317,0.7490904331207275,0.4999999999999999,0.290493882646111,0.0,1.0,False,False,True,True,10047737856,d4ee4710::round_5|d4ee4710::round_4|d4ee4710::round_3|d4ee4710::round_2|aa3406a3_1::round_3,d4ee4710|d4ee4710|d4ee4710|d4ee4710|aa3406a3_1
a9f6b44c,MR,multi-session,2023/03/20 (Mon) 23:57,recency,5,0.0,0.0,0.0,0.0,0.0152000002344721,,,239,4,3,True,0,0,0,0,441.68200836820085,858,93,0.3891213389121339,0.6222715148367144,0.0319470757618716,0.5796796083450317,0.7490904331207275,0.4999999999999999,0.290493882646111,0.0,1.0,False,False,True,True,10047737856,d4ee4710::round_5|d4ee4710::round_4|d4ee4710::round_3|d4ee4710::round_2|d4ee4710::round_1,d4ee4710|d4ee4710|d4ee4710|d4ee4710|d4ee4710
a9f6b44c,MR,multi-session,2023/03/20 (Mon) 23:57,semantic,5,0.75,1.0,0.6666666666666666,0.75,0.0726999996913946,,,239,4,3,True,0,0,0,0,441.68200836820085,858,93,0.3891213389121339,0.6222715148367144,0.0319470757618716,0.5796796083450317,0.7490904331207275,0.4999999999999999,0.290493882646111,0.0,1.0,False,False,True,True,10047737856,answer_cc021f81_1::round_3|answer_cc021f81_3::round_4|answer_cc021f81_3::round_0|answer_cc021f81_3::round_3|answer_cc021f81_1::round_0,answer_cc021f81_1|answer_cc021f81_3|answer_cc021f81_3|answer_cc021f81_3|answer_cc021f81_1
ac031881,IE,single-session-assistant,2023/05/30 (Tue) 22:54,hybrid_raw,5,0.0,0.0,0.0,0.0,0.0847999999677995,,,265,1,1,True,0,0,0,0,392.3283018867925,3726,84,0.3169811320754717,0.6288669514206221,0.0418612711833594,0.5691972970962524,0.8194582462310791,0.5,0.2903148194080379,0.0,1.0,False,False,True,True,10048221184,c986f83a::round_3|c986f83a::round_2|c986f83a::round_0|ebb47912::round_3|ebb47912::round_2,c986f83a|c986f83a|c986f83a|ebb47912|ebb47912
ac031881,IE,single-session-assistant,2023/05/30 (Tue) 22:54,recency,5,0.0,0.0,0.0,0.0,0.0159000001076492,,,265,1,1,True,0,0,0,0,392.3283018867925,3726,84,0.3169811320754717,0.6288669514206221,0.0418612711833594,0.5691972970962524,0.8194582462310791,0.5,0.2903148194080379,0.0,1.0,False,False,True,True,10048221184,c986f83a::round_5|c986f83a::round_4|c986f83a::round_3|c986f83a::round_2|c986f83a::round_1,c986f83a|c986f83a|c986f83a|c986f83a|c986f83a
ac031881,IE,single-session-assistant,2023/05/30 (Tue) 22:54,semantic,5,1.0,1.0,1.0,1.0,0.0786000000516651,,,265,1,1,True,0,0,0,0,392.3283018867925,3726,84,0.3169811320754717,0.6288669514206221,0.0418612711833594,0.5691972970962524,0.8194582462310791,0.5,0.2903148194080379,0.0,1.0,False,False,True,True,10048221184,answer_sharegpt_GYqnAhC_190::round_4|answer_sharegpt_GYqnAhC_190::round_5|answer_sharegpt_GYqnAhC_190::round_0|answer_sharegpt_GYqnAhC_190::round_2|answer_sharegpt_GYqnAhC_190::round_3,answer_sharegpt_GYqnAhC_190|answer_sharegpt_GYqnAhC_190|answer_sharegpt_GYqnAhC_190|answer_sharegpt_GYqnAhC_190|answer_sharegpt_GYqnAhC_190
affe2881,KU,knowledge-update,2023/06/07 (Wed) 02:42,hybrid_raw,5,0.0,0.0,0.0,0.0,0.0731000000087078,,,245,2,2,False,0,0,0,0,429.45714285714286,2334,100,0.4081632653061224,0.6170031639994408,0.0376584237958607,0.5577858090400696,0.8260749578475952,0.5,0.2904491744246232,0.0,1.0,False,False,True,True,10048221184,ultrachat_145541::round_4|cbab4862::round_4|cbab4862::round_5|ultrachat_145541::round_5|ultrachat_145541::round_6,ultrachat_145541|cbab4862|cbab4862|ultrachat_145541|ultrachat_145541
affe2881,KU,knowledge-update,2023/06/07 (Wed) 02:42,recency,5,0.0,0.0,0.0,0.0,0.0253999996857601,,,245,2,2,False,0,0,0,0,429.45714285714286,2334,100,0.4081632653061224,0.6170031639994408,0.0376584237958607,0.5577858090400696,0.8260749578475952,0.5,0.2904491744246232,0.0,1.0,False,False,True,True,10048221184,cbab4862::round_5|cbab4862::round_4|cbab4862::round_3|cbab4862::round_2|cbab4862::round_1,cbab4862|cbab4862|cbab4862|cbab4862|cbab4862
affe2881,KU,knowledge-update,2023/06/07 (Wed) 02:42,semantic,5,1.0,1.0,1.0,1.0,0.0749000000723754,,,245,2,2,False,0,0,0,0,429.45714285714286,2334,100,0.4081632653061224,0.6170031639994408,0.0376584237958607,0.5577858090400696,0.8260749578475952,0.5,0.2904491744246232,0.0,1.0,False,False,True,True,10048221184,answer_90de9b4d_1::round_2|answer_90de9b4d_1::round_3|answer_90de9b4d_2::round_1|answer_90de9b4d_2::round_0|answer_90de9b4d_2::round_5,answer_90de9b4d_1|answer_90de9b4d_1|answer_90de9b4d_2|answer_90de9b4d_2|answer_90de9b4d_2
b0479f84,IE,single-session-preference,2023/05/30 (Tue) 22:56,hybrid_raw,5,0.0,0.0,0.0,0.0,0.0744999997550621,,,253,1,1,True,0,0,0,0,412.39525691699606,841,89,0.3517786561264822,0.6215350583136788,0.027399701787063,0.5695086717605591,0.7599433660507202,0.5000000000000001,0.2903928741067686,0.0,1.0,False,False,True,True,10047737856,ultrachat_419825::round_1|ultrachat_63538::round_4|ultrachat_63538::round_2|ultrachat_63538::round_3|ultrachat_63538::round_1,ultrachat_419825|ultrachat_63538|ultrachat_63538|ultrachat_63538|ultrachat_63538
b0479f84,IE,single-session-preference,2023/05/30 (Tue) 22:56,recency,5,0.0,0.0,0.0,0.0,0.0155000006998307,,,253,1,1,True,0,0,0,0,412.39525691699606,841,89,0.3517786561264822,0.6215350583136788,0.027399701787063,0.5695086717605591,0.7599433660507202,0.5000000000000001,0.2903928741067686,0.0,1.0,False,False,True,True,10047737856,ultrachat_63538::round_4|ultrachat_63538::round_3|ultrachat_63538::round_2|ultrachat_63538::round_1|ultrachat_63538::round_0,ultrachat_63538|ultrachat_63538|ultrachat_63538|ultrachat_63538|ultrachat_63538
b0479f84,IE,single-session-preference,2023/05/30 (Tue) 22:56,semantic,5,1.0,1.0,1.0,1.0,0.0758000005589565,,,253,1,1,True,0,0,0,0,412.39525691699606,841,89,0.3517786561264822,0.6215350583136788,0.027399701787063,0.5695086717605591,0.7599433660507202,0.5000000000000001,0.2903928741067686,0.0,1.0,False,False,True,True,10047737856,answer_30f63ddb::round_0|answer_30f63ddb::round_1|ultrachat_419825::round_1|0cf86cbe_2::round_1|ultrachat_419825::round_2,answer_30f63ddb|answer_30f63ddb|ultrachat_419825|0cf86cbe_2|ultrachat_419825
b6019101,KU,knowledge-update,2023/06/17 (Sat) 16:20,hybrid_raw,5,0.5,1.0,0.5,0.5,0.0731999998606625,,,256,2,2,False,0,0,0,0,414.62109375,4261,83,0.32421875,0.623087320709601,0.0298567512533492,0.5705921053886414,0.789127767086029,0.5,0.2903726719354734,0.0,1.0,False,False,True,True,10048184320,answer_67074b4b_2::round_0|answer_67074b4b_2::round_2|answer_67074b4b_2::round_3|answer_67074b4b_2::round_1|answer_67074b4b_2::round_4,answer_67074b4b_2|answer_67074b4b_2|answer_67074b4b_2|answer_67074b4b_2|answer_67074b4b_2
b6019101,KU,knowledge-update,2023/06/17 (Sat) 16:20,recency,5,0.0,0.0,0.0,0.0,0.0203999998120707,,,256,2,2,False,0,0,0,0,414.62109375,4261,83,0.32421875,0.623087320709601,0.0298567512533492,0.5705921053886414,0.789127767086029,0.5,0.2903726719354734,0.0,1.0,False,False,True,True,10048184320,59c6685a_2::round_5|59c6685a_2::round_4|59c6685a_2::round_3|59c6685a_2::round_2|59c6685a_2::round_1,59c6685a_2|59c6685a_2|59c6685a_2|59c6685a_2|59c6685a_2
b6019101,KU,knowledge-update,2023/06/17 (Sat) 16:20,semantic,5,1.0,1.0,1.0,1.0,0.0772999992477707,,,256,2,2,False,0,0,0,0,414.62109375,4261,83,0.32421875,0.623087320709601,0.0298567512533492,0.5705921053886414,0.789127767086029,0.5,0.2903726719354734,0.0,1.0,False,False,True,True,10048184320,answer_67074b4b_1::round_1|answer_67074b4b_1::round_2|answer_67074b4b_2::round_0|ultrachat_72569::round_5|ultrachat_72569::round_2,answer_67074b4b_1|answer_67074b4b_1|answer_67074b4b_2|ultrachat_72569|ultrachat_72569
b6025781,IE,single-session-preference,2023/05/30 (Tue) 21:41,hybrid_raw,5,0.0,0.0,0.0,0.0,0.0706000000718631,,,231,1,1,True,0,0,0,0,464.1991341991342,2658,93,0.4025974025974026,0.6416883749879284,0.0362368447448355,0.572745144367218,0.8065396547317505,0.5,0.2905571208104978,0.0,1.0,False,False,True,True,10047873024,ultrachat_177995::round_1|sharegpt_X1NXUxZ_0::round_0|ultrachat_177995::round_2|ultrachat_177995::round_0|89d49715_2::round_4,ultrachat_177995|sharegpt_X1NXUxZ_0|ultrachat_177995|ultrachat_177995|89d49715_2
b6025781,IE,single-session-preference,2023/05/30 (Tue) 21:41,recency,5,0.0,0.0,0.0,0.0,0.0152000002344721,,,231,1,1,True,0,0,0,0,464.1991341991342,2658,93,0.4025974025974026,0.6416883749879284,0.0362368447448355,0.572745144367218,0.8065396547317505,0.5,0.2905571208104978,0.0,1.0,False,False,True,True,10047873024,sharegpt_X1NXUxZ_0::round_3|sharegpt_X1NXUxZ_0::round_2|sharegpt_X1NXUxZ_0::round_1|sharegpt_X1NXUxZ_0::round_0|ultrachat_177995::round_4,sharegpt_X1NXUxZ_0|sharegpt_X1NXUxZ_0|sharegpt_X1NXUxZ_0|sharegpt_X1NXUxZ_0|ultrachat_177995
b6025781,IE,single-session-preference,2023/05/30 (Tue) 21:41,semantic,5,1.0,1.0,1.0,1.0,0.0715000005584443,,,231,1,1,True,0,0,0,0,464.1991341991342,2658,93,0.4025974025974026,0.6416883749879284,0.0362368447448355,0.572745144367218,0.8065396547317505,0.5,0.2905571208104978,0.0,1.0,False,False,True,True,10047873024,f20c73f5_3::round_0|answer_8414cc57::round_2|answer_8414cc57::round_0|f20c73f5_3::round_1|answer_8414cc57::round_1,f20c73f5_3|answer_8414cc57|answer_8414cc57|f20c73f5_3|answer_8414cc57
b86304ba,IE,single-session-user,2023/05/30 (Tue) 23:18,hybrid_raw,5,1.0,1.0,1.0,1.0,0.0688000000081956,,,229,1,1,True,0,0,0,0,457.5589519650655,10444,88,0.3842794759825327,0.6160875824341087,0.0355742584844351,0.5641408562660217,0.8000549077987671,0.5000000000000001,0.290573623503761,0.0,1.0,False,False,True,True,10047737856,answer_645b0329::round_2|answer_645b0329::round_3|answer_645b0329::round_4|answer_645b0329::round_1|answer_645b0329::round_0,answer_645b0329|answer_645b0329|answer_645b0329|answer_645b0329|answer_645b0329
b86304ba,IE,single-session-user,2023/05/30 (Tue) 23:18,recency,5,0.0,0.0,0.0,0.0,0.0153000000864267,,,229,1,1,True,0,0,0,0,457.5589519650655,10444,88,0.3842794759825327,0.6160875824341087,0.0355742584844351,0.5641408562660217,0.8000549077987671,0.5000000000000001,0.290573623503761,0.0,1.0,False,False,True,True,10047737856,97e6d559_2::round_5|97e6d559_2::round_4|97e6d559_2::round_3|97e6d559_2::round_2|97e6d559_2::round_1,97e6d559_2|97e6d559_2|97e6d559_2|97e6d559_2|97e6d559_2
b86304ba,IE,single-session-user,2023/05/30 (Tue) 23:18,semantic,5,1.0,1.0,1.0,1.0,0.069799999891984,,,229,1,1,True,0,0,0,0,457.5589519650655,10444,88,0.3842794759825327,0.6160875824341087,0.0355742584844351,0.5641408562660217,0.8000549077987671,0.5000000000000001,0.290573623503761,0.0,1.0,False,False,True,True,10047737856,answer_645b0329::round_2|answer_645b0329::round_3|8e9425ef_1::round_3|answer_645b0329::round_4|8e9425ef_1::round_2,answer_645b0329|answer_645b0329|8e9425ef_1|answer_645b0329|8e9425ef_1
ba358f49,MR,multi-session,2022/09/01 (Thu) 23:52,hybrid_raw,5,0.0,0.0,0.0,0.0,0.0616999996054801,,,205,2,2,True,0,0,0,0,517.2243902439025,2759,105,0.5121951219512195,0.6177735482774129,0.0174362732167135,0.5812053680419922,0.7025431990623474,0.5,0.290796885126601,0.0,1.0,False,False,True,True,10048356352,4ea6f550::round_1|4ea6f550::round_5|4ea6f550::round_4|4ea6f550::round_3|4ea6f550::round_2,4ea6f550|4ea6f550|4ea6f550|4ea6f550|4ea6f550
ba358f49,MR,multi-session,2022/09/01 (Thu) 23:52,recency,5,0.0,0.0,0.0,0.0,0.014000000192027,,,205,2,2,True,0,0,0,0,517.2243902439025,2759,105,0.5121951219512195,0.6177735482774129,0.0174362732167135,0.5812053680419922,0.7025431990623474,0.5,0.290796885126601,0.0,1.0,False,False,True,True,10048356352,4ea6f550::round_5|4ea6f550::round_4|4ea6f550::round_3|4ea6f550::round_2|4ea6f550::round_1,4ea6f550|4ea6f550|4ea6f550|4ea6f550|4ea6f550
ba358f49,MR,multi-session,2022/09/01 (Thu) 23:52,semantic,5,0.5,1.0,1.0,0.5,0.0626000000920612,,,205,2,2,True,0,0,0,0,517.2243902439025,2759,105,0.5121951219512195,0.6177735482774129,0.0174362732167135,0.5812053680419922,0.7025431990623474,0.5,0.290796885126601,0.0,1.0,False,False,True,True,10048356352,answer_cbd08e3c_1::round_0|answer_cbd08e3c_2::round_0|answer_cbd08e3c_1::round_5|2a2ea005_1::round_3|ultrachat_465468::round_1,answer_cbd08e3c_1|answer_cbd08e3c_2|answer_cbd08e3c_1|2a2ea005_1|ultrachat_465468
ba61f0b9,KU,knowledge-update,2023/08/03 (Thu) 06:02,hybrid_raw,5,0.5,1.0,0.5,0.5,0.0677999996696598,,,229,2,2,False,0,0,0,0,465.6113537117904,2039,97,0.4235807860262008,0.6074451486616677,0.0306952308244728,0.5716508626937866,0.8171502947807312,0.5000000000000001,0.290573623503761,0.0,1.0,False,False,True,True,10048208896,daca659d::round_2|answer_f377cda7_2::round_0|answer_f377cda7_2::round_3|daca659d::round_4|daca659d::round_5,daca659d|answer_f377cda7_2|answer_f377cda7_2|daca659d|daca659d
ba61f0b9,KU,knowledge-update,2023/08/03 (Thu) 06:02,recency,5,0.0,0.0,0.0,0.0,0.0172999998540035,,,229,2,2,False,0,0,0,0,465.6113537117904,2039,97,0.4235807860262008,0.6074451486616677,0.0306952308244728,0.5716508626937866,0.8171502947807312,0.5000000000000001,0.290573623503761,0.0,1.0,False,False,True,True,10048208896,daca659d::round_5|daca659d::round_4|daca659d::round_3|daca659d::round_2|daca659d::round_1,daca659d|daca659d|daca659d|daca659d|daca659d
ba61f0b9,KU,knowledge-update,2023/08/03 (Thu) 06:02,semantic,5,1.0,1.0,1.0,1.0,0.0689000007696449,,,229,2,2,False,0,0,0,0,465.6113537117904,2039,97,0.4235807860262008,0.6074451486616677,0.0306952308244728,0.5716508626937866,0.8171502947807312,0.5000000000000001,0.290573623503761,0.0,1.0,False,False,True,True,10048208896,answer_f377cda7_1::round_3|answer_f377cda7_1::round_1|answer_f377cda7_1::round_4|answer_f377cda7_2::round_0|answer_f377cda7_2::round_3,answer_f377cda7_1|answer_f377cda7_1|answer_f377cda7_1|answer_f377cda7_2|answer_f377cda7_2
bc149d6b,MR,multi-session,2023/05/30 (Tue) 22:02,hybrid_raw,5,0.0,0.0,0.0,0.0,0.0703000005159992,,,237,2,2,True,0,0,0,0,435.74261603375527,1185,94,0.3966244725738396,0.6139844130363142,0.0245139719533427,0.5669885873794556,0.7481474876403809,0.5,0.2905092903890607,0.0,1.0,False,False,True,True,10047981568,85143e6b_2::round_3|85143e6b_2::round_4|ultrachat_377117::round_5|85143e6b_2::round_5|85143e6b_2::round_0,85143e6b_2|85143e6b_2|ultrachat_377117|85143e6b_2|85143e6b_2
bc149d6b,MR,multi-session,2023/05/30 (Tue) 22:02,recency,5,0.0,0.0,0.0,0.0,0.0151000003825174,,,237,2,2,True,0,0,0,0,435.74261603375527,1185,94,0.3966244725738396,0.6139844130363142,0.0245139719533427,0.5669885873794556,0.7481474876403809,0.5,0.2905092903890607,0.0,1.0,False,False,True,True,10047981568,85143e6b_2::round_5|85143e6b_2::round_4|85143e6b_2::round_3|85143e6b_2::round_2|85143e6b_2::round_1,85143e6b_2|85143e6b_2|85143e6b_2|85143e6b_2|85143e6b_2
bc149d6b,MR,multi-session,2023/05/30 (Tue) 22:02,semantic,5,0.5,1.0,0.5,0.5,0.0709000005372217,,,237,2,2,True,0,0,0,0,435.74261603375527,1185,94,0.3966244725738396,0.6139844130363142,0.0245139719533427,0.5669885873794556,0.7481474876403809,0.5,0.2905092903890607,0.0,1.0,False,False,True,True,10047981568,answer_92147866_1::round_1|answer_92147866_1::round_0|answer_92147866_1::round_2|4f435d20_2::round_2|answer_92147866_1::round_3,answer_92147866_1|answer_92147866_1|answer_92147866_1|4f435d20_2|answer_92147866_1
bcbe585f,TR,temporal-reasoning,2023/05/01 (Mon) 23:16,hybrid_raw,5,1.0,1.0,1.0,1.0,0.0694999998813727,,,229,1,1,False,0,0,0,0,455.7379912663756,967,103,0.4497816593886463,0.6151484126086839,0.0275592848329885,0.5729030966758728,0.7776080965995789,0.5000000000000001,0.290573623503761,0.0,1.0,False,False,True,True,10048129024,answer_43ba3965_1::round_0|answer_43ba3965_1::round_2|sharegpt_WXCvFir_31::round_3|answer_43ba3965_1::round_1|answer_43ba3965_1::round_5,answer_43ba3965_1|answer_43ba3965_1|sharegpt_WXCvFir_31|answer_43ba3965_1|answer_43ba3965_1
bcbe585f,TR,temporal-reasoning,2023/05/01 (Mon) 23:16,recency,5,0.0,0.0,0.0,0.0,0.0288000001091859,,,229,1,1,False,0,0,0,0,455.7379912663756,967,103,0.4497816593886463,0.6151484126086839,0.0275592848329885,0.5729030966758728,0.7776080965995789,0.5000000000000001,0.290573623503761,0.0,1.0,False,False,True,True,10048129024,sharegpt_WXCvFir_31::round_3|sharegpt_WXCvFir_31::round_2|sharegpt_WXCvFir_31::round_1|sharegpt_WXCvFir_31::round_0|sharegpt_f6tUGHK_5::round_2,sharegpt_WXCvFir_31|sharegpt_WXCvFir_31|sharegpt_WXCvFir_31|sharegpt_WXCvFir_31|sharegpt_f6tUGHK_5
bcbe585f,TR,temporal-reasoning,2023/05/01 (Mon) 23:16,semantic,5,1.0,1.0,1.0,1.0,0.069900000198686,,,229,1,1,False,0,0,0,0,455.7379912663756,967,103,0.4497816593886463,0.6151484126086839,0.0275592848329885,0.5729030966758728,0.7776080965995789,0.5000000000000001,0.290573623503761,0.0,1.0,False,False,True,True,10048129024,answer_43ba3965_1::round_0|answer_43ba3965_1::round_2|answer_43ba3965_1::round_1|5dbe11b9::round_0|answer_43ba3965_1::round_5,answer_43ba3965_1|answer_43ba3965_1|answer_43ba3965_1|5dbe11b9|answer_43ba3965_1
bf659f65,MR,multi-session,2023/05/30 (Tue) 21:58,hybrid_raw,5,0.3333333333333333,1.0,0.3333333333333333,0.3333333333333333,0.0755999999455525,,,261,3,3,True,0,0,0,0,394.5172413793104,1287,77,0.2950191570881226,0.6026886434390627,0.0285565314136744,0.5501883625984192,0.7101867198944092,0.5,0.2903400373322744,0.0,1.0,False,False,True,True,10048307200,answer_7726e7e9_2::round_3|ultrachat_87167::round_0|answer_7726e7e9_2::round_2|answer_7726e7e9_2::round_0|answer_7726e7e9_2::round_4,answer_7726e7e9_2|ultrachat_87167|answer_7726e7e9_2|answer_7726e7e9_2|answer_7726e7e9_2
bf659f65,MR,multi-session,2023/05/30 (Tue) 21:58,recency,5,0.0,0.0,0.0,0.0,0.0157000004037399,,,261,3,3,True,0,0,0,0,394.5172413793104,1287,77,0.2950191570881226,0.6026886434390627,0.0285565314136744,0.5501883625984192,0.7101867198944092,0.5,0.2903400373322744,0.0,1.0,False,False,True,True,10048307200,ultrachat_87167::round_6|ultrachat_87167::round_5|ultrachat_87167::round_4|ultrachat_87167::round_3|ultrachat_87167::round_2,ultrachat_87167|ultrachat_87167|ultrachat_87167|ultrachat_87167|ultrachat_87167
bf659f65,MR,multi-session,2023/05/30 (Tue) 21:58,semantic,5,0.0,0.0,1.0,0.0,0.0778000003265333,,,261,3,3,True,0,0,0,0,394.5172413793104,1287,77,0.2950191570881226,0.6026886434390627,0.0285565314136744,0.5501883625984192,0.7101867198944092,0.5,0.2903400373322744,0.0,1.0,False,False,True,True,10048307200,answer_7726e7e9_1::round_3|answer_7726e7e9_3::round_3|answer_7726e7e9_2::round_3|answer_7726e7e9_1::round_5|answer_7726e7e9_1::round_4,answer_7726e7e9_1|answer_7726e7e9_3|answer_7726e7e9_2|answer_7726e7e9_1|answer_7726e7e9_1
c18a7dc8,MR,multi-session,2023/05/30 (Tue) 23:37,hybrid_raw,5,0.0,0.0,0.0,0.0,0.0731999998606625,,,257,2,2,True,0,0,0,0,409.55252918287937,1132,92,0.357976653696498,0.6102895342422366,0.0216893657248275,0.5698814392089844,0.7041901350021362,0.5,0.2903660430643427,0.0,1.0,False,False,True,True,10048258048,ultrachat_231462::round_5|ultrachat_231462::round_3|4ea4f02f_1::round_5|ultrachat_231462::round_4|ultrachat_231462::round_6,ultrachat_231462|ultrachat_231462|4ea4f02f_1|ultrachat_231462|ultrachat_231462
c18a7dc8,MR,multi-session,2023/05/30 (Tue) 23:37,recency,5,0.0,0.0,0.0,0.0,0.0159999999596038,,,257,2,2,True,0,0,0,0,409.55252918287937,1132,92,0.357976653696498,0.6102895342422366,0.0216893657248275,0.5698814392089844,0.7041901350021362,0.5,0.2903660430643427,0.0,1.0,False,False,True,True,10048258048,ultrachat_231462::round_6|ultrachat_231462::round_5|ultrachat_231462::round_4|ultrachat_231462::round_3|ultrachat_231462::round_2,ultrachat_231462|ultrachat_231462|ultrachat_231462|ultrachat_231462|ultrachat_231462
c18a7dc8,MR,multi-session,2023/05/30 (Tue) 23:37,semantic,5,0.0,0.0,0.5,0.0,0.0810000001365551,,,257,2,2,True,0,0,0,0,409.55252918287937,1132,92,0.357976653696498,0.6102895342422366,0.0216893657248275,0.5698814392089844,0.7041901350021362,0.5,0.2903660430643427,0.0,1.0,False,False,True,True,10048258048,9d5a389d::round_0|9d5a389d::round_4|9d5a389d::round_5|answer_2e2085fa_1::round_3|f716720c_3::round_3,9d5a389d|9d5a389d|9d5a389d|answer_2e2085fa_1|f716720c_3
c2ac3c61,MR,multi-session,2023/05/30 (Tue) 16:30,hybrid_raw,5,0.5,1.0,0.5,0.5,0.0766000002840883,,,267,2,2,True,0,0,0,0,394.9176029962547,2517,86,0.3220973782771535,0.6174934861365329,0.0312033049547164,0.5746973752975464,0.7829952836036682,0.5,0.290302494770947,0.0,1.0,False,False,True,True,10048608256,0c483a3c::round_5|answer_923c0221_2::round_0|answer_923c0221_2::round_1|answer_923c0221_2::round_3|answer_923c0221_2::round_2,0c483a3c|answer_923c0221_2|answer_923c0221_2|answer_923c0221_2|answer_923c0221_2
c2ac3c61,MR,multi-session,2023/05/30 (Tue) 16:30,recency,5,0.0,0.0,0.0,0.0,0.0165000001288717,,,267,2,2,True,0,0,0,0,394.9176029962547,2517,86,0.3220973782771535,0.6174934861365329,0.0312033049547164,0.5746973752975464,0.7829952836036682,0.5,0.290302494770947,0.0,1.0,False,False,True,True,10048608256,ultrachat_151832::round_6|ultrachat_151832::round_5|ultrachat_151832::round_4|ultrachat_151832::round_3|ultrachat_151832::round_2,ultrachat_151832|ultrachat_151832|ultrachat_151832|ultrachat_151832|ultrachat_151832
c2ac3c61,MR,multi-session,2023/05/30 (Tue) 16:30,semantic,5,0.0,0.0,1.0,0.0,0.0806000007287366,,,267,2,2,True,0,0,0,0,394.9176029962547,2517,86,0.3220973782771535,0.6174934861365329,0.0312033049547164,0.5746973752975464,0.7829952836036682,0.5,0.290302494770947,0.0,1.0,False,False,True,True,10048608256,0c483a3c::round_5|answer_923c0221_2::round_0|answer_923c0221_1::round_1|answer_923c0221_1::round_2|answer_923c0221_2::round_1,0c483a3c|answer_923c0221_2|answer_923c0221_1|answer_923c0221_1|answer_923c0221_2
c4a1ceb8,MR,multi-session,2023/05/30 (Tue) 23:22,hybrid_raw,5,0.0,0.0,0.25,0.0,0.0729000003047986,,,245,4,4,True,0,0,0,0,428.1428571428572,1422,86,0.3510204081632653,0.6263804917432824,0.0374027483851041,0.5751323103904724,0.7558081150054932,0.5,0.2904491744246232,0.0,1.0,False,False,True,True,10048258048,answer_56d02cab_1::round_5|answer_56d02cab_1::round_1|answer_56d02cab_1::round_4|answer_56d02cab_1::round_2|answer_56d02cab_1::round_3,answer_56d02cab_1|answer_56d02cab_1|answer_56d02cab_1|answer_56d02cab_1|answer_56d02cab_1
c4a1ceb8,MR,multi-session,2023/05/30 (Tue) 23:22,recency,5,0.0,0.0,0.25,0.0,0.0147999999171588,,,245,4,4,True,0,0,0,0,428.1428571428572,1422,86,0.3510204081632653,0.6263804917432824,0.0374027483851041,0.5751323103904724,0.7558081150054932,0.5,0.2904491744246232,0.0,1.0,False,False,True,True,10048258048,answer_56d02cab_1::round_5|answer_56d02cab_1::round_4|answer_56d02cab_1::round_3|answer_56d02cab_1::round_2|answer_56d02cab_1::round_1,answer_56d02cab_1|answer_56d02cab_1|answer_56d02cab_1|answer_56d02cab_1|answer_56d02cab_1
c4a1ceb8,MR,multi-session,2023/05/30 (Tue) 23:22,semantic,5,0.5,1.0,0.75,0.5,0.0747000003684661,,,245,4,4,True,0,0,0,0,428.1428571428572,1422,86,0.3510204081632653,0.6263804917432824,0.0374027483851041,0.5751323103904724,0.7558081150054932,0.5,0.2904491744246232,0.0,1.0,False,False,True,True,10048258048,answer_56d02cab_3::round_4|answer_56d02cab_1::round_1|answer_56d02cab_3::round_0|answer_56d02cab_4::round_0|answer_56d02cab_1::round_5,answer_56d02cab_3|answer_56d02cab_1|answer_56d02cab_3|answer_56d02cab_4|answer_56d02cab_1
c4ea545c,KU,knowledge-update,2023/09/01 (Fri) 19:15,hybrid_raw,5,0.0,0.0,0.0,0.0,0.0729999992472585,,,246,2,2,False,0,0,0,0,426.9065040650407,1235,85,0.3455284552845528,0.6256608614107457,0.0253324314082287,0.5657429695129395,0.7396563291549683,0.4999999999999999,0.2904419358795335,0.0,1.0,False,False,True,True,10047737856,68d4de04_2::round_5|68d4de04_2::round_4|68d4de04_2::round_3|ultrachat_340182::round_5|68d4de04_2::round_2,68d4de04_2|68d4de04_2|68d4de04_2|ultrachat_340182|68d4de04_2
c4ea545c,KU,knowledge-update,2023/09/01 (Fri) 19:15,recency,5,0.0,0.0,0.0,0.0,0.0225999992835568,,,246,2,2,False,0,0,0,0,426.9065040650407,1235,85,0.3455284552845528,0.6256608614107457,0.0253324314082287,0.5657429695129395,0.7396563291549683,0.4999999999999999,0.2904419358795335,0.0,1.0,False,False,True,True,10047737856,ultrachat_340182::round_5|ultrachat_340182::round_4|ultrachat_340182::round_3|ultrachat_340182::round_2|ultrachat_340182::round_1,ultrachat_340182|ultrachat_340182|ultrachat_340182|ultrachat_340182|ultrachat_340182
c4ea545c,KU,knowledge-update,2023/09/01 (Fri) 19:15,semantic,5,0.5,1.0,0.5,0.5,0.0744999997550621,,,246,2,2,False,0,0,0,0,426.9065040650407,1235,85,0.3455284552845528,0.6256608614107457,0.0253324314082287,0.5657429695129395,0.7396563291549683,0.4999999999999999,0.2904419358795335,0.0,1.0,False,False,True,True,10047737856,answer_d3bf812b_1::round_2|answer_d3bf812b_1::round_1|b2d284b1::round_2|68d4de04_2::round_4|68d4de04_2::round_5,answer_d3bf812b_1|answer_d3bf812b_1|b2d284b1|68d4de04_2|68d4de04_2
c6853660,KU,knowledge-update,2023/06/11 (Sun) 21:37,hybrid_raw,5,0.0,0.0,0.0,0.0,0.0710000003891764,,,240,2,2,False,0,0,0,0,441.3708333333333,1345,93,0.3875,0.6085960095127424,0.0305671003046007,0.5623762011528015,0.7815734148025513,0.5,0.2904862754428415,0.0,1.0,False,False,True,True,10047737856,6ed1c85e::round_3|6ed1c85e::round_2|6ed1c85e::round_4|6ed1c85e::round_5|0e931802_2::round_5,6ed1c85e|6ed1c85e|6ed1c85e|6ed1c85e|0e931802_2
c6853660,KU,knowledge-update,2023/06/11 (Sun) 21:37,recency,5,0.0,0.0,0.0,0.0,0.0262999992628465,,,240,2,2,False,0,0,0,0,441.3708333333333,1345,93,0.3875,0.6085960095127424,0.0305671003046007,0.5623762011528015,0.7815734148025513,0.5,0.2904862754428415,0.0,1.0,False,False,True,True,10047737856,0e931802_2::round_5|0e931802_2::round_4|0e931802_2::round_3|0e931802_2::round_2|0e931802_2::round_1,0e931802_2|0e931802_2|0e931802_2|0e931802_2|0e931802_2
c6853660,KU,knowledge-update,2023/06/11 (Sun) 21:37,semantic,5,1.0,1.0,1.0,1.0,0.0730000001567532,,,240,2,2,False,0,0,0,0,441.3708333333333,1345,93,0.3875,0.6085960095127424,0.0305671003046007,0.5623762011528015,0.7815734148025513,0.5,0.2904862754428415,0.0,1.0,False,False,True,True,10047737856,answer_626e93c4_2::round_0|answer_626e93c4_1::round_0|6ed1c85e::round_3|6ed1c85e::round_2|answer_626e93c4_2::round_2,answer_626e93c4_2|answer_626e93c4_1|6ed1c85e|6ed1c85e|answer_626e93c4_2
c7cf7dfd,IE,single-session-assistant,2023/05/30 (Tue) 20:59,hybrid_raw,5,1.0,1.0,1.0,1.0,0.0749000000723754,,,262,1,1,True,0,0,0,0,394.763358778626,876,78,0.2977099236641221,0.6255940895044166,0.0404768055329869,0.5749896764755249,0.8451371192932129,0.5,0.2903336604086739,0.0,1.0,False,False,True,True,10047903744,answer_ultrachat_456407::round_3|answer_ultrachat_456407::round_5|answer_ultrachat_456407::round_0|answer_ultrachat_456407::round_4|answer_ultrachat_456407::round_1,answer_ultrachat_456407|answer_ultrachat_456407|answer_ultrachat_456407|answer_ultrachat_456407|answer_ultrachat_456407
c7cf7dfd,IE,single-session-assistant,2023/05/30 (Tue) 20:59,recency,5,0.0,0.0,0.0,0.0,0.0160999998115585,,,262,1,1,True,0,0,0,0,394.763358778626,876,78,0.2977099236641221,0.6255940895044166,0.0404768055329869,0.5749896764755249,0.8451371192932129,0.5,0.2903336604086739,0.0,1.0,False,False,True,True,10047903744,b90109d2_1::round_5|b90109d2_1::round_4|b90109d2_1::round_3|b90109d2_1::round_2|b90109d2_1::round_1,b90109d2_1|b90109d2_1|b90109d2_1|b90109d2_1|b90109d2_1
c7cf7dfd,IE,single-session-assistant,2023/05/30 (Tue) 20:59,semantic,5,1.0,1.0,1.0,1.0,0.0775999997131293,,,262,1,1,True,0,0,0,0,394.763358778626,876,78,0.2977099236641221,0.6255940895044166,0.0404768055329869,0.5749896764755249,0.8451371192932129,0.5,0.2903336604086739,0.0,1.0,False,False,True,True,10047903744,answer_ultrachat_456407::round_3|answer_ultrachat_456407::round_0|answer_ultrachat_456407::round_5|answer_ultrachat_456407::round_1|answer_ultrachat_456407::round_4,answer_ultrachat_456407|answer_ultrachat_456407|answer_ultrachat_456407|answer_ultrachat_456407|answer_ultrachat_456407
c7dc5443,KU,knowledge-update,2023/07/21 (Fri) 20:30,hybrid_raw,5,0.0,0.0,0.0,0.0,0.0713999997969949,,,240,2,2,False,0,0,0,0,442.0291666666666,2404,94,0.3916666666666666,0.617408204327027,0.0226681089496579,0.5689710974693298,0.6923131942749023,0.5,0.2904862754428415,0.0,1.0,False,False,True,True,10048172032,ultrachat_308370::round_5|ultrachat_308370::round_4|6b8e8bb3_1::round_3|6b8e8bb3_1::round_4|6b8e8bb3_1::round_5,ultrachat_308370|ultrachat_308370|6b8e8bb3_1|6b8e8bb3_1|6b8e8bb3_1
c7dc5443,KU,knowledge-update,2023/07/21 (Fri) 20:30,recency,5,0.0,0.0,0.0,0.0,0.0269000001935637,,,240,2,2,False,0,0,0,0,442.0291666666666,2404,94,0.3916666666666666,0.617408204327027,0.0226681089496579,0.5689710974693298,0.6923131942749023,0.5,0.2904862754428415,0.0,1.0,False,False,True,True,10048172032,ultrachat_308370::round_5|ultrachat_308370::round_4|ultrachat_308370::round_3|ultrachat_308370::round_2|ultrachat_308370::round_1,ultrachat_308370|ultrachat_308370|ultrachat_308370|ultrachat_308370|ultrachat_308370
c7dc5443,KU,knowledge-update,2023/07/21 (Fri) 20:30,semantic,5,0.5,1.0,1.0,0.5,0.0737000000299303,,,240,2,2,False,0,0,0,0,442.0291666666666,2404,94,0.3916666666666666,0.617408204327027,0.0226681089496579,0.5689710974693298,0.6923131942749023,0.5,0.2904862754428415,0.0,1.0,False,False,True,True,10048172032,answer_0cdbca92_1::round_3|answer_0cdbca92_2::round_2|answer_0cdbca92_2::round_4|answer_0cdbca92_1::round_0|8a355b36_1::round_2,answer_0cdbca92_1|answer_0cdbca92_2|answer_0cdbca92_2|answer_0cdbca92_1|8a355b36_1
c8090214,TR,temporal-reasoning,2023/12/10 (Sun) 17:17,hybrid_raw,5,0.0,0.0,0.0,0.0,0.0691999994160141,,,231,2,2,False,0,0,17,0,439.038961038961,3307,81,0.3506493506493506,0.6146648113345687,0.0279585817481708,0.567307710647583,0.7438532710075378,0.4999999999999999,0.2905571208104978,0.0,1.0,False,False,True,True,10047923200,d6c6dadf::round_5|d6c6dadf::round_4|d6c6dadf::round_2|d6c6dadf::round_1|d6c6dadf::round_3,d6c6dadf|d6c6dadf|d6c6dadf|d6c6dadf|d6c6dadf
c8090214,TR,temporal-reasoning,2023/12/10 (Sun) 17:17,recency,5,0.0,0.0,0.0,0.0,0.0288999999611405,,,231,2,2,False,0,0,17,0,439.038961038961,3307,81,0.3506493506493506,0.6146648113345687,0.0279585817481708,0.567307710647583,0.7438532710075378,0.4999999999999999,0.2905571208104978,0.0,1.0,False,False,True,True,10047923200,d6c6dadf::round_5|d6c6dadf::round_4|d6c6dadf::round_3|d6c6dadf::round_2|d6c6dadf::round_1,d6c6dadf|d6c6dadf|d6c6dadf|d6c6dadf|d6c6dadf
c8090214,TR,temporal-reasoning,2023/12/10 (Sun) 17:17,semantic,5,0.0,0.0,0.5,0.0,0.0701999997545499,,,231,2,2,False,0,0,17,0,439.038961038961,3307,81,0.3506493506493506,0.6146648113345687,0.0279585817481708,0.567307710647583,0.7438532710075378,0.4999999999999999,0.2905571208104978,0.0,1.0,False,False,True,True,10047923200,162ad3bf_1::round_2|answer_70dc7d08_1::round_5|ultrachat_345992::round_1|162ad3bf_1::round_3|162ad3bf_1::round_4,162ad3bf_1|answer_70dc7d08_1|ultrachat_345992|162ad3bf_1|162ad3bf_1
c8c3f81d,IE,single-session-user,2023/05/30 (Tue) 23:27,hybrid_raw,5,1.0,1.0,1.0,1.0,0.0718999999662628,,,246,1,1,True,0,0,0,0,433.6178861788618,2910,82,0.3333333333333333,0.6193201253569223,0.0424536656759802,0.5568026900291443,0.8106194734573364,0.5000000000000001,0.2904419358795335,0.0,1.0,False,False,True,True,10047737856,answer_761acef8::round_3|2b16f3d6_1::round_2|answer_761acef8::round_1|2b16f3d6_1::round_3|answer_761acef8::round_0,answer_761acef8|2b16f3d6_1|answer_761acef8|2b16f3d6_1|answer_761acef8
c8c3f81d,IE,single-session-user,2023/05/30 (Tue) 23:27,recency,5,0.0,0.0,0.0,0.0,0.0150000000758154,,,246,1,1,True,0,0,0,0,433.6178861788618,2910,82,0.3333333333333333,0.6193201253569223,0.0424536656759802,0.5568026900291443,0.8106194734573364,0.5000000000000001,0.2904419358795335,0.0,1.0,False,False,True,True,10047737856,9bec5593_1::round_5|9bec5593_1::round_4|9bec5593_1::round_3|9bec5593_1::round_2|9bec5593_1::round_1,9bec5593_1|9bec5593_1|9bec5593_1|9bec5593_1|9bec5593_1
c8c3f81d,IE,single-session-user,2023/05/30 (Tue) 23:27,semantic,5,1.0,1.0,1.0,1.0,0.0769000002946995,,,246,1,1,True,0,0,0,0,433.6178861788618,2910,82,0.3333333333333333,0.6193201253569223,0.0424536656759802,0.5568026900291443,0.8106194734573364,0.5000000000000001,0.2904419358795335,0.0,1.0,False,False,True,True,10047737856,answer_761acef8::round_3|answer_761acef8::round_1|answer_761acef8::round_0|answer_761acef8::round_2|66e94928::round_3,answer_761acef8|answer_761acef8|answer_761acef8|answer_761acef8|66e94928
c9f37c46,TR,temporal-reasoning,2023/05/20 (Sat) 00:44,hybrid_raw,5,0.0,0.0,0.0,0.0,0.0772999992477707,,,260,2,2,False,0,0,47,2,404.86538461538464,1028,98,0.3769230769230769,0.6230929755247556,0.0372363523407256,0.5726119875907898,0.8198511600494385,0.5,0.2903464634829455,0.0,1.0,False,False,True,True,10048095232,sharegpt_mJ7MnQS_9::round_3|sharegpt_mJ7MnQS_9::round_2|sharegpt_tyWrGhj_0::round_0|sharegpt_mJ7MnQS_9::round_0|sharegpt_mJ7MnQS_9::round_1,sharegpt_mJ7MnQS_9|sharegpt_mJ7MnQS_9|sharegpt_tyWrGhj_0|sharegpt_mJ7MnQS_9|sharegpt_mJ7MnQS_9
c9f37c46,TR,temporal-reasoning,2023/05/20 (Sat) 00:44,recency,5,0.0,0.0,0.0,0.0,0.0318000002152984,,,260,2,2,False,0,0,47,2,404.86538461538464,1028,98,0.3769230769230769,0.6230929755247556,0.0372363523407256,0.5726119875907898,0.8198511600494385,0.5,0.2903464634829455,0.0,1.0,False,False,True,True,10048095232,sharegpt_tyWrGhj_0::round_0|sharegpt_mJ7MnQS_9::round_3|sharegpt_mJ7MnQS_9::round_2|sharegpt_mJ7MnQS_9::round_1|sharegpt_mJ7MnQS_9::round_0,sharegpt_tyWrGhj_0|sharegpt_mJ7MnQS_9|sharegpt_mJ7MnQS_9|sharegpt_mJ7MnQS_9|sharegpt_mJ7MnQS_9
c9f37c46,TR,temporal-reasoning,2023/05/20 (Sat) 00:44,semantic,5,0.5,1.0,1.0,0.5,0.0794999996287515,,,260,2,2,False,0,0,47,2,404.86538461538464,1028,98,0.3769230769230769,0.6230929755247556,0.0372363523407256,0.5726119875907898,0.8198511600494385,0.5,0.2903464634829455,0.0,1.0,False,False,True,True,10048095232,answer_cdba3d9f_1::round_1|answer_cdba3d9f_1::round_3|answer_cdba3d9f_2::round_0|answer_cdba3d9f_1::round_2|answer_cdba3d9f_2::round_4,answer_cdba3d9f_1|answer_cdba3d9f_1|answer_cdba3d9f_2|answer_cdba3d9f_1|answer_cdba3d9f_2
cc06de0d,MR,multi-session,2023/05/30 (Tue) 23:25,hybrid_raw,5,0.5,1.0,0.5,0.5,0.0695999997333274,,,233,2,2,True,0,0,0,0,453.52789699570815,851,90,0.3862660944206008,0.6160926371173285,0.0474651356777331,0.571625828742981,0.87596595287323,0.5,0.290540902546128,0.0,1.0,False,False,True,True,10048294912,answer_4fb01417_1::round_0|48451c59::round_3|answer_4fb01417_1::round_1|48451c59::round_2|48451c59::round_5,answer_4fb01417_1|48451c59|answer_4fb01417_1|48451c59|48451c59
cc06de0d,MR,multi-session,2023/05/30 (Tue) 23:25,recency,5,0.0,0.0,0.0,0.0,0.0150999994730227,,,233,2,2,True,0,0,0,0,453.52789699570815,851,90,0.3862660944206008,0.6160926371173285,0.0474651356777331,0.571625828742981,0.87596595287323,0.5,0.290540902546128,0.0,1.0,False,False,True,True,10048294912,48451c59::round_5|48451c59::round_4|48451c59::round_3|48451c59::round_2|48451c59::round_1,48451c59|48451c59|48451c59|48451c59|48451c59
cc06de0d,MR,multi-session,2023/05/30 (Tue) 23:25,semantic,5,1.0,1.0,1.0,1.0,0.0693000001774635,,,233,2,2,True,0,0,0,0,453.52789699570815,851,90,0.3862660944206008,0.6160926371173285,0.0474651356777331,0.571625828742981,0.87596595287323,0.5,0.290540902546128,0.0,1.0,False,False,True,True,10048294912,answer_4fb01417_1::round_0|answer_4fb01417_1::round_1|answer_4fb01417_2::round_0|01551a39_2::round_2|answer_4fb01417_2::round_5,answer_4fb01417_1|answer_4fb01417_1|answer_4fb01417_2|01551a39_2|answer_4fb01417_2
cc5ded98,KU,knowledge-update,2023/06/13 (Tue) 01:30,hybrid_raw,5,0.0,0.0,0.0,0.0,0.0719999998182174,,,248,2,2,False,0,0,0,0,437.7782258064516,5776,86,0.3467741935483871,0.6288996242707775,0.0318270055698295,0.5683351159095764,0.7827867269515991,0.5,0.2904276345661692,0.0,1.0,False,False,True,True,10047737856,c937aab6::round_3|sharegpt_YyyF8MF_0::round_1|sharegpt_YyyF8MF_0::round_2|sharegpt_YyyF8MF_0::round_4|c937aab6::round_1,c937aab6|sharegpt_YyyF8MF_0|sharegpt_YyyF8MF_0|sharegpt_YyyF8MF_0|c937aab6
cc5ded98,KU,knowledge-update,2023/06/13 (Tue) 01:30,recency,5,0.0,0.0,0.0,0.0,0.0277999997706501,,,248,2,2,False,0,0,0,0,437.7782258064516,5776,86,0.3467741935483871,0.6288996242707775,0.0318270055698295,0.5683351159095764,0.7827867269515991,0.5,0.2904276345661692,0.0,1.0,False,False,True,True,10047737856,sharegpt_YyyF8MF_0::round_5|sharegpt_YyyF8MF_0::round_4|sharegpt_YyyF8MF_0::round_3|sharegpt_YyyF8MF_0::round_2|sharegpt_YyyF8MF_0::round_1,sharegpt_YyyF8MF_0|sharegpt_YyyF8MF_0|sharegpt_YyyF8MF_0|sharegpt_YyyF8MF_0|sharegpt_YyyF8MF_0
cc5ded98,KU,knowledge-update,2023/06/13 (Tue) 01:30,semantic,5,0.5,1.0,1.0,0.5,0.0748000002204207,,,248,2,2,False,0,0,0,0,437.7782258064516,5776,86,0.3467741935483871,0.6288996242707775,0.0318270055698295,0.5683351159095764,0.7827867269515991,0.5,0.2904276345661692,0.0,1.0,False,False,True,True,10047737856,answer_a5b68517_2::round_3|answer_a5b68517_1::round_1|answer_a5b68517_2::round_4|answer_a5b68517_1::round_0|answer_a5b68517_1::round_2,answer_a5b68517_2|answer_a5b68517_1|answer_a5b68517_2|answer_a5b68517_1|answer_a5b68517_1
ce6d2d27,KU,knowledge-update,2023/07/15 (Sat) 22:19,hybrid_raw,5,0.0,0.0,0.0,0.0,0.0743999999031075,,,263,2,2,False,0,0,0,0,402.4334600760456,1739,83,0.3155893536121673,0.6210409822119506,0.0257528442282768,0.5694026947021484,0.7314534783363342,0.5000000000000001,0.2903273321486506,0.0,1.0,False,False,True,True,10047737856,sharegpt_SkidPTx_0::round_5|sharegpt_SkidPTx_0::round_4|sharegpt_SkidPTx_0::round_0|sharegpt_SkidPTx_0::round_6|sharegpt_SkidPTx_0::round_3,sharegpt_SkidPTx_0|sharegpt_SkidPTx_0|sharegpt_SkidPTx_0|sharegpt_SkidPTx_0|sharegpt_SkidPTx_0
ce6d2d27,KU,knowledge-update,2023/07/15 (Sat) 22:19,recency,5,0.0,0.0,0.0,0.0,0.0246999998125829,,,263,2,2,False,0,0,0,0,402.4334600760456,1739,83,0.3155893536121673,0.6210409822119506,0.0257528442282768,0.5694026947021484,0.7314534783363342,0.5000000000000001,0.2903273321486506,0.0,1.0,False,False,True,True,10047737856,sharegpt_SkidPTx_0::round_7|sharegpt_SkidPTx_0::round_6|sharegpt_SkidPTx_0::round_5|sharegpt_SkidPTx_0::round_4|sharegpt_SkidPTx_0::round_3,sharegpt_SkidPTx_0|sharegpt_SkidPTx_0|sharegpt_SkidPTx_0|sharegpt_SkidPTx_0|sharegpt_SkidPTx_0
ce6d2d27,KU,knowledge-update,2023/07/15 (Sat) 22:19,semantic,5,0.5,1.0,0.5,0.5,0.0817999998616869,,,263,2,2,False,0,0,0,0,402.4334600760456,1739,83,0.3155893536121673,0.6210409822119506,0.0257528442282768,0.5694026947021484,0.7314534783363342,0.5000000000000001,0.2903273321486506,0.0,1.0,False,False,True,True,10047737856,0e250059_1::round_1|answer_73540165_2::round_4|answer_73540165_2::round_0|0e250059_1::round_3|0e250059_1::round_4,0e250059_1|answer_73540165_2|answer_73540165_2|0e250059_1|0e250059_1
ceb54acb,IE,single-session-assistant,2023/05/30 (Tue) 22:56,hybrid_raw,5,0.0,0.0,0.0,0.0,0.07499999992433,,,249,1,1,True,0,0,0,0,422.4578313253012,882,92,0.3694779116465863,0.6415692668363272,0.0269151298236481,0.5872599482536316,0.8118478059768677,0.5,0.2904205703808051,0.0,1.0,False,False,True,True,10048150528,fed9e0eb_1::round_1|fed9e0eb_1::round_5|fed9e0eb_1::round_4|sharegpt_hUhgRkO_0::round_1|187b4852_2::round_5,fed9e0eb_1|fed9e0eb_1|fed9e0eb_1|sharegpt_hUhgRkO_0|187b4852_2
ceb54acb,IE,single-session-assistant,2023/05/30 (Tue) 22:56,recency,5,0.0,0.0,0.0,0.0,0.0155999996422906,,,249,1,1,True,0,0,0,0,422.4578313253012,882,92,0.3694779116465863,0.6415692668363272,0.0269151298236481,0.5872599482536316,0.8118478059768677,0.5,0.2904205703808051,0.0,1.0,False,False,True,True,10048150528,fed9e0eb_1::round_5|fed9e0eb_1::round_4|fed9e0eb_1::round_3|fed9e0eb_1::round_2|fed9e0eb_1::round_1,fed9e0eb_1|fed9e0eb_1|fed9e0eb_1|fed9e0eb_1|fed9e0eb_1
ceb54acb,IE,single-session-assistant,2023/05/30 (Tue) 22:56,semantic,5,1.0,1.0,1.0,1.0,0.0770999995438614,,,249,1,1,True,0,0,0,0,422.4578313253012,882,92,0.3694779116465863,0.6415692668363272,0.0269151298236481,0.5872599482536316,0.8118478059768677,0.5,0.2904205703808051,0.0,1.0,False,False,True,True,10048150528,answer_sharegpt_cGdjmYo_0::round_1|answer_sharegpt_cGdjmYo_0::round_0|sharegpt_yePPued_0::round_2|63b72857::round_2|sharegpt_iTrNGx4_13::round_1,answer_sharegpt_cGdjmYo_0|answer_sharegpt_cGdjmYo_0|sharegpt_yePPued_0|63b72857|sharegpt_iTrNGx4_13
cf22b7bf,KU,knowledge-update,2023/06/23 (Fri) 03:15,hybrid_raw,5,0.5,1.0,0.5,0.5,0.0806999996711965,,,277,2,2,False,0,0,0,0,377.5667870036101,2614,68,0.2454873646209386,0.6312038831762459,0.028301547487699,0.5713914632797241,0.7602506875991821,0.5,0.2902435500583719,0.0,1.0,False,False,True,True,10047737856,sharegpt_78ysxzl_0::round_2|sharegpt_78ysxzl_0::round_3|sharegpt_78ysxzl_0::round_4|sharegpt_78ysxzl_0::round_1|answer_ae3a122b_2::round_1,sharegpt_78ysxzl_0|sharegpt_78ysxzl_0|sharegpt_78ysxzl_0|sharegpt_78ysxzl_0|answer_ae3a122b_2
cf22b7bf,KU,knowledge-update,2023/06/23 (Fri) 03:15,recency,5,0.0,0.0,0.0,0.0,0.0200000004042522,,,277,2,2,False,0,0,0,0,377.5667870036101,2614,68,0.2454873646209386,0.6312038831762459,0.028301547487699,0.5713914632797241,0.7602506875991821,0.5,0.2902435500583719,0.0,1.0,False,False,True,True,10047737856,sharegpt_78ysxzl_0::round_4|sharegpt_78ysxzl_0::round_3|sharegpt_78ysxzl_0::round_2|sharegpt_78ysxzl_0::round_1|sharegpt_78ysxzl_0::round_0,sharegpt_78ysxzl_0|sharegpt_78ysxzl_0|sharegpt_78ysxzl_0|sharegpt_78ysxzl_0|sharegpt_78ysxzl_0
cf22b7bf,KU,knowledge-update,2023/06/23 (Fri) 03:15,semantic,5,1.0,1.0,1.0,1.0,0.0834000002214452,,,277,2,2,False,0,0,0,0,377.5667870036101,2614,68,0.2454873646209386,0.6312038831762459,0.028301547487699,0.5713914632797241,0.7602506875991821,0.5,0.2902435500583719,0.0,1.0,False,False,True,True,10047737856,answer_ae3a122b_1::round_4|36d5bbde_1::round_5|36d5bbde_1::round_0|36d5bbde_1::round_1|answer_ae3a122b_2::round_1,answer_ae3a122b_1|36d5bbde_1|36d5bbde_1|36d5bbde_1|answer_ae3a122b_2
d596882b,IE,single-session-assistant,2023/05/30 (Tue) 19:29,hybrid_raw,5,0.0,0.0,0.0,0.0,0.0694000000294181,,,237,1,1,True,0,0,0,0,444.9493670886076,878,104,0.4388185654008439,0.619488025264901,0.0335009402589372,0.5538156628608704,0.8741492629051208,0.5,0.2905092903890607,0.0,1.0,False,False,True,True,10047737856,ultrachat_62799::round_3|ultrachat_299672::round_1|ultrachat_299672::round_2|ultrachat_62799::round_2|ultrachat_62799::round_1,ultrachat_62799|ultrachat_299672|ultrachat_299672|ultrachat_62799|ultrachat_62799
d596882b,IE,single-session-assistant,2023/05/30 (Tue) 19:29,recency,5,0.0,0.0,0.0,0.0,0.0144000005093403,,,237,1,1,True,0,0,0,0,444.9493670886076,878,104,0.4388185654008439,0.619488025264901,0.0335009402589372,0.5538156628608704,0.8741492629051208,0.5,0.2905092903890607,0.0,1.0,False,False,True,True,10047737856,ultrachat_62799::round_3|ultrachat_62799::round_2|ultrachat_62799::round_1|ultrachat_62799::round_0|ultrachat_299672::round_3,ultrachat_62799|ultrachat_62799|ultrachat_62799|ultrachat_62799|ultrachat_299672
d596882b,IE,single-session-assistant,2023/05/30 (Tue) 19:29,semantic,5,1.0,1.0,1.0,1.0,0.0717000002623535,,,237,1,1,True,0,0,0,0,444.9493670886076,878,104,0.4388185654008439,0.619488025264901,0.0335009402589372,0.5538156628608704,0.8741492629051208,0.5,0.2905092903890607,0.0,1.0,False,False,True,True,10047737856,answer_ultrachat_252214::round_2|answer_ultrachat_252214::round_1|answer_ultrachat_252214::round_3|bef3abcd::round_1|71888aff_2::round_1,answer_ultrachat_252214|answer_ultrachat_252214|answer_ultrachat_252214|bef3abcd|71888aff_2
d6062bb9,MR,multi-session,2023/05/30 (Tue) 17:57,hybrid_raw,5,0.0,0.0,0.0,0.0,0.0759999993533711,,,268,2,2,True,0,0,0,0,392.4179104477612,902,100,0.373134328358209,0.6118154392313602,0.0257406369278754,0.5618631839752197,0.7419912815093994,0.5,0.2902964016706741,0.0,1.0,False,False,True,True,10048356352,59c704ad_2::round_1|59c704ad_2::round_2|59c704ad_2::round_3|59c704ad_2::round_4|59c704ad_2::round_5,59c704ad_2|59c704ad_2|59c704ad_2|59c704ad_2|59c704ad_2
d6062bb9,MR,multi-session,2023/05/30 (Tue) 17:57,recency,5,0.0,0.0,0.0,0.0,0.0164000002769171,,,268,2,2,True,0,0,0,0,392.4179104477612,902,100,0.373134328358209,0.6118154392313602,0.0257406369278754,0.5618631839752197,0.7419912815093994,0.5,0.2902964016706741,0.0,1.0,False,False,True,True,10048356352,59c704ad_2::round_5|59c704ad_2::round_4|59c704ad_2::round_3|59c704ad_2::round_2|59c704ad_2::round_1,59c704ad_2|59c704ad_2|59c704ad_2|59c704ad_2|59c704ad_2
d6062bb9,MR,multi-session,2023/05/30 (Tue) 17:57,semantic,5,1.0,1.0,1.0,1.0,0.0816000001577776,,,268,2,2,True,0,0,0,0,392.4179104477612,902,100,0.373134328358209,0.6118154392313602,0.0257406369278754,0.5618631839752197,0.7419912815093994,0.5,0.2902964016706741,0.0,1.0,False,False,True,True,10048356352,answer_23f3a657_2::round_0|answer_23f3a657_1::round_1|answer_23f3a657_1::round_0|answer_23f3a657_2::round_3|answer_23f3a657_1::round_2,answer_23f3a657_2|answer_23f3a657_1|answer_23f3a657_1|answer_23f3a657_2|answer_23f3a657_1
d6233ab6,IE,single-session-preference,2023/05/30 (Tue) 01:29,hybrid_raw,5,0.0,0.0,0.0,0.0,0.0651000000289059,,,221,2,1,True,0,0,0,0,482.7239819004525,4235,99,0.4479638009049774,0.6113292288995976,0.025192794218779,0.5498064160346985,0.6787967681884766,0.4999999999999999,0.2906426336514789,0.0,1.0,False,False,True,True,10047737856,c927ffbb::round_4|c927ffbb::round_5|ultrachat_381432::round_3|ultrachat_381432::round_2|c927ffbb::round_2,c927ffbb|c927ffbb|ultrachat_381432|ultrachat_381432|c927ffbb
d6233ab6,IE,single-session-preference,2023/05/30 (Tue) 01:29,recency,5,0.0,0.0,0.0,0.0,0.0144999994518002,,,221,2,1,True,0,0,0,0,482.7239819004525,4235,99,0.4479638009049774,0.6113292288995976,0.025192794218779,0.5498064160346985,0.6787967681884766,0.4999999999999999,0.2906426336514789,0.0,1.0,False,False,True,True,10047737856,c927ffbb::round_5|c927ffbb::round_4|c927ffbb::round_3|c927ffbb::round_2|c927ffbb::round_1,c927ffbb|c927ffbb|c927ffbb|c927ffbb|c927ffbb
d6233ab6,IE,single-session-preference,2023/05/30 (Tue) 01:29,semantic,5,0.0,0.0,0.0,0.0,0.0669000000925734,,,221,2,1,True,0,0,0,0,482.7239819004525,4235,99,0.4479638009049774,0.6113292288995976,0.025192794218779,0.5498064160346985,0.6787967681884766,0.4999999999999999,0.2906426336514789,0.0,1.0,False,False,True,True,10047737856,32f28c7b_1::round_5|32f28c7b_1::round_4|ultrachat_329160::round_4|ecfd2047_1::round_5|e6c3a50a::round_1,32f28c7b_1|32f28c7b_1|ultrachat_329160|ecfd2047_1|e6c3a50a
d905b33f,MR,multi-session,2023/05/30 (Tue) 21:08,hybrid_raw,5,0.0,0.0,0.0,0.0,0.0739999995857942,,,253,2,2,True,0,0,0,0,419.5098814229249,1689,93,0.3675889328063241,0.6261310511426963,0.0285798667078079,0.565055787563324,0.757635235786438,0.5000000000000001,0.2903928741067686,0.0,1.0,False,False,True,True,10048135168,ultrachat_115048::round_2|sharegpt_kT6YLtX_0::round_1|ultrachat_115048::round_5|ultrachat_115048::round_1|sharegpt_kT6YLtX_0::round_0,ultrachat_115048|sharegpt_kT6YLtX_0|ultrachat_115048|ultrachat_115048|sharegpt_kT6YLtX_0
d905b33f,MR,multi-session,2023/05/30 (Tue) 21:08,recency,5,0.0,0.0,0.0,0.0,0.0153999999383813,,,253,2,2,True,0,0,0,0,419.5098814229249,1689,93,0.3675889328063241,0.6261310511426963,0.0285798667078079,0.565055787563324,0.757635235786438,0.5000000000000001,0.2903928741067686,0.0,1.0,False,False,True,True,10048135168,sharegpt_kT6YLtX_0::round_1|sharegpt_kT6YLtX_0::round_0|ultrachat_115048::round_5|ultrachat_115048::round_4|ultrachat_115048::round_3,sharegpt_kT6YLtX_0|sharegpt_kT6YLtX_0|ultrachat_115048|ultrachat_115048|ultrachat_115048
d905b33f,MR,multi-session,2023/05/30 (Tue) 21:08,semantic,5,0.5,1.0,0.5,0.5,0.0767000001360429,,,253,2,2,True,0,0,0,0,419.5098814229249,1689,93,0.3675889328063241,0.6261310511426963,0.0285798667078079,0.565055787563324,0.757635235786438,0.5000000000000001,0.2903928741067686,0.0,1.0,False,False,True,True,10048135168,answer_85a77c48_1::round_3|answer_85a77c48_1::round_2|6423d6a4_2::round_3|7613d5ec_2::round_4|7613d5ec_2::round_5,answer_85a77c48_1|answer_85a77c48_1|6423d6a4_2|7613d5ec_2|7613d5ec_2
dad224aa,KU,knowledge-update,2023/06/24 (Sat) 03:58,hybrid_raw,5,0.0,0.0,0.0,0.0,0.0753000003896886,,,262,2,2,False,0,0,0,0,406.3931297709924,2978,76,0.2900763358778626,0.6125365229508349,0.0401288660264237,0.5636105537414551,0.8438966274261475,0.5,0.2903336604086739,0.0,1.0,False,False,True,True,10047737856,b971ed75_3::round_4|b971ed75_3::round_5|eda73b75::round_2|b971ed75_3::round_3|eda73b75::round_5,b971ed75_3|b971ed75_3|eda73b75|b971ed75_3|eda73b75
dad224aa,KU,knowledge-update,2023/06/24 (Sat) 03:58,recency,5,0.0,0.0,0.0,0.0,0.0287000002572312,,,262,2,2,False,0,0,0,0,406.3931297709924,2978,76,0.2900763358778626,0.6125365229508349,0.0401288660264237,0.5636105537414551,0.8438966274261475,0.5,0.2903336604086739,0.0,1.0,False,False,True,True,10047737856,eda73b75::round_5|eda73b75::round_4|eda73b75::round_3|eda73b75::round_2|eda73b75::round_1,eda73b75|eda73b75|eda73b75|eda73b75|eda73b75
dad224aa,KU,knowledge-update,2023/06/24 (Sat) 03:58,semantic,5,0.5,1.0,1.0,0.5,0.0786999999036197,,,262,2,2,False,0,0,0,0,406.3931297709924,2978,76,0.2900763358778626,0.6125365229508349,0.0401288660264237,0.5636105537414551,0.8438966274261475,0.5,0.2903336604086739,0.0,1.0,False,False,True,True,10047737856,6de8645d_1::round_1|6de8645d_1::round_0|6de8645d_1::round_3|answer_4a97ae40_1::round_0|answer_4a97ae40_2::round_1,6de8645d_1|6de8645d_1|6de8645d_1|answer_4a97ae40_1|answer_4a97ae40_2
db467c8c,KU,knowledge-update,2023/10/22 (Sun) 09:15,hybrid_raw,5,0.0,0.0,0.0,0.0,0.0709000005372217,,,241,2,2,False,0,0,2,0,435.6307053941909,4025,82,0.3402489626556016,0.623372240185243,0.032485115905263,0.5741944313049316,0.7568411827087402,0.5,0.2904787316113152,0.0,1.0,False,False,True,True,10047737856,ultrachat_233613::round_5|ultrachat_233613::round_2|ultrachat_233613::round_0|ultrachat_233613::round_4|ultrachat_233613::round_3,ultrachat_233613|ultrachat_233613|ultrachat_233613|ultrachat_233613|ultrachat_233613
db467c8c,KU,knowledge-update,2023/10/22 (Sun) 09:15,recency,5,0.0,0.0,0.0,0.0,0.0213000002986518,,,241,2,2,False,0,0,2,0,435.6307053941909,4025,82,0.3402489626556016,0.623372240185243,0.032485115905263,0.5741944313049316,0.7568411827087402,0.5,0.2904787316113152,0.0,1.0,False,False,True,True,10047737856,ultrachat_233613::round_5|ultrachat_233613::round_4|ultrachat_233613::round_3|ultrachat_233613::round_2|ultrachat_233613::round_1,ultrachat_233613|ultrachat_233613|ultrachat_233613|ultrachat_233613|ultrachat_233613
db467c8c,KU,knowledge-update,2023/10/22 (Sun) 09:15,semantic,5,0.5,1.0,1.0,0.5,0.0733999995645717,,,241,2,2,False,0,0,2,0,435.6307053941909,4025,82,0.3402489626556016,0.623372240185243,0.032485115905263,0.5741944313049316,0.7568411827087402,0.5,0.2904787316113152,0.0,1.0,False,False,True,True,10047737856,answer_611b6e83_2::round_0|answer_611b6e83_1::round_0|answer_611b6e83_2::round_3|answer_611b6e83_2::round_4|answer_611b6e83_1::round_2,answer_611b6e83_2|answer_611b6e83_1|answer_611b6e83_2|answer_611b6e83_2|answer_611b6e83_1
dccbc061,IE,single-session-user,2023/05/30 (Tue) 19:10,hybrid_raw,5,0.0,0.0,0.0,0.0,0.0746999999137187,,,255,1,1,True,0,0,0,0,407.84313725490193,1879,68,0.2666666666666666,0.5951903983658435,0.0243684302957586,0.5325315594673157,0.678767204284668,0.5,0.2903793529856027,0.0,1.0,False,False,True,True,10047901696,ultrachat_343::round_2|ultrachat_343::round_4|sharegpt_6cz1Sq6_189::round_1|657ab20c_1::round_3|ultrachat_343::round_3,ultrachat_343|ultrachat_343|sharegpt_6cz1Sq6_189|657ab20c_1|ultrachat_343
dccbc061,IE,single-session-user,2023/05/30 (Tue) 19:10,recency,5,0.0,0.0,0.0,0.0,0.0160999998115585,,,255,1,1,True,0,0,0,0,407.84313725490193,1879,68,0.2666666666666666,0.5951903983658435,0.0243684302957586,0.5325315594673157,0.678767204284668,0.5,0.2903793529856027,0.0,1.0,False,False,True,True,10047901696,657ab20c_1::round_5|657ab20c_1::round_4|657ab20c_1::round_3|657ab20c_1::round_2|657ab20c_1::round_1,657ab20c_1|657ab20c_1|657ab20c_1|657ab20c_1|657ab20c_1
dccbc061,IE,single-session-user,2023/05/30 (Tue) 19:10,semantic,5,0.0,0.0,1.0,0.0,0.076199999966775,,,255,1,1,True,0,0,0,0,407.84313725490193,1879,68,0.2666666666666666,0.5951903983658435,0.0243684302957586,0.5325315594673157,0.678767204284668,0.5,0.2903793529856027,0.0,1.0,False,False,True,True,10047901696,ultrachat_343::round_2|answer_8f276838::round_5|ultrachat_519037::round_2|ultrachat_519037::round_0|ultrachat_343::round_4,ultrachat_343|answer_8f276838|ultrachat_519037|ultrachat_519037|ultrachat_343
dcfa8644,TR,temporal-reasoning,2023/02/03 (Fri) 17:43,hybrid_raw,5,0.0,0.0,0.0,0.0,0.0710000003891764,,,237,2,2,False,0,0,12,0,436.1054852320675,1488,89,0.3755274261603376,0.6126088489963033,0.0309717512821542,0.5697385668754578,0.7529852390289307,0.5,0.2905092903890607,0.0,1.0,False,False,True,True,10047775744,ultrachat_224195::round_5|ultrachat_224195::round_6|ultrachat_224195::round_4|30bbae12_2::round_4|ultrachat_224195::round_3,ultrachat_224195|ultrachat_224195|ultrachat_224195|30bbae12_2|ultrachat_224195
dcfa8644,TR,temporal-reasoning,2023/02/03 (Fri) 17:43,recency,5,0.0,0.0,0.0,0.0,0.0301000000035855,,,237,2,2,False,0,0,12,0,436.1054852320675,1488,89,0.3755274261603376,0.6126088489963033,0.0309717512821542,0.5697385668754578,0.7529852390289307,0.5,0.2905092903890607,0.0,1.0,False,False,True,True,10047775744,ultrachat_224195::round_6|ultrachat_224195::round_5|ultrachat_224195::round_4|ultrachat_224195::round_3|ultrachat_224195::round_2,ultrachat_224195|ultrachat_224195|ultrachat_224195|ultrachat_224195|ultrachat_224195
dcfa8644,TR,temporal-reasoning,2023/02/03 (Fri) 17:43,semantic,5,0.5,1.0,1.0,0.5,0.0712000000930856,,,237,2,2,False,0,0,12,0,436.1054852320675,1488,89,0.3755274261603376,0.6126088489963033,0.0309717512821542,0.5697385668754578,0.7529852390289307,0.5,0.2905092903890607,0.0,1.0,False,False,True,True,10047775744,answer_5e3eeb12_2::round_0|answer_5e3eeb12_1::round_4|answer_5e3eeb12_2::round_4|answer_5e3eeb12_1::round_3|answer_5e3eeb12_2::round_5,answer_5e3eeb12_2|answer_5e3eeb12_1|answer_5e3eeb12_2|answer_5e3eeb12_1|answer_5e3eeb12_2
dfde3500,KU,knowledge-update,2023/06/20 (Tue) 14:46,hybrid_raw,5,0.0,0.0,0.0,0.0,0.0729999992472585,,,241,2,2,False,0,0,0,0,435.00829875518673,1714,100,0.4149377593360996,0.6166275519553062,0.0357783068965087,0.5706990361213684,0.8228643536567688,0.5,0.2904787316113152,0.0,1.0,False,False,True,True,10048077824,sharegpt_80caWYI_1::round_2|sharegpt_80caWYI_1::round_0|sharegpt_80caWYI_1::round_1|ultrachat_566996::round_2|ultrachat_566996::round_1,sharegpt_80caWYI_1|sharegpt_80caWYI_1|sharegpt_80caWYI_1|ultrachat_566996|ultrachat_566996
dfde3500,KU,knowledge-update,2023/06/20 (Tue) 14:46,recency,5,0.0,0.0,0.0,0.0,0.0245000001086737,,,241,2,2,False,0,0,0,0,435.00829875518673,1714,100,0.4149377593360996,0.6166275519553062,0.0357783068965087,0.5706990361213684,0.8228643536567688,0.5,0.2904787316113152,0.0,1.0,False,False,True,True,10048077824,ultrachat_566996::round_2|ultrachat_566996::round_1|ultrachat_566996::round_0|9d480413_6::round_5|9d480413_6::round_4,ultrachat_566996|ultrachat_566996|ultrachat_566996|9d480413_6|9d480413_6
dfde3500,KU,knowledge-update,2023/06/20 (Tue) 14:46,semantic,5,0.5,1.0,0.5,0.5,0.0780000000304426,,,241,2,2,False,0,0,0,0,435.00829875518673,1714,100,0.4149377593360996,0.6166275519553062,0.0357783068965087,0.5706990361213684,0.8228643536567688,0.5,0.2904787316113152,0.0,1.0,False,False,True,True,10048077824,answer_35d6c0be_1::round_4|answer_35d6c0be_1::round_2|answer_35d6c0be_1::round_3|answer_35d6c0be_1::round_0|answer_35d6c0be_1::round_1,answer_35d6c0be_1|answer_35d6c0be_1|answer_35d6c0be_1|answer_35d6c0be_1|answer_35d6c0be_1
e25c3b8d,MR,multi-session,2023/05/30 (Tue) 15:02,hybrid_raw,5,0.0,0.0,0.0,0.0,0.0777000004745787,,,270,2,2,True,0,0,0,0,392.8888888888889,1678,89,0.3296296296296296,0.6118465807702806,0.0277649541758878,0.5632129907608032,0.7430877685546875,0.5,0.2902843513342834,0.0,1.0,False,False,True,True,10047806464,ba80721c::round_3|ba80721c::round_5|sharegpt_ErOTMZ3_181::round_2|ba80721c::round_1|ba80721c::round_4,ba80721c|ba80721c|sharegpt_ErOTMZ3_181|ba80721c|ba80721c
e25c3b8d,MR,multi-session,2023/05/30 (Tue) 15:02,recency,5,0.0,0.0,0.0,0.0,0.0172999998540035,,,270,2,2,True,0,0,0,0,392.8888888888889,1678,89,0.3296296296296296,0.6118465807702806,0.0277649541758878,0.5632129907608032,0.7430877685546875,0.5,0.2902843513342834,0.0,1.0,False,False,True,True,10047806464,sharegpt_IuLT3VI_9::round_2|sharegpt_IuLT3VI_9::round_1|sharegpt_IuLT3VI_9::round_0|ba80721c::round_5|ba80721c::round_4,sharegpt_IuLT3VI_9|sharegpt_IuLT3VI_9|sharegpt_IuLT3VI_9|ba80721c|ba80721c
e25c3b8d,MR,multi-session,2023/05/30 (Tue) 15:02,semantic,5,0.5,1.0,0.5,0.5,0.0798999999460647,,,270,2,2,True,0,0,0,0,392.8888888888889,1678,89,0.3296296296296296,0.6118465807702806,0.0277649541758878,0.5632129907608032,0.7430877685546875,0.5,0.2902843513342834,0.0,1.0,False,False,True,True,10047806464,answer_6702277b_2::round_3|answer_6702277b_2::round_2|answer_6702277b_2::round_4|answer_6702277b_2::round_5|c04c626c_1::round_5,answer_6702277b_2|answer_6702277b_2|answer_6702277b_2|answer_6702277b_2|c04c626c_1
e3038f8c,MR,multi-session,2023/05/30 (Tue) 20:48,hybrid_raw,5,0.0,0.0,0.0,0.0,0.0688999998601502,,,230,4,4,True,0,0,0,0,453.7173913043478,1129,100,0.4347826086956521,0.6242563615674558,0.0360145625419867,0.5702707171440125,0.7708240151405334,0.4999999999999999,0.2905653361379152,0.0,1.0,False,False,True,True,10047737856,e3d4f89e_3::round_4|e3d4f89e_3::round_5|ultrachat_392094::round_4|e3d4f89e_3::round_3|ultrachat_392094::round_2,e3d4f89e_3|e3d4f89e_3|ultrachat_392094|e3d4f89e_3|ultrachat_392094
e3038f8c,MR,multi-session,2023/05/30 (Tue) 20:48,recency,5,0.0,0.0,0.0,0.0,0.0144999994518002,,,230,4,4,True,0,0,0,0,453.7173913043478,1129,100,0.4347826086956521,0.6242563615674558,0.0360145625419867,0.5702707171440125,0.7708240151405334,0.4999999999999999,0.2905653361379152,0.0,1.0,False,False,True,True,10047737856,e3d4f89e_3::round_5|e3d4f89e_3::round_4|e3d4f89e_3::round_3|e3d4f89e_3::round_2|e3d4f89e_3::round_1,e3d4f89e_3|e3d4f89e_3|e3d4f89e_3|e3d4f89e_3|e3d4f89e_3
e3038f8c,MR,multi-session,2023/05/30 (Tue) 20:48,semantic,5,0.25,1.0,0.5,0.25,0.0703999994584592,,,230,4,4,True,0,0,0,0,453.7173913043478,1129,100,0.4347826086956521,0.6242563615674558,0.0360145625419867,0.5702707171440125,0.7708240151405334,0.4999999999999999,0.2905653361379152,0.0,1.0,False,False,True,True,10047737856,a3d8e134_2::round_0|a3d8e134_2::round_1|answer_b6018747_4::round_2|answer_b6018747_3::round_4|answer_b6018747_3::round_2,a3d8e134_2|a3d8e134_2|answer_b6018747_4|answer_b6018747_3|answer_b6018747_3
e493bb7c,KU,knowledge-update,2023/11/18 (Sat) 19:24,hybrid_raw,5,0.0,0.0,0.0,0.0,0.0732999997126171,,,255,2,2,False,0,0,0,0,419.58039215686273,916,96,0.3764705882352941,0.5927861711558173,0.025852408823614,0.5390781164169312,0.7061663269996643,0.5,0.2903793529856027,0.0,1.0,False,False,True,True,10047737856,9161500f_2::round_1|9161500f_2::round_3|9161500f_2::round_4|sharegpt_Lacd1qM_15::round_0|9161500f_2::round_0,9161500f_2|9161500f_2|9161500f_2|sharegpt_Lacd1qM_15|9161500f_2
e493bb7c,KU,knowledge-update,2023/11/18 (Sat) 19:24,recency,5,0.0,0.0,0.0,0.0,0.0289999998130952,,,255,2,2,False,0,0,0,0,419.58039215686273,916,96,0.3764705882352941,0.5927861711558173,0.025852408823614,0.5390781164169312,0.7061663269996643,0.5,0.2903793529856027,0.0,1.0,False,False,True,True,10047737856,9161500f_2::round_5|9161500f_2::round_4|9161500f_2::round_3|9161500f_2::round_2|9161500f_2::round_1,9161500f_2|9161500f_2|9161500f_2|9161500f_2|9161500f_2
e493bb7c,KU,knowledge-update,2023/11/18 (Sat) 19:24,semantic,5,1.0,1.0,1.0,1.0,0.0760000002628658,,,255,2,2,False,0,0,0,0,419.58039215686273,916,96,0.3764705882352941,0.5927861711558173,0.025852408823614,0.5390781164169312,0.7061663269996643,0.5,0.2903793529856027,0.0,1.0,False,False,True,True,10047737856,answer_1a374afa_2::round_3|answer_1a374afa_1::round_2|7aaa23d7_2::round_0|answer_1a374afa_2::round_0|answer_1a374afa_1::round_0,answer_1a374afa_2|answer_1a374afa_1|7aaa23d7_2|answer_1a374afa_2|answer_1a374afa_1
e4e14d04,TR,temporal-reasoning,2023/05/28 (Sun) 15:46,hybrid_raw,5,0.0,0.0,0.5,0.0,0.07010000081209,,,232,2,2,False,0,0,12,1,455.7715517241379,1429,105,0.4525862068965517,0.6218426040020483,0.0290949578763109,0.5752437710762024,0.7241129875183105,0.4999999999999999,0.290548976586274,0.0,1.0,False,False,True,True,10047905792,answer_cf425855_1::round_5|answer_cf425855_1::round_4|ultrachat_542420::round_4|answer_cf425855_1::round_2|ultrachat_542420::round_2,answer_cf425855_1|answer_cf425855_1|ultrachat_542420|answer_cf425855_1|ultrachat_542420
e4e14d04,TR,temporal-reasoning,2023/05/28 (Sun) 15:46,recency,5,0.0,0.0,0.0,0.0,0.0292999993689591,,,232,2,2,False,0,0,12,1,455.7715517241379,1429,105,0.4525862068965517,0.6218426040020483,0.0290949578763109,0.5752437710762024,0.7241129875183105,0.4999999999999999,0.290548976586274,0.0,1.0,False,False,True,True,10047905792,ultrachat_542420::round_4|ultrachat_542420::round_3|ultrachat_542420::round_2|ultrachat_542420::round_1|ultrachat_542420::round_0,ultrachat_542420|ultrachat_542420|ultrachat_542420|ultrachat_542420|ultrachat_542420
e4e14d04,TR,temporal-reasoning,2023/05/28 (Sun) 15:46,semantic,5,0.0,0.0,1.0,0.0,0.0687000010657357,,,232,2,2,False,0,0,12,1,455.7715517241379,1429,105,0.4525862068965517,0.6218426040020483,0.0290949578763109,0.5752437710762024,0.7241129875183105,0.4999999999999999,0.290548976586274,0.0,1.0,False,False,True,True,10047905792,answer_cf425855_2::round_5|answer_cf425855_1::round_5|answer_cf425855_1::round_4|answer_cf425855_2::round_3|0f013a55::round_4,answer_cf425855_2|answer_cf425855_1|answer_cf425855_1|answer_cf425855_2|0f013a55
e66b632c,KU,knowledge-update,2023/08/25 (Fri) 05:19,hybrid_raw,5,0.5,1.0,0.5,0.5,0.0724000001355307,,,256,2,2,False,0,0,0,0,416.55078125,868,99,0.38671875,0.6215393648017198,0.0331201319224693,0.5518003106117249,0.8309041261672974,0.5,0.2903726719354734,0.0,1.0,False,False,True,True,10047987712,answer_ac0140ce_2::round_4|answer_ac0140ce_2::round_5|answer_ac0140ce_2::round_3|answer_ac0140ce_2::round_2|answer_ac0140ce_2::round_1,answer_ac0140ce_2|answer_ac0140ce_2|answer_ac0140ce_2|answer_ac0140ce_2|answer_ac0140ce_2
e66b632c,KU,knowledge-update,2023/08/25 (Fri) 05:19,recency,5,0.0,0.0,0.0,0.0,0.0190000000657164,,,256,2,2,False,0,0,0,0,416.55078125,868,99,0.38671875,0.6215393648017198,0.0331201319224693,0.5518003106117249,0.8309041261672974,0.5,0.2903726719354734,0.0,1.0,False,False,True,True,10047987712,487fd03c::round_5|487fd03c::round_4|487fd03c::round_3|487fd03c::round_2|487fd03c::round_1,487fd03c|487fd03c|487fd03c|487fd03c|487fd03c
e66b632c,KU,knowledge-update,2023/08/25 (Fri) 05:19,semantic,5,0.5,1.0,1.0,0.5,0.0747000003684661,,,256,2,2,False,0,0,0,0,416.55078125,868,99,0.38671875,0.6215393648017198,0.0331201319224693,0.5518003106117249,0.8309041261672974,0.5,0.2903726719354734,0.0,1.0,False,False,True,True,10047987712,answer_ac0140ce_2::round_4|answer_ac0140ce_2::round_3|answer_ac0140ce_2::round_5|answer_ac0140ce_2::round_2|answer_ac0140ce_1::round_4,answer_ac0140ce_2|answer_ac0140ce_2|answer_ac0140ce_2|answer_ac0140ce_2|answer_ac0140ce_1
ed4ddc30,KU,knowledge-update,2023/03/16 (Thu) 14:24,hybrid_raw,5,0.5,1.0,0.5,0.5,0.0781999997343518,,,272,2,2,False,0,0,1,0,387.30514705882354,1162,95,0.3492647058823529,0.621564250001136,0.0264994831307317,0.5693129897117615,0.7860773801803589,0.5,0.2902724788088138,0.0,1.0,False,False,True,True,10047937536,answer_babbaccb_2::round_1|ultrachat_297517::round_3|ultrachat_297517::round_2|ef23ecbc_2::round_4|01a120b5::round_3,answer_babbaccb_2|ultrachat_297517|ultrachat_297517|ef23ecbc_2|01a120b5
ed4ddc30,KU,knowledge-update,2023/03/16 (Thu) 14:24,recency,5,0.0,0.0,0.0,0.0,0.0184999998964485,,,272,2,2,False,0,0,1,0,387.30514705882354,1162,95,0.3492647058823529,0.621564250001136,0.0264994831307317,0.5693129897117615,0.7860773801803589,0.5,0.2902724788088138,0.0,1.0,False,False,True,True,10047937536,ultrachat_297517::round_3|ultrachat_297517::round_2|ultrachat_297517::round_1|ultrachat_297517::round_0|ef23ecbc_2::round_5,ultrachat_297517|ultrachat_297517|ultrachat_297517|ultrachat_297517|ef23ecbc_2
ed4ddc30,KU,knowledge-update,2023/03/16 (Thu) 14:24,semantic,5,1.0,1.0,1.0,1.0,0.0822000001790002,,,272,2,2,False,0,0,1,0,387.30514705882354,1162,95,0.3492647058823529,0.621564250001136,0.0264994831307317,0.5693129897117615,0.7860773801803589,0.5,0.2902724788088138,0.0,1.0,False,False,True,True,10047937536,answer_babbaccb_1::round_1|answer_babbaccb_2::round_1|answer_babbaccb_1::round_0|sharegpt_exVlyoF_59::round_4|sharegpt_exVlyoF_59::round_28,answer_babbaccb_1|answer_babbaccb_2|answer_babbaccb_1|sharegpt_exVlyoF_59|sharegpt_exVlyoF_59
edced276,MR,multi-session,2023/05/30 (Tue) 14:53,hybrid_raw,5,0.0,0.0,0.0,0.0,0.0731000000087078,,,242,3,2,True,0,0,0,0,433.5619834710744,1013,94,0.3884297520661157,0.6127997710685099,0.0255432133326797,0.5579703450202942,0.7306343913078308,0.5,0.2904712503629386,0.0,1.0,False,False,True,True,10047737856,ultrachat_202227::round_3|f584ba36_2::round_4|f584ba36_2::round_5|f584ba36_2::round_3|f584ba36_2::round_2,ultrachat_202227|f584ba36_2|f584ba36_2|f584ba36_2|f584ba36_2
edced276,MR,multi-session,2023/05/30 (Tue) 14:53,recency,5,0.0,0.0,0.0,0.0,0.0168999995366903,,,242,3,2,True,0,0,0,0,433.5619834710744,1013,94,0.3884297520661157,0.6127997710685099,0.0255432133326797,0.5579703450202942,0.7306343913078308,0.5,0.2904712503629386,0.0,1.0,False,False,True,True,10047737856,f584ba36_2::round_5|f584ba36_2::round_4|f584ba36_2::round_3|f584ba36_2::round_2|f584ba36_2::round_1,f584ba36_2|f584ba36_2|f584ba36_2|f584ba36_2|f584ba36_2
edced276,MR,multi-session,2023/05/30 (Tue) 14:53,semantic,5,0.3333333333333333,1.0,0.5,0.3333333333333333,0.0784000003477558,,,242,3,2,True,0,0,0,0,433.5619834710744,1013,94,0.3884297520661157,0.6127997710685099,0.0255432133326797,0.5579703450202942,0.7306343913078308,0.5,0.2904712503629386,0.0,1.0,False,False,True,True,10047737856,answer_60e8941a_2::round_4|answer_60e8941a_2::round_0|answer_60e8941a_2::round_2|ultrachat_387901::round_6|ultrachat_202227::round_3,answer_60e8941a_2|answer_60e8941a_2|answer_60e8941a_2|ultrachat_387901|ultrachat_202227
f0853d11,TR,temporal-reasoning,2023/03/14 (Tue) 21:24,hybrid_raw,5,0.0,0.0,0.0,0.0,0.0775999997131293,,,252,2,2,False,0,0,1,0,411.74603174603175,878,103,0.4087301587301587,0.6083126730389066,0.0297631698016536,0.5575657486915588,0.7443705201148987,0.5,0.2903997154444928,0.0,1.0,False,False,True,True,10047737856,b16a8656_2::round_5|b16a8656_2::round_4|b16a8656_2::round_3|212ce1f4_6::round_2|212ce1f4_6::round_1,b16a8656_2|b16a8656_2|b16a8656_2|212ce1f4_6|212ce1f4_6
f0853d11,TR,temporal-reasoning,2023/03/14 (Tue) 21:24,recency,5,0.0,0.0,0.0,0.0,0.0318999991577584,,,252,2,2,False,0,0,1,0,411.74603174603175,878,103,0.4087301587301587,0.6083126730389066,0.0297631698016536,0.5575657486915588,0.7443705201148987,0.5,0.2903997154444928,0.0,1.0,False,False,True,True,10047737856,b16a8656_2::round_5|b16a8656_2::round_4|b16a8656_2::round_3|b16a8656_2::round_2|b16a8656_2::round_1,b16a8656_2|b16a8656_2|b16a8656_2|b16a8656_2|b16a8656_2
f0853d11,TR,temporal-reasoning,2023/03/14 (Tue) 21:24,semantic,5,0.0,0.0,0.5,0.0,0.0769999987824121,,,252,2,2,False,0,0,1,0,411.74603174603175,878,103,0.4087301587301587,0.6083126730389066,0.0297631698016536,0.5575657486915588,0.7443705201148987,0.5,0.2903997154444928,0.0,1.0,False,False,True,True,10047737856,answer_932ea3bf_2::round_5|answer_932ea3bf_2::round_4|answer_932ea3bf_2::round_2|788da930_1::round_3|ultrachat_114660::round_2,answer_932ea3bf_2|answer_932ea3bf_2|answer_932ea3bf_2|788da930_1|ultrachat_114660
f35224e0,MR,multi-session,2023/05/30 (Tue) 23:58,hybrid_raw,5,0.5,1.0,0.5,0.5,0.0732999997126171,,,260,2,2,True,0,0,0,0,408.2846153846154,1097,91,0.35,0.6091593971619239,0.0306093378901286,0.5516924858093262,0.7403613924980164,0.5,0.2903464634829455,0.0,1.0,False,False,True,True,10047737856,sharegpt_Pqhvz5n_0::round_4|answer_e9bb9500_1::round_1|sharegpt_Pqhvz5n_0::round_1|sharegpt_Pqhvz5n_0::round_0|sharegpt_AO8ZZTK_0::round_0,sharegpt_Pqhvz5n_0|answer_e9bb9500_1|sharegpt_Pqhvz5n_0|sharegpt_Pqhvz5n_0|sharegpt_AO8ZZTK_0
f35224e0,MR,multi-session,2023/05/30 (Tue) 23:58,recency,5,0.0,0.0,0.0,0.0,0.0160999998115585,,,260,2,2,True,0,0,0,0,408.2846153846154,1097,91,0.35,0.6091593971619239,0.0306093378901286,0.5516924858093262,0.7403613924980164,0.5,0.2903464634829455,0.0,1.0,False,False,True,True,10047737856,sharegpt_AO8ZZTK_0::round_0|sharegpt_Pqhvz5n_0::round_4|sharegpt_Pqhvz5n_0::round_3|sharegpt_Pqhvz5n_0::round_2|sharegpt_Pqhvz5n_0::round_1,sharegpt_AO8ZZTK_0|sharegpt_Pqhvz5n_0|sharegpt_Pqhvz5n_0|sharegpt_Pqhvz5n_0|sharegpt_Pqhvz5n_0
f35224e0,MR,multi-session,2023/05/30 (Tue) 23:58,semantic,5,1.0,1.0,1.0,1.0,0.0797000002421555,,,260,2,2,True,0,0,0,0,408.2846153846154,1097,91,0.35,0.6091593971619239,0.0306093378901286,0.5516924858093262,0.7403613924980164,0.5,0.2903464634829455,0.0,1.0,False,False,True,True,10047737856,answer_e9bb9500_2::round_0|answer_e9bb9500_1::round_1|answer_e9bb9500_2::round_1|42234f98::round_1|answer_e9bb9500_2::round_2,answer_e9bb9500_2|answer_e9bb9500_1|answer_e9bb9500_2|42234f98|answer_e9bb9500_2
f685340e,KU,knowledge-update,2023/07/31 (Mon) 11:43,hybrid_raw,5,0.5,1.0,0.5,0.5,0.0626999999440158,,,213,2,2,False,0,0,0,0,486.7276995305164,896,101,0.4741784037558685,0.6210487848716163,0.0270012915865133,0.5731483101844788,0.7384998798370361,0.5,0.2907168501047922,0.0,1.0,False,False,True,True,10047966208,answer_25df025b_2::round_0|answer_25df025b_2::round_3|answer_25df025b_2::round_2|ultrachat_240679::round_2|ultrachat_240679::round_1,answer_25df025b_2|answer_25df025b_2|answer_25df025b_2|ultrachat_240679|ultrachat_240679
f685340e,KU,knowledge-update,2023/07/31 (Mon) 11:43,recency,5,0.0,0.0,0.0,0.0,0.0145000003612949,,,213,2,2,False,0,0,0,0,486.7276995305164,896,101,0.4741784037558685,0.6210487848716163,0.0270012915865133,0.5731483101844788,0.7384998798370361,0.5,0.2907168501047922,0.0,1.0,False,False,True,True,10047966208,ultrachat_240679::round_2|ultrachat_240679::round_1|ultrachat_240679::round_0|ultrachat_215172::round_2|ultrachat_215172::round_1,ultrachat_240679|ultrachat_240679|ultrachat_240679|ultrachat_215172|ultrachat_215172
f685340e,KU,knowledge-update,2023/07/31 (Mon) 11:43,semantic,5,0.5,1.0,1.0,0.5,0.0635999995211022,,,213,2,2,False,0,0,0,0,486.7276995305164,896,101,0.4741784037558685,0.6210487848716163,0.0270012915865133,0.5731483101844788,0.7384998798370361,0.5,0.2907168501047922,0.0,1.0,False,False,True,True,10047966208,answer_25df025b_2::round_0|answer_25df025b_1::round_3|answer_25df025b_1::round_4|answer_25df025b_2::round_3|answer_25df025b_1::round_5,answer_25df025b_2|answer_25df025b_1|answer_25df025b_1|answer_25df025b_2|answer_25df025b_1
f8c5f88b,IE,single-session-user,2023/05/30 (Tue) 23:39,hybrid_raw,5,0.0,0.0,0.0,0.0,0.0731000000087078,,,246,1,1,True,0,0,0,0,425.4674796747967,909,96,0.3902439024390244,0.61708304189085,0.0320925524798998,0.5595177412033081,0.7953336834907532,0.5000000000000001,0.2904419358795335,0.0,1.0,False,False,True,True,10047974400,sharegpt_n2aGNgW_9::round_2|sharegpt_n2aGNgW_9::round_1|sharegpt_n2aGNgW_9::round_5|sharegpt_n2aGNgW_9::round_4|sharegpt_TKj3yO8_0::round_1,sharegpt_n2aGNgW_9|sharegpt_n2aGNgW_9|sharegpt_n2aGNgW_9|sharegpt_n2aGNgW_9|sharegpt_TKj3yO8_0
f8c5f88b,IE,single-session-user,2023/05/30 (Tue) 23:39,recency,5,0.0,0.0,0.0,0.0,0.0150000000758154,,,246,1,1,True,0,0,0,0,425.4674796747967,909,96,0.3902439024390244,0.61708304189085,0.0320925524798998,0.5595177412033081,0.7953336834907532,0.5000000000000001,0.2904419358795335,0.0,1.0,False,False,True,True,10047974400,sharegpt_n2aGNgW_9::round_6|sharegpt_n2aGNgW_9::round_5|sharegpt_n2aGNgW_9::round_4|sharegpt_n2aGNgW_9::round_3|sharegpt_n2aGNgW_9::round_2,sharegpt_n2aGNgW_9|sharegpt_n2aGNgW_9|sharegpt_n2aGNgW_9|sharegpt_n2aGNgW_9|sharegpt_n2aGNgW_9
f8c5f88b,IE,single-session-user,2023/05/30 (Tue) 23:39,semantic,5,1.0,1.0,1.0,1.0,0.0738999997338396,,,246,1,1,True,0,0,0,0,425.4674796747967,909,96,0.3902439024390244,0.61708304189085,0.0320925524798998,0.5595177412033081,0.7953336834907532,0.5000000000000001,0.2904419358795335,0.0,1.0,False,False,True,True,10047974400,answer_c3567066::round_3|answer_c3567066::round_2|answer_c3567066::round_4|15232887_1::round_5|answer_c3567066::round_5,answer_c3567066|answer_c3567066|answer_c3567066|15232887_1|answer_c3567066
f9e8c073,KU,knowledge-update,2023/11/07 (Tue) 04:54,hybrid_raw,5,0.0,0.0,0.0,0.0,0.0755000000935979,,,254,2,2,False,0,0,0,0,418.43700787401576,3071,92,0.3622047244094488,0.6145968129785042,0.0210247856504595,0.5636199712753296,0.6818848252296448,0.5,0.2903860868332549,0.0,1.0,False,False,True,True,10047737856,ultrachat_74503::round_5|ultrachat_74503::round_2|ultrachat_74503::round_4|d5f4d9fa_3::round_5|ultrachat_74503::round_0,ultrachat_74503|ultrachat_74503|ultrachat_74503|d5f4d9fa_3|ultrachat_74503
f9e8c073,KU,knowledge-update,2023/11/07 (Tue) 04:54,recency,5,0.0,0.0,0.0,0.0,0.0231999993047793,,,254,2,2,False,0,0,0,0,418.43700787401576,3071,92,0.3622047244094488,0.6145968129785042,0.0210247856504595,0.5636199712753296,0.6818848252296448,0.5,0.2903860868332549,0.0,1.0,False,False,True,True,10047737856,ultrachat_74503::round_5|ultrachat_74503::round_4|ultrachat_74503::round_3|ultrachat_74503::round_2|ultrachat_74503::round_1,ultrachat_74503|ultrachat_74503|ultrachat_74503|ultrachat_74503|ultrachat_74503
f9e8c073,KU,knowledge-update,2023/11/07 (Tue) 04:54,semantic,5,1.0,1.0,1.0,1.0,0.0765000004321336,,,254,2,2,False,0,0,0,0,418.43700787401576,3071,92,0.3622047244094488,0.6145968129785042,0.0210247856504595,0.5636199712753296,0.6818848252296448,0.5,0.2903860868332549,0.0,1.0,False,False,True,True,10047737856,answer_b191df5b_2::round_3|answer_b191df5b_2::round_4|sharegpt_rDNsXPP_0::round_0|answer_b191df5b_1::round_2|answer_b191df5b_2::round_5,answer_b191df5b_2|answer_b191df5b_2|sharegpt_rDNsXPP_0|answer_b191df5b_1|answer_b191df5b_2
fca70973,IE,single-session-preference,2023/08/15 (Tue) 23:59,hybrid_raw,5,1.0,1.0,1.0,1.0,0.0659999996059923,,,222,1,1,True,0,0,0,0,479.34684684684686,5776,93,0.4189189189189189,0.6347381665899947,0.0290868346278439,0.5666520595550537,0.7578976154327393,0.5,0.2906337342538426,0.0,1.0,False,False,True,True,10048245760,answer_a1e169b1::round_0|answer_a1e169b1::round_1|answer_a1e169b1::round_2|answer_a1e169b1::round_4|answer_a1e169b1::round_5,answer_a1e169b1|answer_a1e169b1|answer_a1e169b1|answer_a1e169b1|answer_a1e169b1
fca70973,IE,single-session-preference,2023/08/15 (Tue) 23:59,recency,5,0.0,0.0,1.0,0.0,0.0137999995786231,,,222,1,1,True,0,0,0,0,479.34684684684686,5776,93,0.4189189189189189,0.6347381665899947,0.0290868346278439,0.5666520595550537,0.7578976154327393,0.5,0.2906337342538426,0.0,1.0,False,False,True,True,10048245760,answer_a1e169b1::round_5|answer_a1e169b1::round_4|answer_a1e169b1::round_3|answer_a1e169b1::round_2|answer_a1e169b1::round_1,answer_a1e169b1|answer_a1e169b1|answer_a1e169b1|answer_a1e169b1|answer_a1e169b1
fca70973,IE,single-session-preference,2023/08/15 (Tue) 23:59,semantic,5,1.0,1.0,1.0,1.0,0.0743999999031075,,,222,1,1,True,0,0,0,0,479.34684684684686,5776,93,0.4189189189189189,0.6347381665899947,0.0290868346278439,0.5666520595550537,0.7578976154327393,0.5,0.2906337342538426,0.0,1.0,False,False,True,True,10048245760,answer_a1e169b1::round_0|answer_a1e169b1::round_1|answer_a1e169b1::round_2|762a8b45_2::round_4|ultrachat_546214::round_1,answer_a1e169b1|answer_a1e169b1|answer_a1e169b1|762a8b45_2|ultrachat_546214
fca762bc,IE,single-session-assistant,2023/05/30 (Tue) 21:25,hybrid_raw,5,0.0,0.0,0.0,0.0,0.0678999995216145,,,232,1,1,True,0,0,0,0,456.2198275862069,944,110,0.4741379310344827,0.6515770600787525,0.0274953971016434,0.5977398157119751,0.7703755497932434,0.5,0.2905489765862739,0.0,1.0,False,False,True,True,10047776768,sharegpt_oIB2JG9_0::round_2|sharegpt_oIB2JG9_0::round_3|sharegpt_oIB2JG9_0::round_6|sharegpt_oIB2JG9_0::round_5|sharegpt_oIB2JG9_0::round_1,sharegpt_oIB2JG9_0|sharegpt_oIB2JG9_0|sharegpt_oIB2JG9_0|sharegpt_oIB2JG9_0|sharegpt_oIB2JG9_0
fca762bc,IE,single-session-assistant,2023/05/30 (Tue) 21:25,recency,5,0.0,0.0,0.0,0.0,0.0147000000652042,,,232,1,1,True,0,0,0,0,456.2198275862069,944,110,0.4741379310344827,0.6515770600787525,0.0274953971016434,0.5977398157119751,0.7703755497932434,0.5,0.2905489765862739,0.0,1.0,False,False,True,True,10047776768,sharegpt_oIB2JG9_0::round_8|sharegpt_oIB2JG9_0::round_7|sharegpt_oIB2JG9_0::round_6|sharegpt_oIB2JG9_0::round_5|sharegpt_oIB2JG9_0::round_4,sharegpt_oIB2JG9_0|sharegpt_oIB2JG9_0|sharegpt_oIB2JG9_0|sharegpt_oIB2JG9_0|sharegpt_oIB2JG9_0
fca762bc,IE,single-session-assistant,2023/05/30 (Tue) 21:25,semantic,5,1.0,1.0,1.0,1.0,0.0690999995640595,,,232,1,1,True,0,0,0,0,456.2198275862069,944,110,0.4741379310344827,0.6515770600787525,0.0274953971016434,0.5977398157119751,0.7703755497932434,0.5,0.2905489765862739,0.0,1.0,False,False,True,True,10047776768,answer_ultrachat_39395::round_2|sharegpt_oIB2JG9_0::round_2|sharegpt_u5bsykF_69::round_8|8aee9f4c_2::round_3|sharegpt_oIB2JG9_0::round_3,answer_ultrachat_39395|sharegpt_oIB2JG9_0|sharegpt_u5bsykF_69|8aee9f4c_2|sharegpt_oIB2JG9_0
gpt4_0b2f1d21,TR,temporal-reasoning,2023/05/25 (Thu) 09:31,hybrid_raw,5,0.0,0.0,0.0,0.0,0.0753000003896886,,,252,2,2,False,0,0,34,1,418.1428571428572,3702,71,0.2817460317460317,0.598228265841802,0.027906378937921,0.5475595593452454,0.7405811548233032,0.5,0.2903997154444928,0.0,1.0,False,False,True,True,10047737856,sharegpt_vvCtAZS_0::round_6|sharegpt_hDjMGr7_30::round_5|sharegpt_vvCtAZS_0::round_5|sharegpt_hDjMGr7_30::round_6|5fc83435_2::round_4,sharegpt_vvCtAZS_0|sharegpt_hDjMGr7_30|sharegpt_vvCtAZS_0|sharegpt_hDjMGr7_30|5fc83435_2
gpt4_0b2f1d21,TR,temporal-reasoning,2023/05/25 (Thu) 09:31,recency,5,0.0,0.0,0.0,0.0,0.0326999997923849,,,252,2,2,False,0,0,34,1,418.1428571428572,3702,71,0.2817460317460317,0.598228265841802,0.027906378937921,0.5475595593452454,0.7405811548233032,0.5,0.2903997154444928,0.0,1.0,False,False,True,True,10047737856,sharegpt_vvCtAZS_0::round_6|sharegpt_vvCtAZS_0::round_5|sharegpt_vvCtAZS_0::round_4|sharegpt_vvCtAZS_0::round_3|sharegpt_vvCtAZS_0::round_2,sharegpt_vvCtAZS_0|sharegpt_vvCtAZS_0|sharegpt_vvCtAZS_0|sharegpt_vvCtAZS_0|sharegpt_vvCtAZS_0
gpt4_0b2f1d21,TR,temporal-reasoning,2023/05/25 (Thu) 09:31,semantic,5,1.0,1.0,1.0,1.0,0.076199999966775,,,252,2,2,False,0,0,34,1,418.1428571428572,3702,71,0.2817460317460317,0.598228265841802,0.027906378937921,0.5475595593452454,0.7405811548233032,0.5,0.2903997154444928,0.0,1.0,False,False,True,True,10047737856,answer_c4e5d969_2::round_2|answer_c4e5d969_2::round_0|answer_c4e5d969_2::round_3|answer_c4e5d969_2::round_4|answer_c4e5d969_1::round_0,answer_c4e5d969_2|answer_c4e5d969_2|answer_c4e5d969_2|answer_c4e5d969_2|answer_c4e5d969_1
gpt4_15e38248,MR,multi-session,2023/05/30 (Tue) 15:31,hybrid_raw,5,0.2,1.0,0.25,0.2,0.0718999999662628,,,237,5,4,True,0,0,0,0,443.704641350211,2539,85,0.3586497890295358,0.6206367928770524,0.0281504975476714,0.5732346177101135,0.7164273262023926,0.5,0.2905092903890607,0.0,1.0,False,False,True,True,10047903744,answer_8858d9dc_2::round_3|answer_8858d9dc_2::round_0|answer_8858d9dc_2::round_2|18807892_1::round_5|answer_8858d9dc_2::round_1,answer_8858d9dc_2|answer_8858d9dc_2|answer_8858d9dc_2|18807892_1|answer_8858d9dc_2
gpt4_15e38248,MR,multi-session,2023/05/30 (Tue) 15:31,recency,5,0.0,0.0,0.0,0.0,0.019099999917671,,,237,5,4,True,0,0,0,0,443.704641350211,2539,85,0.3586497890295358,0.6206367928770524,0.0281504975476714,0.5732346177101135,0.7164273262023926,0.5,0.2905092903890607,0.0,1.0,False,False,True,True,10047903744,18807892_1::round_5|18807892_1::round_4|18807892_1::round_3|18807892_1::round_2|18807892_1::round_1,18807892_1|18807892_1|18807892_1|18807892_1|18807892_1
gpt4_15e38248,MR,multi-session,2023/05/30 (Tue) 15:31,semantic,5,0.6,1.0,0.75,0.6,0.0701999997545499,,,237,5,4,True,0,0,0,0,443.704641350211,2539,85,0.3586497890295358,0.6206367928770524,0.0281504975476714,0.5732346177101135,0.7164273262023926,0.5,0.2905092903890607,0.0,1.0,False,False,True,True,10047903744,answer_8858d9dc_3::round_0|answer_8858d9dc_2::round_0|answer_8858d9dc_2::round_3|answer_8858d9dc_1::round_0|answer_8858d9dc_2::round_2,answer_8858d9dc_3|answer_8858d9dc_2|answer_8858d9dc_2|answer_8858d9dc_1|answer_8858d9dc_2
gpt4_1d4ab0c9,TR,temporal-reasoning,2023/04/18 (Tue) 10:43,hybrid_raw,5,0.5,1.0,0.5,0.5,0.0729999992472585,,,244,2,2,False,0,0,0,0,429.1516393442623,2419,86,0.3524590163934426,0.6117462713698871,0.0321630715531899,0.5615704655647278,0.8116538524627686,0.4999999999999999,0.2904564725261432,0.0,1.0,False,False,True,True,10047956992,answer_febde667_2::round_0|ultrachat_562892::round_6|answer_febde667_2::round_1|ultrachat_562892::round_4|answer_febde667_2::round_2,answer_febde667_2|ultrachat_562892|answer_febde667_2|ultrachat_562892|answer_febde667_2
gpt4_1d4ab0c9,TR,temporal-reasoning,2023/04/18 (Tue) 10:43,recency,5,0.0,0.0,0.0,0.0,0.0287999991996912,,,244,2,2,False,0,0,0,0,429.1516393442623,2419,86,0.3524590163934426,0.6117462713698871,0.0321630715531899,0.5615704655647278,0.8116538524627686,0.4999999999999999,0.2904564725261432,0.0,1.0,False,False,True,True,10047956992,ultrachat_562892::round_6|ultrachat_562892::round_5|ultrachat_562892::round_4|ultrachat_562892::round_3|ultrachat_562892::round_2,ultrachat_562892|ultrachat_562892|ultrachat_562892|ultrachat_562892|ultrachat_562892
gpt4_1d4ab0c9,TR,temporal-reasoning,2023/04/18 (Tue) 10:43,semantic,5,1.0,1.0,1.0,1.0,0.0726999987818999,,,244,2,2,False,0,0,0,0,429.1516393442623,2419,86,0.3524590163934426,0.6117462713698871,0.0321630715531899,0.5615704655647278,0.8116538524627686,0.4999999999999999,0.2904564725261432,0.0,1.0,False,False,True,True,10047956992,answer_febde667_1::round_0|answer_febde667_2::round_0|answer_febde667_2::round_1|answer_febde667_2::round_2|answer_febde667_1::round_4,answer_febde667_1|answer_febde667_2|answer_febde667_2|answer_febde667_2|answer_febde667_1
gpt4_2655b836,TR,temporal-reasoning,2023/04/10 (Mon) 10:15,hybrid_raw,5,0.5,1.0,0.3333333333333333,0.5,0.0710000003891764,,,234,2,3,False,0,0,23,2,452.6965811965812,855,106,0.452991452991453,0.6059970195986267,0.0283328709395075,0.5576990246772766,0.7459959983825684,0.5,0.2905328977867176,0.0,1.0,False,False,True,True,10047737856,ultrachat_107032::round_4|answer_4be1b6b4_2::round_0|ultrachat_107032::round_1|ultrachat_107032::round_3|ultrachat_413598::round_1,ultrachat_107032|answer_4be1b6b4_2|ultrachat_107032|ultrachat_107032|ultrachat_413598
gpt4_2655b836,TR,temporal-reasoning,2023/04/10 (Mon) 10:15,recency,5,0.0,0.0,0.0,0.0,0.0293000011879485,,,234,2,3,False,0,0,23,2,452.6965811965812,855,106,0.452991452991453,0.6059970195986267,0.0283328709395075,0.5576990246772766,0.7459959983825684,0.5,0.2905328977867176,0.0,1.0,False,False,True,True,10047737856,ultrachat_107032::round_4|ultrachat_107032::round_3|ultrachat_107032::round_2|ultrachat_107032::round_1|ultrachat_107032::round_0,ultrachat_107032|ultrachat_107032|ultrachat_107032|ultrachat_107032|ultrachat_107032
gpt4_2655b836,TR,temporal-reasoning,2023/04/10 (Mon) 10:15,semantic,5,1.0,1.0,1.0,1.0,0.0717000002623535,,,234,2,3,False,0,0,23,2,452.6965811965812,855,106,0.452991452991453,0.6059970195986267,0.0283328709395075,0.5576990246772766,0.7459959983825684,0.5,0.2905328977867176,0.0,1.0,False,False,True,True,10047737856,answer_4be1b6b4_3::round_1|answer_4be1b6b4_2::round_0|answer_4be1b6b4_3::round_2|answer_4be1b6b4_2::round_1|answer_4be1b6b4_1::round_5,answer_4be1b6b4_3|answer_4be1b6b4_2|answer_4be1b6b4_3|answer_4be1b6b4_2|answer_4be1b6b4_1
gpt4_2ba83207,MR,multi-session,2023/05/30 (Tue) 22:59,hybrid_raw,5,0.25,1.0,0.25,0.25,0.0748000002204207,,,255,4,4,True,0,0,0,0,416.8235294117647,1309,97,0.3803921568627451,0.6283056011386946,0.0405151587356995,0.5620772242546082,0.8013618588447571,0.5,0.2903793529856027,0.0,1.0,False,False,True,True,10047737856,answer_6a3b5c13_4::round_3|answer_6a3b5c13_4::round_0|answer_6a3b5c13_4::round_5|answer_6a3b5c13_4::round_2|answer_6a3b5c13_4::round_4,answer_6a3b5c13_4|answer_6a3b5c13_4|answer_6a3b5c13_4|answer_6a3b5c13_4|answer_6a3b5c13_4
gpt4_2ba83207,MR,multi-session,2023/05/30 (Tue) 22:59,recency,5,0.0,0.0,0.0,0.0,0.0159000001076492,,,255,4,4,True,0,0,0,0,416.8235294117647,1309,97,0.3803921568627451,0.6283056011386946,0.0405151587356995,0.5620772242546082,0.8013618588447571,0.5,0.2903793529856027,0.0,1.0,False,False,True,True,10047737856,ea336da0::round_5|ea336da0::round_4|ea336da0::round_3|ea336da0::round_2|ea336da0::round_1,ea336da0|ea336da0|ea336da0|ea336da0|ea336da0
gpt4_2ba83207,MR,multi-session,2023/05/30 (Tue) 22:59,semantic,5,0.5,1.0,0.75,0.5,0.0775999997131293,,,255,4,4,True,0,0,0,0,416.8235294117647,1309,97,0.3803921568627451,0.6283056011386946,0.0405151587356995,0.5620772242546082,0.8013618588447571,0.5,0.2903793529856027,0.0,1.0,False,False,True,True,10047737856,answer_6a3b5c13_4::round_3|answer_6a3b5c13_4::round_0|answer_6a3b5c13_1::round_0|answer_6a3b5c13_3::round_3|answer_6a3b5c13_3::round_5,answer_6a3b5c13_4|answer_6a3b5c13_4|answer_6a3b5c13_1|answer_6a3b5c13_3|answer_6a3b5c13_3
gpt4_2f56ae70,TR,temporal-reasoning,2023/05/26 (Fri) 00:18,hybrid_raw,5,0.0,0.0,0.3333333333333333,0.0,0.0712000000930856,,,231,3,3,False,0,0,45,3,452.2554112554113,1472,90,0.3896103896103896,0.6169194586865314,0.0256572310073597,0.5685380101203918,0.7204952239990234,0.5,0.2905571208104978,0.0,1.0,False,False,True,True,10048282624,answer_7a36e820_2::round_4|answer_7a36e820_2::round_3|sharegpt_modrigq_5::round_3|sharegpt_modrigq_5::round_4|sharegpt_modrigq_5::round_0,answer_7a36e820_2|answer_7a36e820_2|sharegpt_modrigq_5|sharegpt_modrigq_5|sharegpt_modrigq_5
gpt4_2f56ae70,TR,temporal-reasoning,2023/05/26 (Fri) 00:18,recency,5,0.0,0.0,0.0,0.0,0.0263000001723412,,,231,3,3,False,0,0,45,3,452.2554112554113,1472,90,0.3896103896103896,0.6169194586865314,0.0256572310073597,0.5685380101203918,0.7204952239990234,0.5,0.2905571208104978,0.0,1.0,False,False,True,True,10048282624,sharegpt_modrigq_5::round_4|sharegpt_modrigq_5::round_3|sharegpt_modrigq_5::round_2|sharegpt_modrigq_5::round_1|sharegpt_modrigq_5::round_0,sharegpt_modrigq_5|sharegpt_modrigq_5|sharegpt_modrigq_5|sharegpt_modrigq_5|sharegpt_modrigq_5
gpt4_2f56ae70,TR,temporal-reasoning,2023/05/26 (Fri) 00:18,semantic,5,0.3333333333333333,1.0,1.0,0.3333333333333333,0.0693999991199234,,,231,3,3,False,0,0,45,3,452.2554112554113,1472,90,0.3896103896103896,0.6169194586865314,0.0256572310073597,0.5685380101203918,0.7204952239990234,0.5,0.2905571208104978,0.0,1.0,False,False,True,True,10048282624,answer_7a36e820_3::round_0|answer_7a36e820_2::round_4|answer_7a36e820_1::round_3|answer_7a36e820_3::round_1|answer_7a36e820_2::round_3,answer_7a36e820_3|answer_7a36e820_2|answer_7a36e820_1|answer_7a36e820_3|answer_7a36e820_2
gpt4_2f584639,TR,temporal-reasoning,2023/05/30 (Tue) 07:03,hybrid_raw,5,0.0,0.0,0.0,0.0,0.0714999996489496,,,238,2,2,False,0,0,35,1,435.1512605042017,2506,85,0.3571428571428571,0.6097972903932843,0.03484434130152,0.5479584336280823,0.8158122301101685,0.5,0.2905015540230223,0.0,1.0,False,False,True,True,10047737856,ultrachat_64410::round_2|ultrachat_64410::round_1|sharegpt_bq9G6bT_2::round_0|ad32e276_1::round_5|ultrachat_64410::round_0,ultrachat_64410|ultrachat_64410|sharegpt_bq9G6bT_2|ad32e276_1|ultrachat_64410
gpt4_2f584639,TR,temporal-reasoning,2023/05/30 (Tue) 07:03,recency,5,0.0,0.0,0.0,0.0,0.0287000002572312,,,238,2,2,False,0,0,35,1,435.1512605042017,2506,85,0.3571428571428571,0.6097972903932843,0.03484434130152,0.5479584336280823,0.8158122301101685,0.5,0.2905015540230223,0.0,1.0,False,False,True,True,10047737856,ultrachat_64410::round_2|ultrachat_64410::round_1|ultrachat_64410::round_0|sharegpt_bq9G6bT_2::round_0|ad32e276_1::round_5,ultrachat_64410|ultrachat_64410|ultrachat_64410|sharegpt_bq9G6bT_2|ad32e276_1
gpt4_2f584639,TR,temporal-reasoning,2023/05/30 (Tue) 07:03,semantic,5,0.5,1.0,1.0,0.5,0.0733000006221118,,,238,2,2,False,0,0,35,1,435.1512605042017,2506,85,0.3571428571428571,0.6097972903932843,0.03484434130152,0.5479584336280823,0.8158122301101685,0.5,0.2905015540230223,0.0,1.0,False,False,True,True,10047737856,answer_11a8f823_2::round_2|answer_11a8f823_2::round_3|answer_11a8f823_2::round_4|answer_11a8f823_2::round_1|answer_11a8f823_1::round_2,answer_11a8f823_2|answer_11a8f823_2|answer_11a8f823_2|answer_11a8f823_2|answer_11a8f823_1
gpt4_2f91af09,MR,multi-session,2023/05/30 (Tue) 17:14,hybrid_raw,5,0.3333333333333333,1.0,0.3333333333333333,0.3333333333333333,0.0774999998611747,,,260,3,3,True,0,0,0,0,407.3192307692308,967,96,0.3692307692307692,0.6277556731150701,0.033817763290863,0.5720580816268921,0.7695981860160828,0.5,0.2903464634829455,0.0,1.0,False,False,True,True,10047737856,answer_669318cf_3::round_0|answer_669318cf_3::round_4|answer_669318cf_3::round_5|answer_669318cf_3::round_2|answer_669318cf_3::round_3,answer_669318cf_3|answer_669318cf_3|answer_669318cf_3|answer_669318cf_3|answer_669318cf_3
gpt4_2f91af09,MR,multi-session,2023/05/30 (Tue) 17:14,recency,5,0.0,0.0,0.3333333333333333,0.0,0.0167999996847356,,,260,3,3,True,0,0,0,0,407.3192307692308,967,96,0.3692307692307692,0.6277556731150701,0.033817763290863,0.5720580816268921,0.7695981860160828,0.5,0.2903464634829455,0.0,1.0,False,False,True,True,10047737856,sharegpt_yoSUjfa_5::round_2|sharegpt_yoSUjfa_5::round_1|sharegpt_yoSUjfa_5::round_0|answer_669318cf_3::round_5|answer_669318cf_3::round_4,sharegpt_yoSUjfa_5|sharegpt_yoSUjfa_5|sharegpt_yoSUjfa_5|answer_669318cf_3|answer_669318cf_3
gpt4_2f91af09,MR,multi-session,2023/05/30 (Tue) 17:14,semantic,5,1.0,1.0,1.0,1.0,0.0807000005806912,,,260,3,3,True,0,0,0,0,407.3192307692308,967,96,0.3692307692307692,0.6277556731150701,0.033817763290863,0.5720580816268921,0.7695981860160828,0.5,0.2903464634829455,0.0,1.0,False,False,True,True,10047737856,answer_669318cf_3::round_0|answer_669318cf_1::round_0|answer_669318cf_2::round_0|answer_669318cf_2::round_2|answer_669318cf_2::round_4,answer_669318cf_3|answer_669318cf_1|answer_669318cf_2|answer_669318cf_2|answer_669318cf_2
gpt4_372c3eed,MR,multi-session,2021/08/20 (Fri) 23:34,hybrid_raw,5,0.0,0.0,0.0,0.0,0.0711999991835909,,,236,3,3,True,0,0,0,0,446.7330508474576,2321,92,0.3898305084745763,0.6052763702000602,0.0187346977733459,0.5647989511489868,0.6704496741294861,0.4999999999999999,0.2905170925735878,0.0,1.0,False,False,True,True,10047877120,sharegpt_HecpbgK_0::round_0|ultrachat_400797::round_6|ultrachat_400797::round_4|ultrachat_400797::round_5|ultrachat_400797::round_2,sharegpt_HecpbgK_0|ultrachat_400797|ultrachat_400797|ultrachat_400797|ultrachat_400797
gpt4_372c3eed,MR,multi-session,2021/08/20 (Fri) 23:34,recency,5,0.0,0.0,0.0,0.0,0.0151000003825174,,,236,3,3,True,0,0,0,0,446.7330508474576,2321,92,0.3898305084745763,0.6052763702000602,0.0187346977733459,0.5647989511489868,0.6704496741294861,0.4999999999999999,0.2905170925735878,0.0,1.0,False,False,True,True,10047877120,sharegpt_HecpbgK_0::round_0|ultrachat_400797::round_6|ultrachat_400797::round_5|ultrachat_400797::round_4|ultrachat_400797::round_3,sharegpt_HecpbgK_0|ultrachat_400797|ultrachat_400797|ultrachat_400797|ultrachat_400797
gpt4_372c3eed,MR,multi-session,2021/08/20 (Fri) 23:34,semantic,5,0.0,0.0,0.0,0.0,0.0709000005372217,,,236,3,3,True,0,0,0,0,446.7330508474576,2321,92,0.3898305084745763,0.6052763702000602,0.0187346977733459,0.5647989511489868,0.6704496741294861,0.4999999999999999,0.2905170925735878,0.0,1.0,False,False,True,True,10047877120,afffd8ec_3::round_0|sharegpt_6VqlSoL_25::round_1|afffd8ec_3::round_1|afffd8ec_3::round_2|afffd8ec_3::round_5,afffd8ec_3|sharegpt_6VqlSoL_25|afffd8ec_3|afffd8ec_3|afffd8ec_3
gpt4_468eb063,TR,temporal-reasoning,2023/04/20 (Thu) 10:12,hybrid_raw,5,0.0,0.0,0.0,0.0,0.076199999966775,,,251,1,1,False,0,0,0,0,421.9003984063745,1251,94,0.3745019920318725,0.6001140558387179,0.0206698410987783,0.5551671981811523,0.6904192566871643,0.5,0.2904066114949864,0.0,1.0,False,False,True,True,10047737856,d12d5a98_5::round_5|sharegpt_m46gSO3_0::round_3|sharegpt_m46gSO3_0::round_4|sharegpt_m46gSO3_0::round_1|sharegpt_m46gSO3_0::round_5,d12d5a98_5|sharegpt_m46gSO3_0|sharegpt_m46gSO3_0|sharegpt_m46gSO3_0|sharegpt_m46gSO3_0
gpt4_468eb063,TR,temporal-reasoning,2023/04/20 (Thu) 10:12,recency,5,0.0,0.0,0.0,0.0,0.0313999989884905,,,251,1,1,False,0,0,0,0,421.9003984063745,1251,94,0.3745019920318725,0.6001140558387179,0.0206698410987783,0.5551671981811523,0.6904192566871643,0.5,0.2904066114949864,0.0,1.0,False,False,True,True,10047737856,sharegpt_m46gSO3_0::round_5|sharegpt_m46gSO3_0::round_4|sharegpt_m46gSO3_0::round_3|sharegpt_m46gSO3_0::round_2|sharegpt_m46gSO3_0::round_1,sharegpt_m46gSO3_0|sharegpt_m46gSO3_0|sharegpt_m46gSO3_0|sharegpt_m46gSO3_0|sharegpt_m46gSO3_0
gpt4_468eb063,TR,temporal-reasoning,2023/04/20 (Thu) 10:12,semantic,5,0.0,0.0,0.0,0.0,0.0751000006857793,,,251,1,1,False,0,0,0,0,421.9003984063745,1251,94,0.3745019920318725,0.6001140558387179,0.0206698410987783,0.5551671981811523,0.6904192566871643,0.5,0.2904066114949864,0.0,1.0,False,False,True,True,10047737856,e60a93ff_2::round_4|e60a93ff_2::round_2|e60a93ff_2::round_5|e60a93ff_2::round_3|146ad010::round_2,e60a93ff_2|e60a93ff_2|e60a93ff_2|e60a93ff_2|146ad010
gpt4_483dd43c,TR,temporal-reasoning,2023/05/29 (Mon) 08:33,hybrid_raw,5,0.0,0.0,0.0,0.0,0.080200001320918,,,267,2,2,False,0,0,30,1,408.96629213483146,9134,73,0.2734082397003745,0.6139190241638641,0.0297050061197937,0.5480688810348511,0.786454975605011,0.5,0.290302494770947,0.0,1.0,False,False,True,True,10047737856,ultrachat_530946::round_3|ultrachat_530946::round_1|f1bdf7f3_1::round_3|f1bdf7f3_1::round_5|ultrachat_530946::round_4,ultrachat_530946|ultrachat_530946|f1bdf7f3_1|f1bdf7f3_1|ultrachat_530946
gpt4_483dd43c,TR,temporal-reasoning,2023/05/29 (Mon) 08:33,recency,5,0.0,0.0,0.0,0.0,0.0316000005113892,,,267,2,2,False,0,0,30,1,408.96629213483146,9134,73,0.2734082397003745,0.6139190241638641,0.0297050061197937,0.5480688810348511,0.786454975605011,0.5,0.290302494770947,0.0,1.0,False,False,True,True,10047737856,ultrachat_530946::round_4|ultrachat_530946::round_3|ultrachat_530946::round_2|ultrachat_530946::round_1|ultrachat_530946::round_0,ultrachat_530946|ultrachat_530946|ultrachat_530946|ultrachat_530946|ultrachat_530946
gpt4_483dd43c,TR,temporal-reasoning,2023/05/29 (Mon) 08:33,semantic,5,1.0,1.0,1.0,1.0,0.0794999996287515,,,267,2,2,False,0,0,30,1,408.96629213483146,9134,73,0.2734082397003745,0.6139190241638641,0.0297050061197937,0.5480688810348511,0.786454975605011,0.5,0.290302494770947,0.0,1.0,False,False,True,True,10047737856,answer_fb793c87_1::round_2|answer_fb793c87_2::round_0|answer_fb793c87_1::round_0|answer_fb793c87_2::round_5|answer_fb793c87_1::round_1,answer_fb793c87_1|answer_fb793c87_2|answer_fb793c87_1|answer_fb793c87_2|answer_fb793c87_1
gpt4_4cd9eba1,TR,temporal-reasoning,2023/04/19 (Wed) 00:38,hybrid_raw,5,0.0,0.0,0.0,0.0,0.0757999996494618,,,251,2,2,False,0,0,43,2,425.0119521912351,876,97,0.3864541832669322,0.6155764819141403,0.0286281163567606,0.5676980018615723,0.7571853399276733,0.5,0.2904066114949864,0.0,1.0,False,False,True,True,10047932416,f54d04cc::round_4|f54d04cc::round_2|f54d04cc::round_1|f54d04cc::round_3|f54d04cc::round_0,f54d04cc|f54d04cc|f54d04cc|f54d04cc|f54d04cc
gpt4_4cd9eba1,TR,temporal-reasoning,2023/04/19 (Wed) 00:38,recency,5,0.0,0.0,0.0,0.0,0.0310999994326266,,,251,2,2,False,0,0,43,2,425.0119521912351,876,97,0.3864541832669322,0.6155764819141403,0.0286281163567606,0.5676980018615723,0.7571853399276733,0.5,0.2904066114949864,0.0,1.0,False,False,True,True,10047932416,f54d04cc::round_5|f54d04cc::round_4|f54d04cc::round_3|f54d04cc::round_2|f54d04cc::round_1,f54d04cc|f54d04cc|f54d04cc|f54d04cc|f54d04cc
gpt4_4cd9eba1,TR,temporal-reasoning,2023/04/19 (Wed) 00:38,semantic,5,1.0,1.0,1.0,1.0,0.0749000000723754,,,251,2,2,False,0,0,43,2,425.0119521912351,876,97,0.3864541832669322,0.6155764819141403,0.0286281163567606,0.5676980018615723,0.7571853399276733,0.5,0.2904066114949864,0.0,1.0,False,False,True,True,10047932416,answer_5fcca8bc_1::round_0|answer_5fcca8bc_2::round_0|answer_5fcca8bc_1::round_1|answer_5fcca8bc_1::round_3|2ef53f61_4::round_1,answer_5fcca8bc_1|answer_5fcca8bc_2|answer_5fcca8bc_1|answer_5fcca8bc_1|2ef53f61_4
gpt4_4edbafa2,TR,temporal-reasoning,2023/07/01 (Sat) 02:36,hybrid_raw,5,0.0,0.0,0.0,0.0,0.0698000003467314,,,231,2,2,False,0,0,36,2,456.6277056277056,1431,111,0.4805194805194805,0.6064662742408323,0.0239854637644782,0.5648024082183838,0.6814876794815063,0.5,0.2905571208104978,0.0,1.0,False,False,True,True,10047737856,sharegpt_6MPnc5F_9::round_7|sharegpt_6MPnc5F_9::round_6|sharegpt_6MPnc5F_9::round_4|sharegpt_6MPnc5F_9::round_5|f25cfdd1_3::round_5,sharegpt_6MPnc5F_9|sharegpt_6MPnc5F_9|sharegpt_6MPnc5F_9|sharegpt_6MPnc5F_9|f25cfdd1_3
gpt4_4edbafa2,TR,temporal-reasoning,2023/07/01 (Sat) 02:36,recency,5,0.0,0.0,0.0,0.0,0.0280000003840541,,,231,2,2,False,0,0,36,2,456.6277056277056,1431,111,0.4805194805194805,0.6064662742408323,0.0239854637644782,0.5648024082183838,0.6814876794815063,0.5,0.2905571208104978,0.0,1.0,False,False,True,True,10047737856,sharegpt_6MPnc5F_9::round_7|sharegpt_6MPnc5F_9::round_6|sharegpt_6MPnc5F_9::round_5|sharegpt_6MPnc5F_9::round_4|sharegpt_6MPnc5F_9::round_3,sharegpt_6MPnc5F_9|sharegpt_6MPnc5F_9|sharegpt_6MPnc5F_9|sharegpt_6MPnc5F_9|sharegpt_6MPnc5F_9
gpt4_4edbafa2,TR,temporal-reasoning,2023/07/01 (Sat) 02:36,semantic,5,0.0,0.0,0.5,0.0,0.0682000008964678,,,231,2,2,False,0,0,36,2,456.6277056277056,1431,111,0.4805194805194805,0.6064662742408323,0.0239854637644782,0.5648024082183838,0.6814876794815063,0.5,0.2905571208104978,0.0,1.0,False,False,True,True,10047737856,sharegpt_jZOf9E5_21::round_4|sharegpt_jZOf9E5_21::round_3|answer_0a00c163_2::round_5|sharegpt_jZOf9E5_21::round_6|sharegpt_jZOf9E5_21::round_5,sharegpt_jZOf9E5_21|sharegpt_jZOf9E5_21|answer_0a00c163_2|sharegpt_jZOf9E5_21|sharegpt_jZOf9E5_21
gpt4_4ef30696,TR,temporal-reasoning,2022/05/01 (Sun) 04:58,hybrid_raw,5,0.0,0.0,0.0,0.0,0.0760000002628658,,,262,2,2,False,0,0,0,0,402.7099236641221,851,89,0.3396946564885496,0.6088524770190697,0.0307694618731606,0.550075888633728,0.7476903796195984,0.5,0.2903336604086739,0.0,1.0,False,False,True,True,10048251904,ultrachat_333302::round_3|ultrachat_333302::round_5|ultrachat_333302::round_1|ultrachat_333302::round_4|ultrachat_333302::round_2,ultrachat_333302|ultrachat_333302|ultrachat_333302|ultrachat_333302|ultrachat_333302
gpt4_4ef30696,TR,temporal-reasoning,2022/05/01 (Sun) 04:58,recency,5,0.0,0.0,0.0,0.0,0.0271999997494276,,,262,2,2,False,0,0,0,0,402.7099236641221,851,89,0.3396946564885496,0.6088524770190697,0.0307694618731606,0.550075888633728,0.7476903796195984,0.5,0.2903336604086739,0.0,1.0,False,False,True,True,10048251904,ultrachat_333302::round_5|ultrachat_333302::round_4|ultrachat_333302::round_3|ultrachat_333302::round_2|ultrachat_333302::round_1,ultrachat_333302|ultrachat_333302|ultrachat_333302|ultrachat_333302|ultrachat_333302
gpt4_4ef30696,TR,temporal-reasoning,2022/05/01 (Sun) 04:58,semantic,5,0.5,1.0,0.5,0.5,0.0792000009823823,,,262,2,2,False,0,0,0,0,402.7099236641221,851,89,0.3396946564885496,0.6088524770190697,0.0307694618731606,0.550075888633728,0.7476903796195984,0.5,0.2903336604086739,0.0,1.0,False,False,True,True,10048251904,answer_f964cea3_2::round_1|answer_f964cea3_2::round_0|80b3f093::round_5|4067bede::round_3|answer_f964cea3_2::round_4,answer_f964cea3_2|answer_f964cea3_2|80b3f093|4067bede|answer_f964cea3_2
gpt4_4fc4f797,TR,temporal-reasoning,2023/06/01 (Thu) 21:22,hybrid_raw,5,0.0,0.0,0.5,0.0,0.0700000000506406,,,237,2,2,False,0,0,0,0,449.3924050632912,870,101,0.4261603375527426,0.6122332761056313,0.0339370844557698,0.5535067915916443,0.8231720328330994,0.5,0.2905092903890607,0.0,1.0,False,False,True,True,10048135168,answer_be07688f_2::round_1|ultrachat_472595::round_4|f5c7d070_2::round_4|ultrachat_472595::round_2|ultrachat_472595::round_1,answer_be07688f_2|ultrachat_472595|f5c7d070_2|ultrachat_472595|ultrachat_472595
gpt4_4fc4f797,TR,temporal-reasoning,2023/06/01 (Thu) 21:22,recency,5,0.0,0.0,0.0,0.0,0.0268000003416091,,,237,2,2,False,0,0,0,0,449.3924050632912,870,101,0.4261603375527426,0.6122332761056313,0.0339370844557698,0.5535067915916443,0.8231720328330994,0.5,0.2905092903890607,0.0,1.0,False,False,True,True,10048135168,ultrachat_472595::round_5|ultrachat_472595::round_4|ultrachat_472595::round_3|ultrachat_472595::round_2|ultrachat_472595::round_1,ultrachat_472595|ultrachat_472595|ultrachat_472595|ultrachat_472595|ultrachat_472595
gpt4_4fc4f797,TR,temporal-reasoning,2023/06/01 (Thu) 21:22,semantic,5,0.5,1.0,1.0,0.5,0.0727000006008893,,,237,2,2,False,0,0,0,0,449.3924050632912,870,101,0.4261603375527426,0.6122332761056313,0.0339370844557698,0.5535067915916443,0.8231720328330994,0.5,0.2905092903890607,0.0,1.0,False,False,True,True,10048135168,answer_be07688f_1::round_2|answer_be07688f_2::round_1|answer_be07688f_1::round_5|answer_be07688f_1::round_0|answer_be07688f_1::round_3,answer_be07688f_1|answer_be07688f_2|answer_be07688f_1|answer_be07688f_1|answer_be07688f_1
gpt4_5501fe77,MR,multi-session,2023/05/30 (Tue) 22:43,hybrid_raw,5,0.3333333333333333,1.0,0.3333333333333333,0.3333333333333333,0.0738999997338396,,,258,3,3,True,0,0,0,0,409.7248062015504,885,88,0.3410852713178294,0.6281448803668799,0.0436804998865115,0.5702675580978394,0.7923238277435303,0.5,0.2903594657633106,0.0,1.0,False,False,True,True,10047737856,answer_203bf3fa_2::round_4|answer_203bf3fa_2::round_0|answer_203bf3fa_2::round_3|answer_203bf3fa_2::round_2|answer_203bf3fa_2::round_5,answer_203bf3fa_2|answer_203bf3fa_2|answer_203bf3fa_2|answer_203bf3fa_2|answer_203bf3fa_2
gpt4_5501fe77,MR,multi-session,2023/05/30 (Tue) 22:43,recency,5,0.0,0.0,0.0,0.0,0.0159999999596038,,,258,3,3,True,0,0,0,0,409.7248062015504,885,88,0.3410852713178294,0.6281448803668799,0.0436804998865115,0.5702675580978394,0.7923238277435303,0.5,0.2903594657633106,0.0,1.0,False,False,True,True,10047737856,656ed034::round_5|656ed034::round_4|656ed034::round_3|656ed034::round_2|656ed034::round_1,656ed034|656ed034|656ed034|656ed034|656ed034
gpt4_5501fe77,MR,multi-session,2023/05/30 (Tue) 22:43,semantic,5,1.0,1.0,1.0,1.0,0.0764999995226389,,,258,3,3,True,0,0,0,0,409.7248062015504,885,88,0.3410852713178294,0.6281448803668799,0.0436804998865115,0.5702675580978394,0.7923238277435303,0.5,0.2903594657633106,0.0,1.0,False,False,True,True,10047737856,answer_203bf3fa_1::round_0|answer_203bf3fa_2::round_4|ultrachat_337168::round_1|answer_203bf3fa_2::round_0|answer_203bf3fa_3::round_0,answer_203bf3fa_1|answer_203bf3fa_2|ultrachat_337168|answer_203bf3fa_2|answer_203bf3fa_3
gpt4_65aabe59,TR,temporal-reasoning,2023/05/25 (Thu) 11:29,hybrid_raw,5,0.0,0.0,0.0,0.0,0.068499999542837,,,227,3,2,False,0,0,20,1,455.9911894273128,1385,105,0.4625550660792951,0.6071702635760875,0.0342231239791286,0.5515714287757874,0.7745888233184814,0.5,0.2905904181744119,0.0,1.0,False,False,True,True,10047737856,59fa667d::round_4|59fa667d::round_3|59fa667d::round_5|59fa667d::round_1|481459ad_2::round_5,59fa667d|59fa667d|59fa667d|59fa667d|481459ad_2
gpt4_65aabe59,TR,temporal-reasoning,2023/05/25 (Thu) 11:29,recency,5,0.0,0.0,0.0,0.0,0.0275000002147862,,,227,3,2,False,0,0,20,1,455.9911894273128,1385,105,0.4625550660792951,0.6071702635760875,0.0342231239791286,0.5515714287757874,0.7745888233184814,0.5,0.2905904181744119,0.0,1.0,False,False,True,True,10047737856,59fa667d::round_5|59fa667d::round_4|59fa667d::round_3|59fa667d::round_2|59fa667d::round_1,59fa667d|59fa667d|59fa667d|59fa667d|59fa667d
gpt4_65aabe59,TR,temporal-reasoning,2023/05/25 (Thu) 11:29,semantic,5,0.3333333333333333,1.0,0.5,0.3333333333333333,0.0682999998389277,,,227,3,2,False,0,0,20,1,455.9911894273128,1385,105,0.4625550660792951,0.6071702635760875,0.0342231239791286,0.5515714287757874,0.7745888233184814,0.5,0.2905904181744119,0.0,1.0,False,False,True,True,10047737856,answer_30dfe889_1::round_2|6a7e3aec::round_2|6a7e3aec::round_0|6a7e3aec::round_5|6a7e3aec::round_1,answer_30dfe889_1|6a7e3aec|6a7e3aec|6a7e3aec|6a7e3aec
gpt4_68e94287,TR,temporal-reasoning,2023/04/12 (Wed) 12:00,hybrid_raw,5,0.0,0.0,0.0,0.0,0.0748000002204207,,,248,2,2,False,0,0,0,0,422.8266129032258,1580,85,0.3427419354838709,0.6157669910500126,0.0266338941420251,0.5659984350204468,0.6877249479293823,0.5,0.2904276345661692,0.0,1.0,False,False,True,True,10047944704,50f136f2_3::round_5|f2f2a606_1::round_5|f2f2a606_1::round_1|f2f2a606_1::round_3|f2f2a606_1::round_2,50f136f2_3|f2f2a606_1|f2f2a606_1|f2f2a606_1|f2f2a606_1
gpt4_68e94287,TR,temporal-reasoning,2023/04/12 (Wed) 12:00,recency,5,0.0,0.0,0.0,0.0,0.0288999999611405,,,248,2,2,False,0,0,0,0,422.8266129032258,1580,85,0.3427419354838709,0.6157669910500126,0.0266338941420251,0.5659984350204468,0.6877249479293823,0.5,0.2904276345661692,0.0,1.0,False,False,True,True,10047944704,f2f2a606_1::round_5|f2f2a606_1::round_4|f2f2a606_1::round_3|f2f2a606_1::round_2|f2f2a606_1::round_1,f2f2a606_1|f2f2a606_1|f2f2a606_1|f2f2a606_1|f2f2a606_1
gpt4_68e94287,TR,temporal-reasoning,2023/04/12 (Wed) 12:00,semantic,5,0.5,1.0,1.0,0.5,0.0846000002638902,,,248,2,2,False,0,0,0,0,422.8266129032258,1580,85,0.3427419354838709,0.6157669910500126,0.0266338941420251,0.5659984350204468,0.6877249479293823,0.5,0.2904276345661692,0.0,1.0,False,False,True,True,10047944704,answer_9793daa3_2::round_0|sharegpt_94CjWOc_0::round_3|ultrachat_170510::round_5|answer_9793daa3_1::round_5|3891baea_2::round_3,answer_9793daa3_2|sharegpt_94CjWOc_0|ultrachat_170510|answer_9793daa3_1|3891baea_2
gpt4_6ed717ea,TR,temporal-reasoning,2023/05/29 (Mon) 08:51,hybrid_raw,5,0.0,0.0,0.5,0.0,0.0746999994589714,,,246,2,2,False,0,0,33,2,422.4065040650407,853,94,0.3821138211382114,0.6171622942618238,0.0328843306639869,0.5699160099029541,0.8258315324783325,0.5,0.2904419358795335,0.0,1.0,False,False,True,True,10047754240,answer_d50a8a33_1::round_5|answer_d50a8a33_1::round_4|answer_d50a8a33_1::round_3|ultrachat_400856::round_3|ultrachat_400856::round_2,answer_d50a8a33_1|answer_d50a8a33_1|answer_d50a8a33_1|ultrachat_400856|ultrachat_400856
gpt4_6ed717ea,TR,temporal-reasoning,2023/05/29 (Mon) 08:51,recency,5,0.0,0.0,0.0,0.0,0.0310000013996614,,,246,2,2,False,0,0,33,2,422.4065040650407,853,94,0.3821138211382114,0.6171622942618238,0.0328843306639869,0.5699160099029541,0.8258315324783325,0.5,0.2904419358795335,0.0,1.0,False,False,True,True,10047754240,ultrachat_400856::round_6|ultrachat_400856::round_5|ultrachat_400856::round_4|ultrachat_400856::round_3|ultrachat_400856::round_2,ultrachat_400856|ultrachat_400856|ultrachat_400856|ultrachat_400856|ultrachat_400856
gpt4_6ed717ea,TR,temporal-reasoning,2023/05/29 (Mon) 08:51,semantic,5,0.5,1.0,1.0,0.5,0.073799999881885,,,246,2,2,False,0,0,33,2,422.4065040650407,853,94,0.3821138211382114,0.6171622942618238,0.0328843306639869,0.5699160099029541,0.8258315324783325,0.5,0.2904419358795335,0.0,1.0,False,False,True,True,10047754240,answer_d50a8a33_2::round_0|answer_d50a8a33_2::round_4|answer_d50a8a33_1::round_4|answer_d50a8a33_1::round_5|answer_d50a8a33_1::round_3,answer_d50a8a33_2|answer_d50a8a33_2|answer_d50a8a33_1|answer_d50a8a33_1|answer_d50a8a33_1
gpt4_70e84552,TR,temporal-reasoning,2023/05/25 (Thu) 08:03,hybrid_raw,5,0.0,0.0,0.0,0.0,0.0707999988662777,,,235,2,2,False,0,0,29,1,447.1021276595745,1670,89,0.3787234042553191,0.632201956180816,0.0274389739015446,0.5780647993087769,0.744040846824646,0.5,0.2905249614201368,0.0,1.0,False,False,True,True,10048356352,sharegpt_znI61kP_0::round_0|5429e768_1::round_4|5429e768_1::round_3|ultrachat_352927::round_6|sharegpt_AHVqn7U_40::round_0,sharegpt_znI61kP_0|5429e768_1|5429e768_1|ultrachat_352927|sharegpt_AHVqn7U_40
gpt4_70e84552,TR,temporal-reasoning,2023/05/25 (Thu) 08:03,recency,5,0.0,0.0,0.0,0.0,0.0311999992845812,,,235,2,2,False,0,0,29,1,447.1021276595745,1670,89,0.3787234042553191,0.632201956180816,0.0274389739015446,0.5780647993087769,0.744040846824646,0.5,0.2905249614201368,0.0,1.0,False,False,True,True,10048356352,5429e768_1::round_5|5429e768_1::round_4|5429e768_1::round_3|5429e768_1::round_2|5429e768_1::round_1,5429e768_1|5429e768_1|5429e768_1|5429e768_1|5429e768_1
gpt4_70e84552,TR,temporal-reasoning,2023/05/25 (Thu) 08:03,semantic,5,1.0,1.0,1.0,1.0,0.0715000005584443,,,235,2,2,False,0,0,29,1,447.1021276595745,1670,89,0.3787234042553191,0.632201956180816,0.0274389739015446,0.5780647993087769,0.744040846824646,0.5,0.2905249614201368,0.0,1.0,False,False,True,True,10048356352,answer_b3070ec4_2::round_3|answer_b3070ec4_1::round_1|answer_b3070ec4_1::round_0|answer_b3070ec4_1::round_5|answer_b3070ec4_2::round_0,answer_b3070ec4_2|answer_b3070ec4_1|answer_b3070ec4_1|answer_b3070ec4_1|answer_b3070ec4_2
gpt4_731e37d7,MR,multi-session,2023/02/26 (Sun) 23:35,hybrid_raw,5,0.0,0.0,0.0,0.0,0.0743000000511528,,,265,4,4,True,0,0,0,0,398.4415094339623,3642,87,0.3283018867924528,0.6157519738629179,0.0226389911933392,0.571901798248291,0.7027233839035034,0.5,0.2903148194080379,0.0,1.0,False,False,True,True,10047969280,261235d1::round_2|66081c0f_1::round_4|261235d1::round_3|261235d1::round_4|66081c0f_1::round_3,261235d1|66081c0f_1|261235d1|261235d1|66081c0f_1
gpt4_731e37d7,MR,multi-session,2023/02/26 (Sun) 23:35,recency,5,0.0,0.0,0.0,0.0,0.0164000002769171,,,265,4,4,True,0,0,0,0,398.4415094339623,3642,87,0.3283018867924528,0.6157519738629179,0.0226389911933392,0.571901798248291,0.7027233839035034,0.5,0.2903148194080379,0.0,1.0,False,False,True,True,10047969280,261235d1::round_5|261235d1::round_4|261235d1::round_3|261235d1::round_2|261235d1::round_1,261235d1|261235d1|261235d1|261235d1|261235d1
gpt4_731e37d7,MR,multi-session,2023/02/26 (Sun) 23:35,semantic,5,0.0,0.0,0.5,0.0,0.078800000665069,,,265,4,4,True,0,0,0,0,398.4415094339623,3642,87,0.3283018867924528,0.6157519738629179,0.0226389911933392,0.571901798248291,0.7027233839035034,0.5,0.2903148194080379,0.0,1.0,False,False,True,True,10047969280,267a912c::round_2|answer_826d51da_1::round_5|answer_826d51da_4::round_2|267a912c::round_5|267a912c::round_4,267a912c|answer_826d51da_1|answer_826d51da_4|267a912c|267a912c
gpt4_74aed68e,TR,temporal-reasoning,2023/04/01 (Sat) 21:42,hybrid_raw,5,0.0,0.0,0.0,0.0,0.0723999983165413,,,242,2,2,False,0,0,0,0,438.3057851239669,873,90,0.371900826446281,0.6123819900445702,0.0268514872336746,0.5599976778030396,0.7359499931335449,0.5,0.2904712503629386,0.0,1.0,False,False,True,True,10047737856,sharegpt_k1buBRY_0::round_0|470f29c0_1::round_3|470f29c0_1::round_4|470f29c0_1::round_5|470f29c0_1::round_2,sharegpt_k1buBRY_0|470f29c0_1|470f29c0_1|470f29c0_1|470f29c0_1
gpt4_74aed68e,TR,temporal-reasoning,2023/04/01 (Sat) 21:42,recency,5,0.0,0.0,0.0,0.0,0.0258999989455332,,,242,2,2,False,0,0,0,0,438.3057851239669,873,90,0.371900826446281,0.6123819900445702,0.0268514872336746,0.5599976778030396,0.7359499931335449,0.5,0.2904712503629386,0.0,1.0,False,False,True,True,10047737856,sharegpt_SDJ5YwZ_0::round_0|sharegpt_k1buBRY_0::round_0|470f29c0_1::round_5|470f29c0_1::round_4|470f29c0_1::round_3,sharegpt_SDJ5YwZ_0|sharegpt_k1buBRY_0|470f29c0_1|470f29c0_1|470f29c0_1
gpt4_74aed68e,TR,temporal-reasoning,2023/04/01 (Sat) 21:42,semantic,5,1.0,1.0,1.0,1.0,0.0734000004740664,,,242,2,2,False,0,0,0,0,438.3057851239669,873,90,0.371900826446281,0.6123819900445702,0.0268514872336746,0.5599976778030396,0.7359499931335449,0.5,0.2904712503629386,0.0,1.0,False,False,True,True,10047737856,answer_aed8cf17_2::round_0|answer_aed8cf17_2::round_2|answer_aed8cf17_1::round_0|318048af_2::round_2|answer_aed8cf17_1::round_3,answer_aed8cf17_2|answer_aed8cf17_2|answer_aed8cf17_1|318048af_2|answer_aed8cf17_1
gpt4_7bc6cf22,TR,temporal-reasoning,2023/04/01 (Sat) 08:36,hybrid_raw,5,0.0,0.0,0.0,0.0,0.079100000220933,,,262,1,1,False,0,0,0,0,404.0648854961832,891,88,0.3358778625954198,0.5961012892595684,0.018853159621078,0.5580177903175354,0.6705350875854492,0.5,0.2903336604086739,0.0,1.0,False,False,True,True,10047737856,sharegpt_74C4RVc_0::round_1|sharegpt_74C4RVc_0::round_3|sharegpt_xiDADcv_0::round_0|sharegpt_74C4RVc_0::round_0|sharegpt_74C4RVc_0::round_2,sharegpt_74C4RVc_0|sharegpt_74C4RVc_0|sharegpt_xiDADcv_0|sharegpt_74C4RVc_0|sharegpt_74C4RVc_0
gpt4_7bc6cf22,TR,temporal-reasoning,2023/04/01 (Sat) 08:36,recency,5,0.0,0.0,0.0,0.0,0.0304000004689442,,,262,1,1,False,0,0,0,0,404.0648854961832,891,88,0.3358778625954198,0.5961012892595684,0.018853159621078,0.5580177903175354,0.6705350875854492,0.5,0.2903336604086739,0.0,1.0,False,False,True,True,10047737856,sharegpt_74C4RVc_0::round_3|sharegpt_74C4RVc_0::round_2|sharegpt_74C4RVc_0::round_1|sharegpt_74C4RVc_0::round_0|sharegpt_bGSBA96_0::round_2,sharegpt_74C4RVc_0|sharegpt_74C4RVc_0|sharegpt_74C4RVc_0|sharegpt_74C4RVc_0|sharegpt_bGSBA96_0
gpt4_7bc6cf22,TR,temporal-reasoning,2023/04/01 (Sat) 08:36,semantic,5,0.0,0.0,1.0,0.0,0.0807000014901859,,,262,1,1,False,0,0,0,0,404.0648854961832,891,88,0.3358778625954198,0.5961012892595684,0.018853159621078,0.5580177903175354,0.6705350875854492,0.5,0.2903336604086739,0.0,1.0,False,False,True,True,10047737856,answer_e22d6aef_1::round_4|answer_e22d6aef_1::round_3|answer_e22d6aef_1::round_5|sharegpt_xiDADcv_0::round_0|answer_e22d6aef_1::round_1,answer_e22d6aef_1|answer_e22d6aef_1|answer_e22d6aef_1|sharegpt_xiDADcv_0|answer_e22d6aef_1
gpt4_7fce9456,MR,multi-session,2023/03/08 (Wed) 23:58,hybrid_raw,5,0.0,0.0,0.2,0.0,0.0744999997550621,,,253,6,5,True,0,0,0,0,417.0197628458498,851,86,0.3399209486166007,0.60879379746471,0.0285349852211235,0.5627561807632446,0.7473875880241394,0.5000000000000001,0.2903928741067686,0.0,1.0,False,False,True,True,10047737856,67154fb2_1::round_2|answer_a679a86a_1::round_1|67154fb2_1::round_5|67154fb2_1::round_1|67154fb2_1::round_3,67154fb2_1|answer_a679a86a_1|67154fb2_1|67154fb2_1|67154fb2_1
gpt4_7fce9456,MR,multi-session,2023/03/08 (Wed) 23:58,recency,5,0.0,0.0,0.0,0.0,0.015499999790336,,,253,6,5,True,0,0,0,0,417.0197628458498,851,86,0.3399209486166007,0.60879379746471,0.0285349852211235,0.5627561807632446,0.7473875880241394,0.5000000000000001,0.2903928741067686,0.0,1.0,False,False,True,True,10047737856,67154fb2_1::round_5|67154fb2_1::round_4|67154fb2_1::round_3|67154fb2_1::round_2|67154fb2_1::round_1,67154fb2_1|67154fb2_1|67154fb2_1|67154fb2_1|67154fb2_1
gpt4_7fce9456,MR,multi-session,2023/03/08 (Wed) 23:58,semantic,5,0.1666666666666666,1.0,0.8,0.1666666666666666,0.0758000005589565,,,253,6,5,True,0,0,0,0,417.0197628458498,851,86,0.3399209486166007,0.60879379746471,0.0285349852211235,0.5627561807632446,0.7473875880241394,0.5000000000000001,0.2903928741067686,0.0,1.0,False,False,True,True,10047737856,answer_a679a86a_5::round_0|answer_a679a86a_5::round_5|answer_a679a86a_1::round_1|answer_a679a86a_3::round_1|answer_a679a86a_2::round_4,answer_a679a86a_5|answer_a679a86a_5|answer_a679a86a_1|answer_a679a86a_3|answer_a679a86a_2
gpt4_8279ba02,TR,temporal-reasoning,2023/03/25 (Sat) 02:46,hybrid_raw,5,0.0,0.0,0.0,0.0,0.0732999997126171,,,246,1,1,False,0,0,0,0,422.6869918699187,1074,95,0.3861788617886179,0.6170879546704331,0.0240678348725549,0.5714372396469116,0.7067385911941528,0.5,0.2904419358795335,0.0,1.0,False,False,True,True,10048172032,86c5d31d::round_1|86c5d31d::round_3|86c5d31d::round_2|86c5d31d::round_5|86c5d31d::round_4,86c5d31d|86c5d31d|86c5d31d|86c5d31d|86c5d31d
gpt4_8279ba02,TR,temporal-reasoning,2023/03/25 (Sat) 02:46,recency,5,0.0,0.0,0.0,0.0,0.0316999994538491,,,246,1,1,False,0,0,0,0,422.6869918699187,1074,95,0.3861788617886179,0.6170879546704331,0.0240678348725549,0.5714372396469116,0.7067385911941528,0.5,0.2904419358795335,0.0,1.0,False,False,True,True,10048172032,sharegpt_IUWQYGQ_0::round_3|sharegpt_IUWQYGQ_0::round_2|sharegpt_IUWQYGQ_0::round_1|sharegpt_IUWQYGQ_0::round_0|sharegpt_hA7AkP3_0::round_0,sharegpt_IUWQYGQ_0|sharegpt_IUWQYGQ_0|sharegpt_IUWQYGQ_0|sharegpt_IUWQYGQ_0|sharegpt_hA7AkP3_0
gpt4_8279ba02,TR,temporal-reasoning,2023/03/25 (Sat) 02:46,semantic,5,0.0,0.0,0.0,0.0,0.0804000010248273,,,246,1,1,False,0,0,0,0,422.6869918699187,1074,95,0.3861788617886179,0.6170879546704331,0.0240678348725549,0.5714372396469116,0.7067385911941528,0.5,0.2904419358795335,0.0,1.0,False,False,True,True,10048172032,86c5d31d::round_1|86c5d31d::round_3|sharegpt_3xB7vJ2_195::round_13|sharegpt_3xB7vJ2_195::round_11|886b70b1_2::round_4,86c5d31d|86c5d31d|sharegpt_3xB7vJ2_195|sharegpt_3xB7vJ2_195|886b70b1_2
gpt4_88806d6e,TR,temporal-reasoning,2023/05/28 (Sun) 21:23,hybrid_raw,5,0.0,0.0,0.0,0.0,0.0765000004321336,,,249,2,2,False,0,0,7,0,429.77911646586347,2346,91,0.3654618473895582,0.6054393859752211,0.0232557537893218,0.5673802495002747,0.6814702153205872,0.5000000000000001,0.2904205703808051,0.0,1.0,False,False,True,True,10048208896,sharegpt_5RbA8hu_0::round_0|28116d8a_5::round_5|ultrachat_213681::round_5|ultrachat_213681::round_1|28116d8a_5::round_2,sharegpt_5RbA8hu_0|28116d8a_5|ultrachat_213681|ultrachat_213681|28116d8a_5
gpt4_88806d6e,TR,temporal-reasoning,2023/05/28 (Sun) 21:23,recency,5,0.0,0.0,0.0,0.0,0.0316000005113892,,,249,2,2,False,0,0,7,0,429.77911646586347,2346,91,0.3654618473895582,0.6054393859752211,0.0232557537893218,0.5673802495002747,0.6814702153205872,0.5000000000000001,0.2904205703808051,0.0,1.0,False,False,True,True,10048208896,ultrachat_213681::round_5|ultrachat_213681::round_4|ultrachat_213681::round_3|ultrachat_213681::round_2|ultrachat_213681::round_1,ultrachat_213681|ultrachat_213681|ultrachat_213681|ultrachat_213681|ultrachat_213681
gpt4_88806d6e,TR,temporal-reasoning,2023/05/28 (Sun) 21:23,semantic,5,1.0,1.0,1.0,1.0,0.0767000001360429,,,249,2,2,False,0,0,7,0,429.77911646586347,2346,91,0.3654618473895582,0.6054393859752211,0.0232557537893218,0.5673802495002747,0.6814702153205872,0.5000000000000001,0.2904205703808051,0.0,1.0,False,False,True,True,10048208896,answer_e60a93ff_2::round_2|sharegpt_WT6LnXo_0::round_0|answer_e60a93ff_2::round_0|answer_e60a93ff_1::round_0|answer_e60a93ff_2::round_4,answer_e60a93ff_2|sharegpt_WT6LnXo_0|answer_e60a93ff_2|answer_e60a93ff_1|answer_e60a93ff_2
gpt4_8c8961ae,TR,temporal-reasoning,2023/05/28 (Sun) 13:10,hybrid_raw,5,0.0,0.0,0.0,0.0,0.0744000008126022,,,244,2,2,False,0,0,26,1,423.84016393442624,1334,85,0.3483606557377049,0.6241993176155403,0.0316143857009975,0.5631115436553955,0.762961745262146,0.5,0.2904564725261432,0.0,1.0,False,False,True,True,10048092160,8ac4bf41::round_2|8ac4bf41::round_3|787bf8b1_1::round_4|8ac4bf41::round_5|8ac4bf41::round_4,8ac4bf41|8ac4bf41|787bf8b1_1|8ac4bf41|8ac4bf41
gpt4_8c8961ae,TR,temporal-reasoning,2023/05/28 (Sun) 13:10,recency,5,0.0,0.0,0.0,0.0,0.0301000000035855,,,244,2,2,False,0,0,26,1,423.84016393442624,1334,85,0.3483606557377049,0.6241993176155403,0.0316143857009975,0.5631115436553955,0.762961745262146,0.5,0.2904564725261432,0.0,1.0,False,False,True,True,10048092160,8ac4bf41::round_5|8ac4bf41::round_4|8ac4bf41::round_3|8ac4bf41::round_2|8ac4bf41::round_1,8ac4bf41|8ac4bf41|8ac4bf41|8ac4bf41|8ac4bf41
gpt4_8c8961ae,TR,temporal-reasoning,2023/05/28 (Sun) 13:10,semantic,5,1.0,1.0,1.0,1.0,0.0741999992897035,,,244,2,2,False,0,0,26,1,423.84016393442624,1334,85,0.3483606557377049,0.6241993176155403,0.0316143857009975,0.5631115436553955,0.762961745262146,0.5,0.2904564725261432,0.0,1.0,False,False,True,True,10048092160,answer_72d9aa58_2::round_0|answer_72d9aa58_1::round_0|answer_72d9aa58_1::round_1|answer_72d9aa58_2::round_5|answer_72d9aa58_2::round_2,answer_72d9aa58_2|answer_72d9aa58_1|answer_72d9aa58_1|answer_72d9aa58_2|answer_72d9aa58_2
gpt4_8e165409,TR,temporal-reasoning,2023/03/26 (Sun) 15:53,hybrid_raw,5,0.0,0.0,0.0,0.0,0.0713999997969949,,,242,2,2,False,0,0,0,0,428.900826446281,925,97,0.4008264462809917,0.6081263321982927,0.0281352423491307,0.5622740983963013,0.758263111114502,0.4999999999999999,0.2904712503629386,0.0,1.0,False,False,True,True,10047737856,sharegpt_peRemgk_0::round_3|sharegpt_peRemgk_0::round_1|sharegpt_peRemgk_0::round_0|0c6c9f4d::round_5|sharegpt_MRAjzkZ_0::round_0,sharegpt_peRemgk_0|sharegpt_peRemgk_0|sharegpt_peRemgk_0|0c6c9f4d|sharegpt_MRAjzkZ_0
gpt4_8e165409,TR,temporal-reasoning,2023/03/26 (Sun) 15:53,recency,5,0.0,0.0,0.0,0.0,0.0276999999186955,,,242,2,2,False,0,0,0,0,428.900826446281,925,97,0.4008264462809917,0.6081263321982927,0.0281352423491307,0.5622740983963013,0.758263111114502,0.4999999999999999,0.2904712503629386,0.0,1.0,False,False,True,True,10047737856,4c9f6bf5_2::round_5|4c9f6bf5_2::round_4|4c9f6bf5_2::round_3|4c9f6bf5_2::round_2|4c9f6bf5_2::round_1,4c9f6bf5_2|4c9f6bf5_2|4c9f6bf5_2|4c9f6bf5_2|4c9f6bf5_2
gpt4_8e165409,TR,temporal-reasoning,2023/03/26 (Sun) 15:53,semantic,5,1.0,1.0,1.0,1.0,0.0722000004316214,,,242,2,2,False,0,0,0,0,428.900826446281,925,97,0.4008264462809917,0.6081263321982927,0.0281352423491307,0.5622740983963013,0.758263111114502,0.4999999999999999,0.2904712503629386,0.0,1.0,False,False,True,True,10047737856,answer_d97db962_2::round_4|answer_d97db962_1::round_0|answer_d97db962_2::round_5|answer_d97db962_1::round_4|answer_d97db962_2::round_2,answer_d97db962_2|answer_d97db962_1|answer_d97db962_2|answer_d97db962_1|answer_d97db962_2
gpt4_93159ced,TR,temporal-reasoning,2023/05/25 (Thu) 19:17,hybrid_raw,5,0.0,0.0,0.0,0.0,0.0685000013618264,,,223,3,2,False,0,0,10,0,465.76681614349775,3386,96,0.4304932735426009,0.6169605517066648,0.0250672611220195,0.5583780407905579,0.7340704202651978,0.5,0.2906249150014464,0.0,1.0,False,False,True,True,10047737856,ultrachat_375003::round_1|ultrachat_375003::round_2|ultrachat_375003::round_3|ultrachat_375003::round_0|460be54a::round_4,ultrachat_375003|ultrachat_375003|ultrachat_375003|ultrachat_375003|460be54a
gpt4_93159ced,TR,temporal-reasoning,2023/05/25 (Thu) 19:17,recency,5,0.0,0.0,0.0,0.0,0.0287000002572312,,,223,3,2,False,0,0,10,0,465.76681614349775,3386,96,0.4304932735426009,0.6169605517066648,0.0250672611220195,0.5583780407905579,0.7340704202651978,0.5,0.2906249150014464,0.0,1.0,False,False,True,True,10047737856,ultrachat_375003::round_3|ultrachat_375003::round_2|ultrachat_375003::round_1|ultrachat_375003::round_0|ultrachat_365033::round_4,ultrachat_375003|ultrachat_375003|ultrachat_375003|ultrachat_375003|ultrachat_365033
gpt4_93159ced,TR,temporal-reasoning,2023/05/25 (Thu) 19:17,semantic,5,0.3333333333333333,1.0,0.5,0.3333333333333333,0.0686999992467463,,,223,3,2,False,0,0,10,0,465.76681614349775,3386,96,0.4304932735426009,0.6169605517066648,0.0250672611220195,0.5583780407905579,0.7340704202651978,0.5,0.2906249150014464,0.0,1.0,False,False,True,True,10047737856,answer_e5131a1b_2::round_5|ultrachat_387032::round_5|sharegpt_2Tqbd3c_0::round_2|ultrachat_387032::round_1|sharegpt_A83arI9_383::round_8,answer_e5131a1b_2|ultrachat_387032|sharegpt_2Tqbd3c_0|ultrachat_387032|sharegpt_A83arI9_383
gpt4_9a159967,TR,temporal-reasoning,2023/04/27 (Thu) 05:28,hybrid_raw,5,0.0,0.0,0.0,0.0,0.0715000005584443,,,236,3,3,False,0,0,36,2,451.15677966101697,981,98,0.4152542372881356,0.6161356780488613,0.040170321957537,0.5683016777038574,0.7688534259796143,0.5,0.2905170925735878,0.0,1.0,False,False,True,True,10048485376,75671e3f_1::round_4|75671e3f_1::round_5|75671e3f_1::round_3|75671e3f_1::round_2|75671e3f_1::round_0,75671e3f_1|75671e3f_1|75671e3f_1|75671e3f_1|75671e3f_1
gpt4_9a159967,TR,temporal-reasoning,2023/04/27 (Thu) 05:28,recency,5,0.0,0.0,0.0,0.0,0.0295999998343177,,,236,3,3,False,0,0,36,2,451.15677966101697,981,98,0.4152542372881356,0.6161356780488613,0.040170321957537,0.5683016777038574,0.7688534259796143,0.5,0.2905170925735878,0.0,1.0,False,False,True,True,10048485376,ultrachat_534927::round_2|ultrachat_534927::round_1|ultrachat_534927::round_0|6c9bcb0f_1::round_5|6c9bcb0f_1::round_4,ultrachat_534927|ultrachat_534927|ultrachat_534927|6c9bcb0f_1|6c9bcb0f_1
gpt4_9a159967,TR,temporal-reasoning,2023/04/27 (Thu) 05:28,semantic,5,0.6666666666666666,1.0,1.0,0.6666666666666666,0.0714999987394549,,,236,3,3,False,0,0,36,2,451.15677966101697,981,98,0.4152542372881356,0.6161356780488613,0.040170321957537,0.5683016777038574,0.7688534259796143,0.5,0.2905170925735878,0.0,1.0,False,False,True,True,10048485376,answer_8a42fedf_3::round_0|answer_8a42fedf_1::round_1|answer_8a42fedf_2::round_3|answer_8a42fedf_3::round_2|answer_8a42fedf_3::round_1,answer_8a42fedf_3|answer_8a42fedf_1|answer_8a42fedf_2|answer_8a42fedf_3|answer_8a42fedf_3
gpt4_a1b77f9c,TR,temporal-reasoning,2022/04/30 (Sat) 13:22,hybrid_raw,5,0.0,0.0,0.0,0.0,0.0763999996706843,,,251,6,6,False,0,0,0,0,427.66932270916334,905,107,0.4262948207171315,0.6308478114614449,0.0340164788491159,0.5770789980888367,0.7447323203086853,0.5,0.2904066114949864,0.0,1.0,False,False,True,True,10047889408,ultrachat_31232::round_2|ultrachat_31232::round_1|sharegpt_dC2lLD9_0::round_8|ultrachat_44226::round_4|ultrachat_31232::round_3,ultrachat_31232|ultrachat_31232|sharegpt_dC2lLD9_0|ultrachat_44226|ultrachat_31232
gpt4_a1b77f9c,TR,temporal-reasoning,2022/04/30 (Sat) 13:22,recency,5,0.0,0.0,0.0,0.0,0.0227000000450061,,,251,6,6,False,0,0,0,0,427.66932270916334,905,107,0.4262948207171315,0.6308478114614449,0.0340164788491159,0.5770789980888367,0.7447323203086853,0.5,0.2904066114949864,0.0,1.0,False,False,True,True,10047889408,ultrachat_31232::round_3|ultrachat_31232::round_2|ultrachat_31232::round_1|ultrachat_31232::round_0|ultrachat_44226::round_4,ultrachat_31232|ultrachat_31232|ultrachat_31232|ultrachat_31232|ultrachat_44226
gpt4_a1b77f9c,TR,temporal-reasoning,2022/04/30 (Sat) 13:22,semantic,5,0.3333333333333333,1.0,0.5,0.3333333333333333,0.0761000010243151,,,251,6,6,False,0,0,0,0,427.66932270916334,905,107,0.4262948207171315,0.6308478114614449,0.0340164788491159,0.5770789980888367,0.7447323203086853,0.5,0.2904066114949864,0.0,1.0,False,False,True,True,10047889408,answer_e9ad5914_3::round_3|answer_e9ad5914_6::round_0|answer_e9ad5914_6::round_4|answer_e9ad5914_5::round_3|answer_e9ad5914_6::round_1,answer_e9ad5914_3|answer_e9ad5914_6|answer_e9ad5914_6|answer_e9ad5914_5|answer_e9ad5914_6
gpt4_ab202e7f,MR,multi-session,2023/05/30 (Tue) 22:20,hybrid_raw,5,0.2,1.0,0.2,0.2,0.0725999998394399,,,242,5,5,True,0,0,0,0,436.900826446281,895,88,0.3636363636363636,0.6212057237290154,0.0334857158988007,0.5677083730697632,0.7840121984481812,0.5,0.2904712503629386,0.0,1.0,False,False,True,True,10048221184,answer_728deb4d_4::round_5|2d6f97aa_2::round_5|answer_728deb4d_4::round_3|answer_728deb4d_4::round_0|answer_728deb4d_4::round_4,answer_728deb4d_4|2d6f97aa_2|answer_728deb4d_4|answer_728deb4d_4|answer_728deb4d_4
gpt4_ab202e7f,MR,multi-session,2023/05/30 (Tue) 22:20,recency,5,0.0,0.0,0.0,0.0,0.0155999996422906,,,242,5,5,True,0,0,0,0,436.900826446281,895,88,0.3636363636363636,0.6212057237290154,0.0334857158988007,0.5677083730697632,0.7840121984481812,0.5,0.2904712503629386,0.0,1.0,False,False,True,True,10048221184,b0fac439::round_5|b0fac439::round_4|b0fac439::round_3|b0fac439::round_2|b0fac439::round_1,b0fac439|b0fac439|b0fac439|b0fac439|b0fac439
gpt4_ab202e7f,MR,multi-session,2023/05/30 (Tue) 22:20,semantic,5,0.2,1.0,0.8,0.2,0.0731000000087078,,,242,5,5,True,0,0,0,0,436.900826446281,895,88,0.3636363636363636,0.6212057237290154,0.0334857158988007,0.5677083730697632,0.7840121984481812,0.5,0.2904712503629386,0.0,1.0,False,False,True,True,10048221184,answer_728deb4d_4::round_5|answer_728deb4d_1::round_4|answer_728deb4d_5::round_0|answer_728deb4d_5::round_4|answer_728deb4d_3::round_3,answer_728deb4d_4|answer_728deb4d_1|answer_728deb4d_5|answer_728deb4d_5|answer_728deb4d_3
gpt4_af6db32f,TR,temporal-reasoning,2023/03/01 (Wed) 19:28,hybrid_raw,5,0.0,0.0,0.0,0.0,0.0698999992891913,,,240,1,1,False,0,0,0,0,444.60833333333335,869,103,0.4291666666666666,0.6131062433123589,0.0239182043189206,0.5603185296058655,0.715325117111206,0.5,0.2904862754428415,0.0,1.0,False,False,True,True,10047737856,ultrachat_552923::round_4|ultrachat_552923::round_6|ultrachat_552923::round_5|ultrachat_552923::round_3|ultrachat_552923::round_2,ultrachat_552923|ultrachat_552923|ultrachat_552923|ultrachat_552923|ultrachat_552923
gpt4_af6db32f,TR,temporal-reasoning,2023/03/01 (Wed) 19:28,recency,5,0.0,0.0,0.0,0.0,0.0266999995801597,,,240,1,1,False,0,0,0,0,444.60833333333335,869,103,0.4291666666666666,0.6131062433123589,0.0239182043189206,0.5603185296058655,0.715325117111206,0.5,0.2904862754428415,0.0,1.0,False,False,True,True,10047737856,ultrachat_552923::round_6|ultrachat_552923::round_5|ultrachat_552923::round_4|ultrachat_552923::round_3|ultrachat_552923::round_2,ultrachat_552923|ultrachat_552923|ultrachat_552923|ultrachat_552923|ultrachat_552923
gpt4_af6db32f,TR,temporal-reasoning,2023/03/01 (Wed) 19:28,semantic,5,0.0,0.0,1.0,0.0,0.0726000016584293,,,240,1,1,False,0,0,0,0,444.60833333333335,869,103,0.4291666666666666,0.6131062433123589,0.0239182043189206,0.5603185296058655,0.715325117111206,0.5,0.2904862754428415,0.0,1.0,False,False,True,True,10047737856,aee13015_6::round_2|answer_184c8f56_1::round_1|answer_184c8f56_1::round_2|aee13015_6::round_4|sharegpt_4sEBgMJ_5::round_0,aee13015_6|answer_184c8f56_1|answer_184c8f56_1|aee13015_6|sharegpt_4sEBgMJ_5
gpt4_b5700ca0,TR,temporal-reasoning,2023/04/10 (Mon) 13:35,hybrid_raw,5,0.0,0.0,0.0,0.0,0.0741999992897035,,,252,1,1,False,0,0,0,0,419.0595238095238,2155,80,0.3174603174603174,0.6167463636587537,0.028439660629928,0.5637048482894897,0.7241070866584778,0.5,0.2903997154444928,0.0,1.0,False,False,True,True,10048172032,1a70d1f3_2::round_5|1a70d1f3_2::round_4|1a70d1f3_2::round_2|1a70d1f3_2::round_3|ultrachat_174938::round_0,1a70d1f3_2|1a70d1f3_2|1a70d1f3_2|1a70d1f3_2|ultrachat_174938
gpt4_b5700ca0,TR,temporal-reasoning,2023/04/10 (Mon) 13:35,recency,5,0.0,0.0,0.0,0.0,0.0294999990728683,,,252,1,1,False,0,0,0,0,419.0595238095238,2155,80,0.3174603174603174,0.6167463636587537,0.028439660629928,0.5637048482894897,0.7241070866584778,0.5,0.2903997154444928,0.0,1.0,False,False,True,True,10048172032,1a70d1f3_2::round_5|1a70d1f3_2::round_4|1a70d1f3_2::round_3|1a70d1f3_2::round_2|1a70d1f3_2::round_1,1a70d1f3_2|1a70d1f3_2|1a70d1f3_2|1a70d1f3_2|1a70d1f3_2
gpt4_b5700ca0,TR,temporal-reasoning,2023/04/10 (Mon) 13:35,semantic,5,1.0,1.0,1.0,1.0,0.0748000002204207,,,252,1,1,False,0,0,0,0,419.0595238095238,2155,80,0.3174603174603174,0.6167463636587537,0.028439660629928,0.5637048482894897,0.7241070866584778,0.5,0.2903997154444928,0.0,1.0,False,False,True,True,10048172032,109e07e8_2::round_2|109e07e8_2::round_1|109e07e8_2::round_3|answer_a17423e8_1::round_5|answer_a17423e8_1::round_3,109e07e8_2|109e07e8_2|109e07e8_2|answer_a17423e8_1|answer_a17423e8_1
gpt4_cd90e484,TR,temporal-reasoning,2023/05/20 (Sat) 09:28,hybrid_raw,5,0.5,1.0,0.5,0.5,0.076199999966775,,,257,2,2,False,0,0,36,2,408.53307392996106,1350,90,0.3501945525291828,0.604694463167673,0.0247153863035728,0.5606178045272827,0.7377430200576782,0.5,0.2903660430643427,0.0,1.0,False,False,True,True,10048331776,answer_aa930b56_2::round_0|answer_aa930b56_2::round_3|answer_aa930b56_2::round_4|0ed21ce0_2::round_5|af42ae9c_1::round_5,answer_aa930b56_2|answer_aa930b56_2|answer_aa930b56_2|0ed21ce0_2|af42ae9c_1
gpt4_cd90e484,TR,temporal-reasoning,2023/05/20 (Sat) 09:28,recency,5,0.0,0.0,0.0,0.0,0.0310999994326266,,,257,2,2,False,0,0,36,2,408.53307392996106,1350,90,0.3501945525291828,0.604694463167673,0.0247153863035728,0.5606178045272827,0.7377430200576782,0.5,0.2903660430643427,0.0,1.0,False,False,True,True,10048331776,0ed21ce0_2::round_5|0ed21ce0_2::round_4|0ed21ce0_2::round_3|0ed21ce0_2::round_2|0ed21ce0_2::round_1,0ed21ce0_2|0ed21ce0_2|0ed21ce0_2|0ed21ce0_2|0ed21ce0_2
gpt4_cd90e484,TR,temporal-reasoning,2023/05/20 (Sat) 09:28,semantic,5,1.0,1.0,1.0,1.0,0.0760999992053257,,,257,2,2,False,0,0,36,2,408.53307392996106,1350,90,0.3501945525291828,0.604694463167673,0.0247153863035728,0.5606178045272827,0.7377430200576782,0.5,0.2903660430643427,0.0,1.0,False,False,True,True,10048331776,answer_aa930b56_2::round_0|answer_aa930b56_2::round_3|answer_aa930b56_2::round_4|answer_aa930b56_1::round_2|answer_aa930b56_1::round_0,answer_aa930b56_2|answer_aa930b56_2|answer_aa930b56_2|answer_aa930b56_1|answer_aa930b56_1
gpt4_d6585ce9,TR,temporal-reasoning,2023/04/22 (Sat) 08:01,hybrid_raw,5,0.0,0.0,0.0,0.0,0.0657000000501284,,,220,1,5,False,0,0,0,0,471.1181818181818,828,108,0.4909090909090909,0.6055638798258521,0.028621454255098,0.5507236123085022,0.6907833218574524,0.5,0.2906516142918283,0.0,1.0,False,False,True,True,10048319488,d8e33f5c_abs_1::round_4|d8e33f5c_abs_1::round_5|d8e33f5c_abs_1::round_2|d8e33f5c_abs_1::round_3|d8e33f5c_abs_1::round_1,d8e33f5c_abs_1|d8e33f5c_abs_1|d8e33f5c_abs_1|d8e33f5c_abs_1|d8e33f5c_abs_1
gpt4_d6585ce9,TR,temporal-reasoning,2023/04/22 (Sat) 08:01,recency,5,0.0,0.0,0.0,0.0,0.0228999997489154,,,220,1,5,False,0,0,0,0,471.1181818181818,828,108,0.4909090909090909,0.6055638798258521,0.028621454255098,0.5507236123085022,0.6907833218574524,0.5,0.2906516142918283,0.0,1.0,False,False,True,True,10048319488,d8e33f5c_abs_1::round_5|d8e33f5c_abs_1::round_4|d8e33f5c_abs_1::round_3|d8e33f5c_abs_1::round_2|d8e33f5c_abs_1::round_1,d8e33f5c_abs_1|d8e33f5c_abs_1|d8e33f5c_abs_1|d8e33f5c_abs_1|d8e33f5c_abs_1
gpt4_d6585ce9,TR,temporal-reasoning,2023/04/22 (Sat) 08:01,semantic,5,0.0,0.0,0.6,0.0,0.0671999987389426,,,220,1,5,False,0,0,0,0,471.1181818181818,828,108,0.4909090909090909,0.6055638798258521,0.028621454255098,0.5507236123085022,0.6907833218574524,0.5,0.2906516142918283,0.0,1.0,False,False,True,True,10048319488,answer_f999b05c_4::round_5|answer_f999b05c_5::round_0|answer_f999b05c_2::round_0|answer_f999b05c_2::round_3|answer_f999b05c_2::round_5,answer_f999b05c_4|answer_f999b05c_5|answer_f999b05c_2|answer_f999b05c_2|answer_f999b05c_2
gpt4_e05b82a6,MR,multi-session,2023/11/04 (Sat) 23:49,hybrid_raw,5,0.0,0.0,0.0,0.0,0.0739999995857942,,,250,4,4,True,0,0,0,0,423.492,960,95,0.38,0.6159866704940796,0.0236664627272231,0.5640443563461304,0.685212254524231,0.5,0.2904135629172241,0.0,1.0,False,False,True,True,10048129024,5e4bb245_1::round_4|5e4bb245_1::round_3|5e4bb245_1::round_5|5e4bb245_1::round_2|5e4bb245_1::round_0,5e4bb245_1|5e4bb245_1|5e4bb245_1|5e4bb245_1|5e4bb245_1
gpt4_e05b82a6,MR,multi-session,2023/11/04 (Sat) 23:49,recency,5,0.0,0.0,0.0,0.0,0.0153000000864267,,,250,4,4,True,0,0,0,0,423.492,960,95,0.38,0.6159866704940796,0.0236664627272231,0.5640443563461304,0.685212254524231,0.5,0.2904135629172241,0.0,1.0,False,False,True,True,10048129024,5e4bb245_1::round_5|5e4bb245_1::round_4|5e4bb245_1::round_3|5e4bb245_1::round_2|5e4bb245_1::round_1,5e4bb245_1|5e4bb245_1|5e4bb245_1|5e4bb245_1|5e4bb245_1
gpt4_e05b82a6,MR,multi-session,2023/11/04 (Sat) 23:49,semantic,5,0.5,1.0,0.75,0.5,0.0747000003684661,,,250,4,4,True,0,0,0,0,423.492,960,95,0.38,0.6159866704940796,0.0236664627272231,0.5640443563461304,0.685212254524231,0.5,0.2904135629172241,0.0,1.0,False,False,True,True,10048129024,ultrachat_480545::round_5|answer_6350aa4f_1::round_5|answer_6350aa4f_2::round_3|answer_6350aa4f_3::round_0|ultrachat_480545::round_4,ultrachat_480545|answer_6350aa4f_1|answer_6350aa4f_2|answer_6350aa4f_3|ultrachat_480545
gpt4_e061b84g,TR,temporal-reasoning,2023/07/01 (Sat) 13:38,hybrid_raw,5,0.0,0.0,0.0,0.0,0.0823999998829094,,,286,1,3,False,0,0,0,0,363.1223776223776,1034,73,0.2552447552447552,0.6304816747461999,0.0252243553119573,0.5745834708213806,0.7248898148536682,0.5,0.2901940354817768,0.0,1.0,False,False,True,True,10048135168,sharegpt_cUXo8S0_0::round_1|sharegpt_cUXo8S0_0::round_0|sharegpt_cUXo8S0_0::round_2|9dac9e37_1::round_3|9dac9e37_1::round_0,sharegpt_cUXo8S0_0|sharegpt_cUXo8S0_0|sharegpt_cUXo8S0_0|9dac9e37_1|9dac9e37_1
gpt4_e061b84g,TR,temporal-reasoning,2023/07/01 (Sat) 13:38,recency,5,0.0,0.0,0.0,0.0,0.0282000000879634,,,286,1,3,False,0,0,0,0,363.1223776223776,1034,73,0.2552447552447552,0.6304816747461999,0.0252243553119573,0.5745834708213806,0.7248898148536682,0.5,0.2901940354817768,0.0,1.0,False,False,True,True,10048135168,ultrachat_213300::round_3|ultrachat_213300::round_2|ultrachat_213300::round_1|ultrachat_213300::round_0|sharegpt_cUXo8S0_0::round_2,ultrachat_213300|ultrachat_213300|ultrachat_213300|ultrachat_213300|sharegpt_cUXo8S0_0
gpt4_e061b84g,TR,temporal-reasoning,2023/07/01 (Sat) 13:38,semantic,5,0.0,0.0,0.0,0.0,0.086399999418063,,,286,1,3,False,0,0,0,0,363.1223776223776,1034,73,0.2552447552447552,0.6304816747461999,0.0252243553119573,0.5745834708213806,0.7248898148536682,0.5,0.2901940354817768,0.0,1.0,False,False,True,True,10048135168,9dac9e37_1::round_0|9dac9e37_1::round_3|3929e6cc_1::round_2|9dac9e37_1::round_1|sharegpt_cUXo8S0_0::round_1,9dac9e37_1|9dac9e37_1|3929e6cc_1|9dac9e37_1|sharegpt_cUXo8S0_0
gpt4_e072b769,TR,temporal-reasoning,2023/05/06 (Sat) 09:18,hybrid_raw,5,0.0,0.0,0.0,0.0,0.0670999997964827,,,225,1,1,False,0,0,0,0,469.7688888888889,1610,111,0.4933333333333333,0.6144093489646911,0.02995073654884,0.5623423457145691,0.7817376255989075,0.4999999999999999,0.2906075126404361,0.0,1.0,False,False,True,True,10047737856,sharegpt_1VhiETr_37::round_8|sharegpt_ieJJEsz_0::round_0|sharegpt_1VhiETr_37::round_9|sharegpt_1VhiETr_37::round_4|sharegpt_1VhiETr_37::round_7,sharegpt_1VhiETr_37|sharegpt_ieJJEsz_0|sharegpt_1VhiETr_37|sharegpt_1VhiETr_37|sharegpt_1VhiETr_37
gpt4_e072b769,TR,temporal-reasoning,2023/05/06 (Sat) 09:18,recency,5,0.0,0.0,0.0,0.0,0.0261999994108919,,,225,1,1,False,0,0,0,0,469.7688888888889,1610,111,0.4933333333333333,0.6144093489646911,0.02995073654884,0.5623423457145691,0.7817376255989075,0.4999999999999999,0.2906075126404361,0.0,1.0,False,False,True,True,10047737856,sharegpt_ieJJEsz_0::round_0|sharegpt_1VhiETr_37::round_10|sharegpt_1VhiETr_37::round_9|sharegpt_1VhiETr_37::round_8|sharegpt_1VhiETr_37::round_7,sharegpt_ieJJEsz_0|sharegpt_1VhiETr_37|sharegpt_1VhiETr_37|sharegpt_1VhiETr_37|sharegpt_1VhiETr_37
gpt4_e072b769,TR,temporal-reasoning,2023/05/06 (Sat) 09:18,semantic,5,1.0,1.0,1.0,1.0,0.0674000002618413,,,225,1,1,False,0,0,0,0,469.7688888888889,1610,111,0.4933333333333333,0.6144093489646911,0.02995073654884,0.5623423457145691,0.7817376255989075,0.4999999999999999,0.2906075126404361,0.0,1.0,False,False,True,True,10047737856,answer_c19bd2bf_1::round_5|answer_c19bd2bf_1::round_0|answer_c19bd2bf_1::round_1|answer_c19bd2bf_1::round_2|answer_c19bd2bf_1::round_4,answer_c19bd2bf_1|answer_c19bd2bf_1|answer_c19bd2bf_1|answer_c19bd2bf_1|answer_c19bd2bf_1
gpt4_e414231e,TR,temporal-reasoning,2023/04/10 (Mon) 20:29,hybrid_raw,5,0.5,1.0,0.5,0.5,0.0775999997131293,,,255,2,2,False,0,0,0,0,416.7803921568627,1211,96,0.3764705882352941,0.6206952048282998,0.0389335200460424,0.5655601024627686,0.8067623972892761,0.4999999999999999,0.2903793529856028,0.0,1.0,False,False,True,True,10047737856,answer_e28c1f0d_2::round_0|c12d5181_3::round_5|c12d5181_3::round_4|c12d5181_3::round_3|ultrachat_530790::round_2,answer_e28c1f0d_2|c12d5181_3|c12d5181_3|c12d5181_3|ultrachat_530790
gpt4_e414231e,TR,temporal-reasoning,2023/04/10 (Mon) 20:29,recency,5,0.0,0.0,0.0,0.0,0.033399999665562,,,255,2,2,False,0,0,0,0,416.7803921568627,1211,96,0.3764705882352941,0.6206952048282998,0.0389335200460424,0.5655601024627686,0.8067623972892761,0.4999999999999999,0.2903793529856028,0.0,1.0,False,False,True,True,10047737856,ultrachat_530790::round_3|ultrachat_530790::round_2|ultrachat_530790::round_1|ultrachat_530790::round_0|c12d5181_3::round_5,ultrachat_530790|ultrachat_530790|ultrachat_530790|ultrachat_530790|c12d5181_3
gpt4_e414231e,TR,temporal-reasoning,2023/04/10 (Mon) 20:29,semantic,5,1.0,1.0,1.0,1.0,0.0768000008974922,,,255,2,2,False,0,0,0,0,416.7803921568627,1211,96,0.3764705882352941,0.6206952048282998,0.0389335200460424,0.5655601024627686,0.8067623972892761,0.4999999999999999,0.2903793529856028,0.0,1.0,False,False,True,True,10047737856,answer_e28c1f0d_1::round_2|answer_e28c1f0d_2::round_0|answer_e28c1f0d_1::round_3|answer_e28c1f0d_1::round_0|answer_e28c1f0d_1::round_1,answer_e28c1f0d_1|answer_e28c1f0d_2|answer_e28c1f0d_1|answer_e28c1f0d_1|answer_e28c1f0d_1
gpt4_ec93e27f,TR,temporal-reasoning,2023/05/02 (Tue) 08:12,hybrid_raw,5,0.5,1.0,0.5,0.5,0.0747000003684661,,,259,2,2,False,0,0,0,0,410.4285714285714,1328,86,0.332046332046332,0.617753931224116,0.0304766438222955,0.5770319104194641,0.784605085849762,0.5,0.2903529394329141,0.0,1.0,False,False,True,True,10047737856,answer_e3aa84c4_1::round_5|answer_e3aa84c4_1::round_2|answer_e3aa84c4_1::round_0|answer_e3aa84c4_1::round_4|answer_e3aa84c4_1::round_1,answer_e3aa84c4_1|answer_e3aa84c4_1|answer_e3aa84c4_1|answer_e3aa84c4_1|answer_e3aa84c4_1
gpt4_ec93e27f,TR,temporal-reasoning,2023/05/02 (Tue) 08:12,recency,5,0.0,0.0,0.5,0.0,0.0261000004684319,,,259,2,2,False,0,0,0,0,410.4285714285714,1328,86,0.332046332046332,0.617753931224116,0.0304766438222955,0.5770319104194641,0.784605085849762,0.5,0.2903529394329141,0.0,1.0,False,False,True,True,10047737856,sharegpt_rW2BvoZ_0::round_0|answer_e3aa84c4_1::round_5|answer_e3aa84c4_1::round_4|answer_e3aa84c4_1::round_3|answer_e3aa84c4_1::round_2,sharegpt_rW2BvoZ_0|answer_e3aa84c4_1|answer_e3aa84c4_1|answer_e3aa84c4_1|answer_e3aa84c4_1
gpt4_ec93e27f,TR,temporal-reasoning,2023/05/02 (Tue) 08:12,semantic,5,0.0,0.0,1.0,0.0,0.0784000003477558,,,259,2,2,False,0,0,0,0,410.4285714285714,1328,86,0.332046332046332,0.617753931224116,0.0304766438222955,0.5770319104194641,0.784605085849762,0.5,0.2903529394329141,0.0,1.0,False,False,True,True,10047737856,answer_e3aa84c4_1::round_5|answer_e3aa84c4_2::round_2|answer_e3aa84c4_1::round_2|answer_e3aa84c4_2::round_1|6b63bdc5_2::round_0,answer_e3aa84c4_1|answer_e3aa84c4_2|answer_e3aa84c4_1|answer_e3aa84c4_2|6b63bdc5_2
gpt4_f420262c,TR,temporal-reasoning,2023/03/02 (Thu) 06:11,hybrid_raw,5,0.2,1.0,0.2,0.2,0.0736000001779757,,,249,5,5,False,0,0,0,0,423.8152610441767,2910,90,0.3614457831325301,0.6166516549615975,0.0255725641914374,0.5665223002433777,0.702125608921051,0.5,0.2904205703808051,0.0,1.0,False,False,True,True,10047898624,answer_d8a1af6b_5::round_3|answer_d8a1af6b_5::round_1|answer_d8a1af6b_5::round_4|answer_d8a1af6b_5::round_0|answer_d8a1af6b_5::round_2,answer_d8a1af6b_5|answer_d8a1af6b_5|answer_d8a1af6b_5|answer_d8a1af6b_5|answer_d8a1af6b_5
gpt4_f420262c,TR,temporal-reasoning,2023/03/02 (Thu) 06:11,recency,5,0.0,0.0,0.0,0.0,0.024400000256719,,,249,5,5,False,0,0,0,0,423.8152610441767,2910,90,0.3614457831325301,0.6166516549615975,0.0255725641914374,0.5665223002433777,0.702125608921051,0.5,0.2904205703808051,0.0,1.0,False,False,True,True,10047898624,b372c1e4_1::round_5|b372c1e4_1::round_4|b372c1e4_1::round_3|b372c1e4_1::round_2|b372c1e4_1::round_1,b372c1e4_1|b372c1e4_1|b372c1e4_1|b372c1e4_1|b372c1e4_1
gpt4_f420262c,TR,temporal-reasoning,2023/03/02 (Thu) 06:11,semantic,5,0.2,1.0,0.2,0.2,0.0765999993745936,,,249,5,5,False,0,0,0,0,423.8152610441767,2910,90,0.3614457831325301,0.6166516549615975,0.0255725641914374,0.5665223002433777,0.702125608921051,0.5,0.2904205703808051,0.0,1.0,False,False,True,True,10047898624,answer_d8a1af6b_5::round_3|answer_d8a1af6b_5::round_1|answer_d8a1af6b_5::round_0|answer_d8a1af6b_5::round_2|answer_d8a1af6b_5::round_4,answer_d8a1af6b_5|answer_d8a1af6b_5|answer_d8a1af6b_5|answer_d8a1af6b_5|answer_d8a1af6b_5
gpt4_fa19884c,TR,temporal-reasoning,2023/04/05 (Wed) 09:11,hybrid_raw,5,0.5,1.0,0.5,0.5,0.0725999998394399,,,256,2,2,False,0,0,0,0,401.57421875,1409,79,0.30859375,0.6113184890709817,0.0250004344654835,0.56651771068573,0.750716507434845,0.5,0.2903726719354733,0.0,1.0,False,False,True,True,10047737856,answer_ff201786_2::round_0|4d408e9d::round_1|4d408e9d::round_0|4d408e9d::round_5|4d408e9d::round_2,answer_ff201786_2|4d408e9d|4d408e9d|4d408e9d|4d408e9d
gpt4_fa19884c,TR,temporal-reasoning,2023/04/05 (Wed) 09:11,recency,5,0.0,0.0,0.0,0.0,0.0253999987762654,,,256,2,2,False,0,0,0,0,401.57421875,1409,79,0.30859375,0.6113184890709817,0.0250004344654835,0.56651771068573,0.750716507434845,0.5,0.2903726719354733,0.0,1.0,False,False,True,True,10047737856,4d408e9d::round_5|4d408e9d::round_4|4d408e9d::round_3|4d408e9d::round_2|4d408e9d::round_1,4d408e9d|4d408e9d|4d408e9d|4d408e9d|4d408e9d
gpt4_fa19884c,TR,temporal-reasoning,2023/04/05 (Wed) 09:11,semantic,5,1.0,1.0,1.0,1.0,0.0767000001360429,,,256,2,2,False,0,0,0,0,401.57421875,1409,79,0.30859375,0.6113184890709817,0.0250004344654835,0.56651771068573,0.750716507434845,0.5,0.2903726719354733,0.0,1.0,False,False,True,True,10047737856,answer_ff201786_1::round_4|answer_ff201786_2::round_0|answer_ff201786_1::round_5|answer_ff201786_2::round_2|answer_ff201786_1::round_2,answer_ff201786_1|answer_ff201786_2|answer_ff201786_1|answer_ff201786_2|answer_ff201786_1
gpt4_fe651585,TR,temporal-reasoning,2023/03/17 (Fri) 17:52,hybrid_raw,5,0.0,0.0,0.0,0.0,0.0717000002623535,,,237,2,2,False,0,0,8,1,440.8945147679325,1921,98,0.4135021097046413,0.5895569299343769,0.0220599142470249,0.550230085849762,0.6803445816040039,0.5,0.2905092903890607,0.0,1.0,False,False,True,True,10047996928,e2b5e2cc_1::round_4|e2b5e2cc_1::round_5|ultrachat_576354::round_1|ultrachat_576354::round_2|ultrachat_576354::round_3,e2b5e2cc_1|e2b5e2cc_1|ultrachat_576354|ultrachat_576354|ultrachat_576354
gpt4_fe651585,TR,temporal-reasoning,2023/03/17 (Fri) 17:52,recency,5,0.0,0.0,0.0,0.0,0.029700000595767,,,237,2,2,False,0,0,8,1,440.8945147679325,1921,98,0.4135021097046413,0.5895569299343769,0.0220599142470249,0.550230085849762,0.6803445816040039,0.5,0.2905092903890607,0.0,1.0,False,False,True,True,10047996928,e2b5e2cc_1::round_5|e2b5e2cc_1::round_4|e2b5e2cc_1::round_3|e2b5e2cc_1::round_2|e2b5e2cc_1::round_1,e2b5e2cc_1|e2b5e2cc_1|e2b5e2cc_1|e2b5e2cc_1|e2b5e2cc_1
gpt4_fe651585,TR,temporal-reasoning,2023/03/17 (Fri) 17:52,semantic,5,0.0,0.0,0.5,0.0,0.0718999999662628,,,237,2,2,False,0,0,8,1,440.8945147679325,1921,98,0.4135021097046413,0.5895569299343769,0.0220599142470249,0.550230085849762,0.6803445816040039,0.5,0.2905092903890607,0.0,1.0,False,False,True,True,10047996928,answer_65600ff6_2::round_4|answer_65600ff6_2::round_5|sharegpt_mJ7MnQS_219::round_1|answer_65600ff6_2::round_3|sharegpt_mJ7MnQS_219::round_3,answer_65600ff6_2|answer_65600ff6_2|sharegpt_mJ7MnQS_219|answer_65600ff6_2|sharegpt_mJ7MnQS_219
