question_id,task_type,original_question_type,question_date,strategy,k,round_recall_at_k,recall_any_at_k,session_recall_at_k,recall_at_k,latency_ms,token_count,retrieved_context_token_count,num_memories,num_relevant_rounds,num_gold_sessions,input_sorted_by_date,num_future_sessions_excluded,num_future_gold_sessions,num_same_day_later_sessions_retained,num_same_day_later_gold_sessions_retained,mean_memory_tokens_stella,max_memory_tokens_stella,num_memories_over_stella_limit,fraction_memories_over_stella_limit,semantic_score_mean_all,semantic_score_std_all,semantic_score_min_all,semantic_score_max_all,recency_score_mean_all,recency_score_std_all,recency_score_min_all,recency_score_max_all,semantic_minmax_constant,recency_minmax_constant,semantic_scores_all_finite,memory_embeddings_all_finite,gpu_peak_memory_bytes,retrieved_memory_ids,retrieved_session_ids,prompt_token_count,completion_token_count,generation_latency_ms,total_latency_ms,generated_answer,answer_correct,judge_model,answer_model,answer_model_revision,quantization,generation_torch_dtype,max_new_tokens,generation_seed,context_sha256
41275add,IE,single-session-assistant,2023/05/30 (Tue) 14:25,hybrid_raw,5,0.0,0.0,0.0,0.0,0.07520000008298666,2263,2263,267,1,1,True,0,0,0,0,397.3820224719101,954,76,0.2846441947565543,0.6203961385769791,0.02493584353152988,0.569041907787323,0.8644290566444397,0.5,0.290302494770947,0.0,1.0,False,False,True,True,10047920128,ultrachat_351310::round_6|ultrachat_351310::round_5|d4f35ad9::round_2|d4f35ad9::round_5|ultrachat_351310::round_2,ultrachat_351310|ultrachat_351310|d4f35ad9|d4f35ad9|ultrachat_351310,2370,256,23742.20019998029,23742.27539998037,"In our previous conversation, I didn't recommend a specific video from the Mayo Clinic. However, I can suggest some general tips for maintaining good posture at work.

If you're looking for videos on workplace posture, you might find the following resources helpful:

1. **Mayo Clinic's website**: They have a section on workplace safety and ergonomics, which includes tips on maintaining good posture.
2. **YouTube channels**: Channels like Ergotron, Herman Miller, and the American Academy of Orthopaedic Surgeons (AAOS) often post videos on workplace ergonomics and posture.
3. **Occupational Safety and Health Administration (OSHA)**: OSHA provides guidelines and resources on workplace ergonomics, including tips on maintaining good posture.

Some general tips for maintaining good posture at work include:

* Sitting with your feet on the floor or a footrest, keeping your knees at or below hip level
* Keeping your monitor directly in front of you, at a comfortable distance, and at a height that allows you to gaze slightly downward
* Positioning your keyboard and mouse close to your body to avoid reaching forward
* Taking regular breaks to stand up, stretch, and move around

If you have any specific questions or concerns about workplace posture, feel free to",,,meta-llama/Llama-3.1-8B-Instruct,0e9e39f249a16976918f6564b8830bc894c89659,4bit,auto,256,42,71a04f9f0d7c98b02ad0bb7dd9fe4c9d4771e96af5796c2c85d7d61df1b8698a
41275add,IE,single-session-assistant,2023/05/30 (Tue) 14:25,recency,10,0.0,0.0,0.0,0.0,0.015800000255694613,4006,4006,267,1,1,True,0,0,0,0,397.3820224719101,954,76,0.2846441947565543,0.6203961385769791,0.02493584353152988,0.569041907787323,0.8644290566444397,0.5,0.290302494770947,0.0,1.0,False,False,True,True,10047920128,ultrachat_351310::round_6|ultrachat_351310::round_5|ultrachat_351310::round_4|ultrachat_351310::round_3|ultrachat_351310::round_2|ultrachat_351310::round_1|ultrachat_351310::round_0|d4f35ad9::round_5|d4f35ad9::round_4|d4f35ad9::round_3,ultrachat_351310|ultrachat_351310|ultrachat_351310|ultrachat_351310|ultrachat_351310|ultrachat_351310|ultrachat_351310|d4f35ad9|d4f35ad9|d4f35ad9,4113,241,31975.85600009188,31975.871800092136,"I'm happy to help, but I don't have any information about a previous conversation about a Mayo Clinic video on workplace posture. I'm a large language model, I don't have the ability to retain memories of previous conversations. Each time you interact with me, it's a new conversation.

However, I can suggest some general tips for maintaining good posture at work:

1. Sit with your feet on the floor or a footrest, keeping your knees at or below hip level.
2. Keep your monitor directly in front of you, at a distance of about 20-25 inches, and at a height that allows you to gaze slightly downward.
3. Position your keyboard directly in front of your body, with your wrists straight and your elbows at a 90-degree angle.
4. Take regular breaks to stand up, stretch, and move around.
5. Consider using a document holder to keep papers at eye level, reducing the need to crane your neck.

If you're looking for specific guidance on workplace posture, I recommend searching for videos from reputable sources such as the Mayo Clinic, the American Academy of Orthopaedic Surgeons, or the Occupational Safety and Health Administration (OSHA).",,,meta-llama/Llama-3.1-8B-Instruct,0e9e39f249a16976918f6564b8830bc894c89659,4bit,auto,256,42,f38202153ec34925950c7090e430fb2772f1de54b976eb603107ae2c051a7f97
ceb54acb,IE,single-session-assistant,2023/05/30 (Tue) 22:56,hybrid_minmax,10,1.0,1.0,1.0,1.0,0.07469999945897143,3799,3799,249,1,1,True,0,0,0,0,422.4578313253012,882,92,0.36947791164658633,0.6415692668363272,0.026915129823648118,0.5872599482536316,0.8118478059768677,0.5,0.2904205703808051,0.0,1.0,False,False,True,True,10048150528,answer_sharegpt_cGdjmYo_0::round_1|answer_sharegpt_cGdjmYo_0::round_0|dddce60a_1::round_4|0bbd7094_1::round_1|f6fd00cf::round_2|fed9e0eb_1::round_1|dddce60a_1::round_2|sharegpt_iTrNGx4_13::round_1|187b4852_2::round_5|dddce60a_1::round_5,answer_sharegpt_cGdjmYo_0|answer_sharegpt_cGdjmYo_0|dddce60a_1|0bbd7094_1|f6fd00cf|fed9e0eb_1|dddce60a_1|sharegpt_iTrNGx4_13|187b4852_2|dddce60a_1,3913,137,18375.85059995763,18375.92529995709,"In our previous chat, I suggested the following alternative terms for certain behaviors:

1. **Sexual fixations** - This term implies a strong preoccupation with sexual thoughts or behaviors that may interfere with other areas of life.
2. **Problematic sexual behaviors** - This phrase is straightforward and describes behaviors that cause problems or difficulties in an individual's life.
3. **Sexual impulsivity** - This term emphasizes the impulsive or compulsive nature of certain sexual behaviors and the difficulties individuals may face in controlling them.
4. **Compulsive sexuality** - This phrase emphasizes the compulsive nature of certain sexual behaviors and the difficulties individuals may face in breaking free from them.",,,meta-llama/Llama-3.1-8B-Instruct,0e9e39f249a16976918f6564b8830bc894c89659,4bit,auto,256,42,910134bb828f3df0e25f63c81c447cabd6fd5acb33217d02950f86ec16cccd05
8aef76bc,IE,single-session-assistant,2023/05/30 (Tue) 05:06,hybrid_raw,10,0.0,0.0,0.0,0.0,0.07759999971312936,3467,3467,247,1,1,True,0,0,0,0,428.6194331983806,1045,98,0.3967611336032389,0.6210679737662497,0.028656340821551367,0.5500208139419556,0.7993425130844116,0.5,0.29043475616481673,0.0,1.0,False,False,True,True,10047737856,44b1595a::round_5|44b1595a::round_4|ultrachat_283910::round_3|ultrachat_283910::round_1|ultrachat_283910::round_0|44b1595a::round_3|ultrachat_283910::round_2|44b1595a::round_2|sharegpt_X9kLK47_0::round_0|27d378b2_2::round_5,44b1595a|44b1595a|ultrachat_283910|ultrachat_283910|ultrachat_283910|44b1595a|ultrachat_283910|44b1595a|sharegpt_X9kLK47_0|27d378b2_2,3578,192,27121.69379997067,27121.771399970385,"Unfortunately, I don't have enough information to provide a specific recommendation for a sealant for the newspaper flower vase. However, I can suggest some general options for sealing and protecting a DIY project made from recycled materials.

For a newspaper flower vase, you might consider using a clear acrylic spray or a water-based polyurethane to seal and protect the paper. These types of sealants are generally easy to apply and can help prevent moisture and stains from damaging the paper.

If you're looking for a more eco-friendly option, you could consider using a natural sealant like beeswax or plant-based wax. These types of sealants are biodegradable and non-toxic, making them a great choice for DIY projects.

It's worth noting that the specific sealant you choose will depend on the materials you're using and the desired finish. If you have any more information about your project, I'd be happy to try and provide a more specific recommendation.",,,meta-llama/Llama-3.1-8B-Instruct,0e9e39f249a16976918f6564b8830bc894c89659,4bit,auto,256,42,5b5aeefdaade7919e09f5996ac4fef4795df45c24b78e09a05d2f5511390526e
8aef76bc,IE,single-session-assistant,2023/05/30 (Tue) 05:06,hybrid_minmax,10,0.0,0.0,0.0,0.0,0.07650000043213367,3513,3513,247,1,1,True,0,0,0,0,428.6194331983806,1045,98,0.3967611336032389,0.6210679737662497,0.028656340821551367,0.5500208139419556,0.7993425130844116,0.5,0.29043475616481673,0.0,1.0,False,False,True,True,10047737856,44b1595a::round_5|44b1595a::round_4|44b1595a::round_3|sharegpt_X9kLK47_0::round_0|ultrachat_283910::round_1|ultrachat_283910::round_0|ultrachat_283910::round_3|27d378b2_2::round_3|27d378b2_2::round_5|ultrachat_283910::round_2,44b1595a|44b1595a|44b1595a|sharegpt_X9kLK47_0|ultrachat_283910|ultrachat_283910|ultrachat_283910|27d378b2_2|27d378b2_2|ultrachat_283910,3624,190,23356.864700093865,23356.941200094298,"Unfortunately, I don't have any information about a previous conversation about a newspaper flower vase. However, I can provide some general information about sealants that you can use for DIY home decor projects.

For a newspaper flower vase, you might want to use a clear acrylic spray or a water-based polyurethane sealant to protect the paper from moisture and add a glossy finish. Some popular options include:

1. **Mod Podge**: A popular craft sealant that comes in various formulas, including a matte and a glossy finish.
2. **Rust-Oleum**: A water-based polyurethane sealant that provides a clear, non-yellowing finish.
3. **Varathane**: A water-based polyurethane sealant that offers a clear, glossy finish.

Please note that these are general recommendations, and it's always a good idea to read the instructions and test a small area before applying any sealant to your project.",,,meta-llama/Llama-3.1-8B-Instruct,0e9e39f249a16976918f6564b8830bc894c89659,4bit,auto,256,42,e42b6af98ec9eecb8c44356ca2ae00a7c7f2710fdf5f8748ea5caf552e9aeccf
fca762bc,IE,single-session-assistant,2023/05/30 (Tue) 21:25,recency,10,0.0,0.0,0.0,0.0,0.014799999917158857,2841,2841,232,1,1,True,0,0,0,0,456.2198275862069,944,110,0.47413793103448276,0.6515770600787525,0.027495397101643497,0.5977398157119751,0.7703755497932434,0.5,0.29054897658627393,0.0,1.0,False,False,True,True,10047776768,sharegpt_oIB2JG9_0::round_8|sharegpt_oIB2JG9_0::round_7|sharegpt_oIB2JG9_0::round_6|sharegpt_oIB2JG9_0::round_5|sharegpt_oIB2JG9_0::round_4|sharegpt_oIB2JG9_0::round_3|sharegpt_oIB2JG9_0::round_2|sharegpt_oIB2JG9_0::round_1|sharegpt_oIB2JG9_0::round_0|78c80155_1::round_5,sharegpt_oIB2JG9_0|sharegpt_oIB2JG9_0|sharegpt_oIB2JG9_0|sharegpt_oIB2JG9_0|sharegpt_oIB2JG9_0|sharegpt_oIB2JG9_0|sharegpt_oIB2JG9_0|sharegpt_oIB2JG9_0|sharegpt_oIB2JG9_0|78c80155_1,2966,202,27845.56839999277,27845.58319999269,"Unfortunately, the conversation about language learning apps was not mentioned in the provided memory context. However, I can suggest some popular language learning apps that use mnemonics to help learners memorize words and phrases:

1. **Memrise**: This app uses mnemonics, spaced repetition, and gamification to help learners memorize words and phrases.
2. **Duolingo**: While not exclusively focused on mnemonics, Duolingo uses interactive exercises and games to help learners memorize vocabulary.
3. **Anki**: This app uses spaced repetition and mnemonics to help learners memorize words and phrases.
4. **Lingodeer**: This app uses mnemonics, flashcards, and games to help learners memorize vocabulary.

These are just a few examples, and there are many other language learning apps that use mnemonics to help learners memorize words and phrases. If you have any specific preferences or requirements, I'd be happy to try and suggest more tailored options.",,,meta-llama/Llama-3.1-8B-Instruct,0e9e39f249a16976918f6564b8830bc894c89659,4bit,auto,256,42,68b64452354322bb222ea8cca4233345e2c4435e4071efed9fc8d5828ac99deb
fca762bc,IE,single-session-assistant,2023/05/30 (Tue) 21:25,hybrid_raw,10,0.0,0.0,0.0,0.0,0.06930000017746352,2808,2808,232,1,1,True,0,0,0,0,456.2198275862069,944,110,0.47413793103448276,0.6515770600787525,0.027495397101643497,0.5977398157119751,0.7703755497932434,0.5,0.29054897658627393,0.0,1.0,False,False,True,True,10047776768,sharegpt_oIB2JG9_0::round_2|sharegpt_oIB2JG9_0::round_3|sharegpt_oIB2JG9_0::round_6|sharegpt_oIB2JG9_0::round_5|sharegpt_oIB2JG9_0::round_1|78c80155_1::round_4|sharegpt_oIB2JG9_0::round_7|sharegpt_oIB2JG9_0::round_8|sharegpt_oIB2JG9_0::round_0|sharegpt_oIB2JG9_0::round_4,sharegpt_oIB2JG9_0|sharegpt_oIB2JG9_0|sharegpt_oIB2JG9_0|sharegpt_oIB2JG9_0|sharegpt_oIB2JG9_0|78c80155_1|sharegpt_oIB2JG9_0|sharegpt_oIB2JG9_0|sharegpt_oIB2JG9_0|sharegpt_oIB2JG9_0,2933,177,27974.21320003923,27974.282500039408,"Unfortunately, the conversation about language learning apps was not mentioned in the provided memory context. However, I can suggest some popular language learning apps that use mnemonics to help learners memorize words and phrases:

1. Memrise: This app uses mnemonics, spaced repetition, and gamification to help learners memorize words and phrases.
2. Anki: This app uses spaced repetition and mnemonics to help learners memorize vocabulary and phrases.
3. Quizlet: This app uses flashcards, mnemonics, and other learning tools to help learners memorize vocabulary and phrases.

These are just a few examples, and there are many other language learning apps that use mnemonics to help learners memorize words and phrases. If you could provide more context or information about the specific app you're looking for, I may be able to provide a more accurate answer.",,,meta-llama/Llama-3.1-8B-Instruct,0e9e39f249a16976918f6564b8830bc894c89659,4bit,auto,256,42,05dadd2605ecef7ef72c68797dcb338d751ce29f117ad9682907434b9628ef96
a40e080f,IE,single-session-assistant,2023/05/30 (Tue) 19:28,semantic,10,1.0,1.0,1.0,1.0,0.07949999962875154,2628,2628,270,1,1,True,0,0,0,0,393.2,1125,90,0.3333333333333333,0.6163458340697818,0.036860670005895844,0.5609946846961975,0.9210513234138489,0.5,0.2902843513342834,0.0,1.0,False,False,True,True,10048282624,answer_ultrachat_269020::round_3|answer_ultrachat_269020::round_2|answer_ultrachat_269020::round_1|answer_ultrachat_269020::round_0|ultrachat_38966::round_4|ultrachat_463886::round_1|12c28d3f_1::round_2|ultrachat_38966::round_2|89c7a48a_2::round_4|12c28d3f_1::round_5,answer_ultrachat_269020|answer_ultrachat_269020|answer_ultrachat_269020|answer_ultrachat_269020|ultrachat_38966|ultrachat_463886|12c28d3f_1|ultrachat_38966|89c7a48a_2|12c28d3f_1,2742,137,15823.427099967375,15823.506599967004,"The two companies that prioritize employee safety and well-being like Triumvirate are:

1. Patagonia - This outdoor clothing and gear company is well-known for its commitment to environmental conservation and also prioritizes the well-being of its employees. The company offers flexible work arrangements, generous maternity and paternity leave, and invests in employee education and wellness.

2. Southwest Airlines - This popular airline puts a strong emphasis on its employees, who they call ""Warriors"". Southwest offers its ""Warriors"" top-of-the-line training, generous benefits packages, and a positive work environment. The result is an enthusiastic team that prioritizes safety, customer service, and company success.",,,meta-llama/Llama-3.1-8B-Instruct,0e9e39f249a16976918f6564b8830bc894c89659,4bit,auto,256,42,0ed0df65ad5735e26e23e71cfcd14687c058228d59579e222dab239835ad1e21
a40e080f,IE,single-session-assistant,2023/05/30 (Tue) 19:28,hybrid_minmax,10,1.0,1.0,1.0,1.0,0.07839999943826115,4185,4185,270,1,1,True,0,0,0,0,393.2,1125,90,0.3333333333333333,0.6163458340697818,0.036860670005895844,0.5609946846961975,0.9210513234138489,0.5,0.2902843513342834,0.0,1.0,False,False,True,True,10048282624,answer_ultrachat_269020::round_3|answer_ultrachat_269020::round_2|answer_ultrachat_269020::round_1|answer_ultrachat_269020::round_0|4fd6129f_1::round_1|4fd6129f_1::round_4|4fd6129f_1::round_5|sharegpt_fyAkcGP_81::round_4|sharegpt_fyAkcGP_81::round_3|4fd6129f_1::round_2,answer_ultrachat_269020|answer_ultrachat_269020|answer_ultrachat_269020|answer_ultrachat_269020|4fd6129f_1|4fd6129f_1|4fd6129f_1|sharegpt_fyAkcGP_81|sharegpt_fyAkcGP_81|4fd6129f_1,4300,137,22440.015500062145,22440.093900061584,"The two companies that prioritize employee safety and well-being like Triumvirate are:

1. Patagonia - This outdoor clothing and gear company is well-known for its commitment to environmental conservation and also prioritizes the well-being of its employees. The company offers flexible work arrangements, generous maternity and paternity leave, and invests in employee education and wellness.

2. Southwest Airlines - This popular airline puts a strong emphasis on its employees, who they call ""Warriors"". Southwest offers its ""Warriors"" top-of-the-line training, generous benefits packages, and a positive work environment. The result is an enthusiastic team that prioritizes safety, customer service, and company success.",,,meta-llama/Llama-3.1-8B-Instruct,0e9e39f249a16976918f6564b8830bc894c89659,4bit,auto,256,42,467bc4dce3846bab6a3e18a247d4b1ad13a6a89dc7779655f8d4004801549b64
a40e080f,IE,single-session-assistant,2023/05/30 (Tue) 19:28,hybrid_rrf,10,1.0,1.0,1.0,1.0,0.0807999995231512,3872,3872,270,1,1,True,0,0,0,0,393.2,1125,90,0.3333333333333333,0.6163458340697818,0.036860670005895844,0.5609946846961975,0.9210513234138489,0.5,0.2902843513342834,0.0,1.0,False,False,True,True,10048282624,4fd6129f_1::round_1|sharegpt_fyAkcGP_81::round_4|sharegpt_fyAkcGP_81::round_3|4fd6129f_1::round_4|4fd6129f_1::round_5|89c7a48a_2::round_4|sharegpt_G3RxeFJ_94::round_5|answer_ultrachat_269020::round_3|answer_ultrachat_269020::round_2|answer_ultrachat_269020::round_1,4fd6129f_1|sharegpt_fyAkcGP_81|sharegpt_fyAkcGP_81|4fd6129f_1|4fd6129f_1|89c7a48a_2|sharegpt_G3RxeFJ_94|answer_ultrachat_269020|answer_ultrachat_269020|answer_ultrachat_269020,3987,137,20017.516100080684,20017.596900080207,"The two companies that prioritize employee safety and well-being like Triumvirate are:

1. Patagonia - This outdoor clothing and gear company is well-known for its commitment to environmental conservation and also prioritizes the well-being of its employees. The company offers flexible work arrangements, generous maternity and paternity leave, and invests in employee education and wellness.
2. Southwest Airlines - This popular airline puts a strong emphasis on its employees, who they call ""Warriors"". Southwest offers its ""Warriors"" top-of-the-line training, generous benefits packages, and a positive work environment. The result is an enthusiastic team that prioritizes safety, customer service, and company success.",,,meta-llama/Llama-3.1-8B-Instruct,0e9e39f249a16976918f6564b8830bc894c89659,4bit,auto,256,42,25b80145fecad42202a4207743693c18504154b389cbc2230dcedde618c3d063
b0479f84,IE,single-session-preference,2023/05/30 (Tue) 22:56,hybrid_rrf,5,1.0,1.0,1.0,1.0,0.0762999998187297,1417,1417,253,1,1,True,0,0,0,0,412.39525691699606,841,89,0.35177865612648224,0.6215350583136788,0.027399701787063,0.5695086717605591,0.7599433660507202,0.5000000000000001,0.2903928741067686,0.0,1.0,False,False,True,True,10047737856,ultrachat_419825::round_1|ultrachat_419825::round_2|ultrachat_30787::round_5|ultrachat_30787::round_1|answer_30f63ddb::round_0,ultrachat_419825|ultrachat_419825|ultrachat_30787|ultrachat_30787|answer_30f63ddb,1508,256,16779.672299977392,16779.74859997721,"You've already watched ""Our Planet"", ""Free Solo"", and ""Tiger King"". Here are some more documentary series recommendations:

**Nature and Wildlife:**

1. **Planet Earth** (Netflix) - Another BBC series, similar to ""Our Planet"", showcasing stunning natural history footage.
2. **Blue Planet** (Netflix) - Explore the marine world with David Attenborough.
3. **March of the Penguins** (Netflix) - A heartwarming documentary about Emperor Penguins in Antarctica.
4. **Dynasties** (Netflix) - Follow the lives of five animal families in the wild, narrated by David Attenborough.
5. **Chasing Coral** (Netflix) - A visually stunning documentary about the decline of coral reefs.

**Adventure and Exploration:**

1. **The Last Lions** (Netflix) - A gripping documentary about the decline of lions in Africa.
2. **The Cave** (Netflix) - A harrowing documentary about a group of women who risk their lives to save others in war-torn Syria.
3. **The River Runs Red** (Amazon Prime) - Explore the Amazon River and its inhabitants with explorer Mike Horn.
4. **Expedition Unknown** (Discovery+) - Host Josh Gates embarks on",,,meta-llama/Llama-3.1-8B-Instruct,0e9e39f249a16976918f6564b8830bc894c89659,4bit,auto,256,42,86235a399ed0cdd06878aef50dc4379ca59387e398b853bdb60fe2cbc9055a89
b0479f84,IE,single-session-preference,2023/05/30 (Tue) 22:56,hybrid_minmax,10,1.0,1.0,1.0,1.0,0.07700000060140155,3732,3732,253,1,1,True,0,0,0,0,412.39525691699606,841,89,0.35177865612648224,0.6215350583136788,0.027399701787063,0.5695086717605591,0.7599433660507202,0.5000000000000001,0.2903928741067686,0.0,1.0,False,False,True,True,10047737856,answer_30f63ddb::round_0|ultrachat_419825::round_1|ultrachat_419825::round_2|answer_30f63ddb::round_1|ultrachat_30787::round_1|ultrachat_30787::round_5|79019170_1::round_2|79019170_1::round_4|79019170_1::round_3|ultrachat_63538::round_2,answer_30f63ddb|ultrachat_419825|ultrachat_419825|answer_30f63ddb|ultrachat_30787|ultrachat_30787|79019170_1|79019170_1|79019170_1|ultrachat_63538,3823,185,24189.64859994594,24189.72559994654,"Based on our previous conversation, I'd be happy to recommend some documentaries. Since you enjoyed ""Our Planet"", ""Free Solo"", and ""Tiger King"", I think you might like:

1. **Planet Earth** (Netflix) - Another BBC series, similar to ""Our Planet"", showcasing stunning natural history footage.
2. **Blue Planet** (Netflix) - Explore the marine world with David Attenborough.
3. **March of the Penguins** (Netflix) - A heartwarming documentary about Emperor Penguins in Antarctica.
4. **Dynasties** (Netflix) - Follow the lives of five animal families in the wild, narrated by David Attenborough.
5. **Chasing Coral** (Netflix) - A visually stunning documentary about the decline of coral reefs.

These documentaries offer a mix of stunning visuals, engaging storytelling, and thought-provoking themes that I think you'll enjoy.",,,meta-llama/Llama-3.1-8B-Instruct,0e9e39f249a16976918f6564b8830bc894c89659,4bit,auto,256,42,e364161bfaefa3d08125b281ffe507b2865c0804f07740f7fa85ed9e8b18e6cb
b6025781,IE,single-session-preference,2023/05/30 (Tue) 21:41,semantic,5,1.0,1.0,1.0,1.0,0.0715000005584443,2436,2436,231,1,1,True,0,0,0,0,464.1991341991342,2658,93,0.4025974025974026,0.6416883749879284,0.03623684474483559,0.572745144367218,0.8065396547317505,0.5,0.2905571208104978,0.0,1.0,False,False,True,True,10047873024,f20c73f5_3::round_0|answer_8414cc57::round_2|answer_8414cc57::round_0|f20c73f5_3::round_1|answer_8414cc57::round_1,f20c73f5_3|answer_8414cc57|answer_8414cc57|f20c73f5_3|answer_8414cc57,2530,256,21684.032500023022,21684.10400002358,"Based on our previous conversation, I'd be happy to suggest some new recipes for your meal prep next week. Since you mentioned you're interested in Mexican-inspired dishes, I'll provide some recipe ideas that fit that theme.

Here are a few suggestions:

1. **Chicken Tinga Tacos**: Shredded chicken cooked in a smoky chipotle tomato sauce, served in whole-grain tortillas with avocado, sour cream, and mixed greens.
2. **Vegan Chili con Carne**: A hearty, plant-based chili made with black beans, sweet potatoes, and a blend of spices, served with whole-grain cornbread or over quinoa.
3. **Grilled Steak Fajitas**: Marinated steak grilled with bell peppers and onions, served with whole-grain tortillas, avocado, and a side of Mexican street corn.
4. **Roasted Sweet Potato and Black Bean Enchiladas**: Fill tortillas with roasted sweet potatoes, black beans, and spices, and top with a dairy-free enchilada sauce and avocado sour cream.
5. **Mexican Street Corn Salad**: A fresh and flavorful salad made with grilled corn, black beans, diced tomatoes, and a sprinkle of queso fresco, served over quinoa or as a side",,,meta-llama/Llama-3.1-8B-Instruct,0e9e39f249a16976918f6564b8830bc894c89659,4bit,auto,256,42,d59ed451a7bea1609c4a841f92ff77324bc85c915d13ea025eda77c784b5fd39
b6025781,IE,single-session-preference,2023/05/30 (Tue) 21:41,hybrid_minmax,5,0.0,0.0,0.0,0.0,0.06900000062159961,1466,1466,231,1,1,True,0,0,0,0,464.1991341991342,2658,93,0.4025974025974026,0.6416883749879284,0.03623684474483559,0.572745144367218,0.8065396547317505,0.5,0.2905571208104978,0.0,1.0,False,False,True,True,10047873024,f20c73f5_3::round_0|ultrachat_177995::round_1|89d49715_2::round_4|ultrachat_177995::round_0|ultrachat_177995::round_2,f20c73f5_3|ultrachat_177995|89d49715_2|ultrachat_177995|ultrachat_177995,1560,238,15366.401399951428,15366.47039995205,"Based on our previous conversations, I can suggest some healthy recipes from the websites I mentioned earlier, such as Allrecipes, Epicurious, Cooking Light, Food.com, The Kitchn, and MyFitnessPal. You can also try searching for specific ingredients, cooking methods, or dietary restrictions to find relevant recipes.

If you're looking for something new, you could try searching for recipes that incorporate ingredients from Colombian cuisine, such as ajiaco (potato soup with chicken and corn), bandeja paisa (a platter with beans, rice, plantains, eggs, and meat), or arroz con coco (coconut rice). These dishes are hearty and flavorful, and can be adapted to fit your dietary needs.

Some other ideas for meal prep recipes include:

* Grilled chicken or fish with roasted vegetables
* Quinoa or brown rice bowls with roasted sweet potatoes and black beans
* Lentil or vegetable stir-fries with brown rice or whole wheat noodles
* Smoothie bowls with frozen fruit, Greek yogurt, and granola

Remember to choose recipes that fit your dietary needs and preferences, and to adjust the portion sizes and ingredients based on your individual needs.",,,meta-llama/Llama-3.1-8B-Instruct,0e9e39f249a16976918f6564b8830bc894c89659,4bit,auto,256,42,7e38015fb5c10f58d8eabb56af6dfce027f5f2a254694b5b476f03fd67f1f4ad
b6025781,IE,single-session-preference,2023/05/30 (Tue) 21:41,semantic,10,1.0,1.0,1.0,1.0,0.06859999939479167,4812,4812,231,1,1,True,0,0,0,0,464.1991341991342,2658,93,0.4025974025974026,0.6416883749879284,0.03623684474483559,0.572745144367218,0.8065396547317505,0.5,0.2905571208104978,0.0,1.0,False,False,True,True,10047873024,f20c73f5_3::round_0|answer_8414cc57::round_2|answer_8414cc57::round_0|f20c73f5_3::round_1|answer_8414cc57::round_1|answer_8414cc57::round_3|612c8368_2::round_0|f20c73f5_3::round_4|612c8368_2::round_5|f20c73f5_3::round_3,f20c73f5_3|answer_8414cc57|answer_8414cc57|f20c73f5_3|answer_8414cc57|answer_8414cc57|612c8368_2|f20c73f5_3|612c8368_2|f20c73f5_3,4906,256,59139.548799954355,59139.61739995375,"Based on our previous conversations, I'd be happy to suggest some new recipes for your meal prep next week. Since you mentioned you're interested in trying out some Mexican-inspired dishes, I'll provide you with a few ideas:

1. **Chicken Tinga Tacos**: Shredded chicken cooked in a smoky chipotle tomato sauce, served in tacos with sliced avocado, sour cream, and queso fresco.
2. **Vegan Black Bean and Sweet Potato Enchiladas**: Fill tortillas with roasted sweet potatoes, black beans, and spices, and top with a dairy-free enchilada sauce and avocado sour cream.
3. **Grilled Chicken Fajitas**: Marinated chicken breast grilled with bell peppers, onions, and spices, served with whole-grain tortillas, avocado, and sour cream.
4. **Spicy Pinto Bean and Corn Salad**: A hearty salad made with cooked pinto beans, corn, diced tomatoes, red onion, cilantro, and a spicy chipotle dressing.
5. **Cilantro Lime Rice Bowl**: A flavorful rice bowl filled with cilantro-infused rice, grilled chicken, roasted vegetables, and a drizzle of lime juice.

These recipes are all relatively easy to make and can be customized to suit",,,meta-llama/Llama-3.1-8B-Instruct,0e9e39f249a16976918f6564b8830bc894c89659,4bit,auto,256,42,5878037181bee2dcae71dd859519b32016bc23b4b8057692e786b5afcc3f844d
b6025781,IE,single-session-preference,2023/05/30 (Tue) 21:41,hybrid_raw,10,0.0,0.0,0.0,0.0,0.07360000017797574,2390,2390,231,1,1,True,0,0,0,0,464.1991341991342,2658,93,0.4025974025974026,0.6416883749879284,0.03623684474483559,0.572745144367218,0.8065396547317505,0.5,0.2905571208104978,0.0,1.0,False,False,True,True,10047873024,ultrachat_177995::round_1|sharegpt_X1NXUxZ_0::round_0|ultrachat_177995::round_2|ultrachat_177995::round_0|89d49715_2::round_4|89d49715_2::round_5|sharegpt_X1NXUxZ_0::round_1|89d49715_2::round_3|sharegpt_X1NXUxZ_0::round_2|sharegpt_X1NXUxZ_0::round_3,ultrachat_177995|sharegpt_X1NXUxZ_0|ultrachat_177995|ultrachat_177995|89d49715_2|89d49715_2|sharegpt_X1NXUxZ_0|89d49715_2|sharegpt_X1NXUxZ_0|sharegpt_X1NXUxZ_0,2484,134,107677.50390002038,107677.57750002056,"Unfortunately, the memories do not contain enough information to provide suggestions for new recipes. However, I can suggest some general ideas for meal prep recipes that you might find helpful:

* Consider recipes that are easy to scale up or down, depending on your needs
* Choose recipes that use similar ingredients to reduce food waste and save time
* Think about recipes that can be cooked in bulk and reheated throughout the week
* Don't forget to include a variety of protein sources, vegetables, and whole grains in your meal prep

If you'd like more specific suggestions, I'd be happy to try and help you brainstorm some ideas based on your dietary preferences and restrictions.",,,meta-llama/Llama-3.1-8B-Instruct,0e9e39f249a16976918f6564b8830bc894c89659,4bit,auto,256,42,f46fbe320d9fc5f7c06e15db4f78d9fa790e1573401ed75877ffeec4530fee11
b6025781,IE,single-session-preference,2023/05/30 (Tue) 21:41,hybrid_minmax,10,0.0,0.0,0.0,0.0,0.06990000019868603,3208,3208,231,1,1,True,0,0,0,0,464.1991341991342,2658,93,0.4025974025974026,0.6416883749879284,0.03623684474483559,0.572745144367218,0.8065396547317505,0.5,0.2905571208104978,0.0,1.0,False,False,True,True,10047873024,f20c73f5_3::round_0|ultrachat_177995::round_1|89d49715_2::round_4|ultrachat_177995::round_0|ultrachat_177995::round_2|89d49715_2::round_3|sharegpt_X1NXUxZ_0::round_0|89d49715_2::round_5|79987901_2::round_0|89d49715_2::round_0,f20c73f5_3|ultrachat_177995|89d49715_2|ultrachat_177995|ultrachat_177995|89d49715_2|sharegpt_X1NXUxZ_0|89d49715_2|79987901_2|89d49715_2,3302,256,72939.13020007312,72939.20010007333,"Based on our previous conversations, I'd be happy to help you with new recipe suggestions. Since you're planning your meal prep for next week, I'll provide you with some ideas that are healthy, easy to prepare, and can be made in bulk.

Considering your interest in superhero movies and Colombian cuisine, I'll suggest some recipes that might fit your tastes:

1. **Superhero Energy Balls**: A no-bake recipe made with rolled oats, nuts, seeds, and dried fruits. These energy balls are perfect for a quick snack or post-workout fuel.
2. **Ajiaco Chicken Soup**: A hearty and comforting Colombian-inspired soup made with chicken, potatoes, corn, and herbs. This recipe is perfect for a weeknight dinner or meal prep.
3. **Quinoa and Black Bean Bowl**: A nutritious and filling bowl filled with cooked quinoa, black beans, roasted vegetables, and a drizzle of your favorite sauce.
4. **Ceviche-Style Shrimp Salad**: A refreshing and light salad made with cooked shrimp, mixed with onions, peppers, and a squeeze of lime juice. This recipe is perfect for a quick lunch or dinner.
5. **Bandeja Paisa-Style Rice and Beans**: A traditional Colombian dish made with rice",,,meta-llama/Llama-3.1-8B-Instruct,0e9e39f249a16976918f6564b8830bc894c89659,4bit,auto,256,42,96fa983e3d8b37761ea1a020e9e257a9ce2901e4985919be3faf1a9ec1f31f7e
0edc2aef,IE,single-session-preference,2023/05/30 (Tue) 20:23,hybrid_raw,10,0.0,0.0,1.0,0.0,0.07100000038917642,3438,3438,239,1,1,True,0,0,0,0,445.8702928870293,1517,105,0.4393305439330544,0.6246255790838138,0.03614386060129064,0.5614331960678101,0.7554914951324463,0.49999999999999994,0.290493882646111,0.0,1.0,False,False,True,True,10048577536,f20e72e4_1::round_5|sharegpt_DWorlZE_0::round_3|sharegpt_DWorlZE_0::round_2|sharegpt_pc6mFD7_39::round_8|f20e72e4_1::round_4|sharegpt_DWorlZE_0::round_4|answer_d586e9cd::round_7|sharegpt_DWorlZE_0::round_0|answer_d586e9cd::round_9|sharegpt_pc6mFD7_39::round_9,f20e72e4_1|sharegpt_DWorlZE_0|sharegpt_DWorlZE_0|sharegpt_pc6mFD7_39|f20e72e4_1|sharegpt_DWorlZE_0|answer_d586e9cd|sharegpt_DWorlZE_0|answer_d586e9cd|sharegpt_pc6mFD7_39,3529,239,70227.84049995244,70227.91149995282,"Unfortunately, the memories provided do not contain any information about hotels in Miami. However, I can suggest some general tips for finding a great hotel in Miami:

1. Consider the location: Miami has many different neighborhoods, each with its own unique character. Think about what you want to do and see during your trip and choose a hotel that's close to those attractions.
2. Look for amenities: Think about what you need and want in a hotel. Do you want a pool, gym, or spa? Do you need a hotel with a restaurant or bar on site?
3. Check reviews: Read reviews from other travelers to get a sense of what to expect from a particular hotel.
4. Consider the budget: Miami has a wide range of hotels, from budget-friendly options to luxury resorts. Set a budget and look for hotels that fit within it.

Some popular hotels in Miami include:

* The Fontainebleau Miami Beach
* The Miami Beach EDITION
* The Confidante Miami Beach
* The Hyatt Regency Miami
* The JW Marriott Miami

I hope this helps! If you have any more specific questions or need further recommendations, feel free to ask.",,,meta-llama/Llama-3.1-8B-Instruct,0e9e39f249a16976918f6564b8830bc894c89659,4bit,auto,256,42,af210bd3252a665447aa0b48ecde2407f1594a8f0c11468fd46ed774f4a23807
a89d7624,IE,single-session-preference,2023/05/30 (Tue) 21:17,semantic,5,0.0,0.0,0.0,0.0,0.07550000009359792,2575,2575,251,2,1,True,0,0,0,0,418.3426294820717,979,94,0.3745019920318725,0.636165084354431,0.029626739411479766,0.5677162408828735,0.7624990344047546,0.5,0.2904066114949864,0.0,1.0,False,False,True,True,10048270336,39a056ae::round_1|39a056ae::round_5|ultrachat_383054::round_2|39a056ae::round_3|a479a7d6_4::round_0,39a056ae|39a056ae|ultrachat_383054|39a056ae|a479a7d6_4,2671,256,167432.20319994725,167432.27869994735,"Since you're planning a trip to Denver soon, I'll provide you with some suggestions on what to do there. However, I don't have any specific information about your trip date or preferences. 

Denver is a great city with plenty of attractions and activities to enjoy. Here are some general suggestions:

1. **Visit the Rocky Mountain National Park**: Just an hour and a half west of Denver, this national park offers stunning mountain scenery, hiking trails, and wildlife viewing opportunities.
2. **Explore the Denver Art Museum**: This unique museum features an impressive collection of art from around the world, as well as rotating exhibitions and installations.
3. **Walk or bike the Cherry Creek Bike Path**: This scenic path follows the Cherry Creek waterway and offers a pleasant stroll or bike ride through the city.
4. **Visit the History Colorado Center**: Learn about the state's rich history and culture at this interactive museum, which features exhibits on topics like the gold rush, the Civil Rights Movement, and the state's indigenous peoples.
5. **Check out the vibrant LoDo neighborhood**: This historic district is home to trendy shops, restaurants, and bars, as well as the iconic Union Station.
6. **Visit the Denver Zoo**: Spread over 80 acres, the Denver Zoo is",,,meta-llama/Llama-3.1-8B-Instruct,0e9e39f249a16976918f6564b8830bc894c89659,4bit,auto,256,42,ff4ae8556f06c3903cf20f083fbc3789e0a55a3eff93cae8e949a7638b66e445
a89d7624,IE,single-session-preference,2023/05/30 (Tue) 21:17,hybrid_raw,5,0.0,0.0,0.0,0.0,0.07860000005166512,1548,1548,251,2,1,True,0,0,0,0,418.3426294820717,979,94,0.3745019920318725,0.636165084354431,0.029626739411479766,0.5677162408828735,0.7624990344047546,0.5,0.2904066114949864,0.0,1.0,False,False,True,True,10048270336,sharegpt_lxjNrXL_11::round_0|sharegpt_uDliw4H_0::round_0|ultrachat_572842::round_3|sharegpt_lxjNrXL_11::round_2|9d5af57c_2::round_5,sharegpt_lxjNrXL_11|sharegpt_uDliw4H_0|ultrachat_572842|sharegpt_lxjNrXL_11|9d5af57c_2,1644,188,107615.44390011113,107615.52250011118,"The information is insufficient to provide a specific answer to your question about what to do in Denver. However, I can suggest some general tips based on the context of the conversation.

Since you're planning a trip to Denver, you might want to consider visiting some of the city's popular attractions, such as the Denver Art Museum, the History Colorado Center, or the Denver Zoo. You could also explore the city's vibrant neighborhoods, like LoDo (Lower Downtown) or Larimer Square, which offer a mix of shopping, dining, and entertainment options.

Additionally, if you're interested in the outdoors, Denver is close to several beautiful natural areas, including Rocky Mountain National Park, which offers hiking, camping, and scenic drives.

However, without more specific information about your interests or preferences, it's difficult to provide a more tailored suggestion. If you'd like to continue the song lyric, I can try to complete the lyrics for you.",,,meta-llama/Llama-3.1-8B-Instruct,0e9e39f249a16976918f6564b8830bc894c89659,4bit,auto,256,42,30e6b29c9fc8c4897760467be7e6e8fef73267a816ecb4ee9d76d1ad10ebc229
a89d7624,IE,single-session-preference,2023/05/30 (Tue) 21:17,recency,10,0.0,0.0,0.0,0.0,0.014999999621068127,2568,2568,251,2,1,True,0,0,0,0,418.3426294820717,979,94,0.3745019920318725,0.636165084354431,0.029626739411479766,0.5677162408828735,0.7624990344047546,0.5,0.2904066114949864,0.0,1.0,False,False,True,True,10048270336,ultrachat_572842::round_3|ultrachat_572842::round_2|ultrachat_572842::round_1|ultrachat_572842::round_0|sharegpt_uDliw4H_0::round_1|sharegpt_uDliw4H_0::round_0|sharegpt_lxjNrXL_11::round_2|sharegpt_lxjNrXL_11::round_1|sharegpt_lxjNrXL_11::round_0|ultrachat_19412::round_2,ultrachat_572842|ultrachat_572842|ultrachat_572842|ultrachat_572842|sharegpt_uDliw4H_0|sharegpt_uDliw4H_0|sharegpt_lxjNrXL_11|sharegpt_lxjNrXL_11|sharegpt_lxjNrXL_11|ultrachat_19412,2664,208,145488.13620000146,145488.15120000107,"The information is insufficient to provide specific suggestions for your trip to Denver. However, I can tell you that Denver is a beautiful city surrounded by the Rocky Mountains, with plenty of outdoor activities, cultural attractions, and a vibrant food scene.

If you're interested in exploring the great outdoors, you might consider visiting the Rocky Mountain National Park, hiking in the nearby foothills, or taking a scenic drive through the mountains. Denver also has a number of museums, art galleries, and cultural institutions, such as the Denver Art Museum, the History Colorado Center, and the Denver Museum of Nature & Science.

In terms of food, Denver is known for its craft beer scene, and you might want to check out some of the local breweries, such as Great Divide Brewing Co. or Odell Brewing Co. The city also has a thriving food scene, with a variety of restaurants serving everything from traditional Colorado cuisine to international flavors.

If you're looking for more specific recommendations, I'd be happy to try and provide some suggestions based on your interests!",,,meta-llama/Llama-3.1-8B-Instruct,0e9e39f249a16976918f6564b8830bc894c89659,4bit,auto,256,42,be0fc8dc66e65b5dbb35c958bf784bd41b4399878c0a958c7b823c53a91b45a4
a89d7624,IE,single-session-preference,2023/05/30 (Tue) 21:17,semantic,10,0.0,0.0,0.0,0.0,0.07659999937459361,4273,4273,251,2,1,True,0,0,0,0,418.3426294820717,979,94,0.3745019920318725,0.636165084354431,0.029626739411479766,0.5677162408828735,0.7624990344047546,0.5,0.2904066114949864,0.0,1.0,False,False,True,True,10048270336,39a056ae::round_1|39a056ae::round_5|ultrachat_383054::round_2|39a056ae::round_3|a479a7d6_4::round_0|ultrachat_383054::round_4|99f2f5b1_1::round_4|ultrachat_383054::round_3|3cb41ab8_4::round_1|ultrachat_383054::round_1,39a056ae|39a056ae|ultrachat_383054|39a056ae|a479a7d6_4|ultrachat_383054|99f2f5b1_1|ultrachat_383054|3cb41ab8_4|ultrachat_383054,4369,256,68972.25780005101,68972.33440005039,"Denver is a fantastic destination, with plenty of exciting activities to enjoy. Here are some suggestions for your trip:

**Outdoor Activities:**

1. **Rocky Mountain National Park**: A must-visit for nature lovers, with breathtaking mountain vistas, hiking trails, and abundant wildlife.
2. **Denver Botanic Gardens**: Explore the beautiful gardens, featuring a variety of plant species and a tranquil atmosphere.
3. **City Park**: A sprawling urban park with several lakes, walking trails, and plenty of green space for picnics or relaxation.

**Cultural Attractions:**

1. **Denver Art Museum**: A stunning building with an impressive collection of art from around the world.
2. **History Colorado Center**: Learn about the state's rich history, from prehistoric times to the present day.
3. **Denver Museum of Nature & Science**: Engage with interactive exhibits on science, nature, and culture.

**Food and Drink:**

1. **Larimer Square**: A historic district with upscale shops, restaurants, and bars.
2. **LoDo (Lower Downtown)**: Explore the charming streets, lined with boutique shops, eateries, and breweries.
3. **Denver Central Market**: A hub for local food vendors, offering a variety of artisanal",,,meta-llama/Llama-3.1-8B-Instruct,0e9e39f249a16976918f6564b8830bc894c89659,4bit,auto,256,42,b340cb8e5515cd2fb6ce24379a1777f4cfc3986311aed9819090b97b8a19d0df
a89d7624,IE,single-session-preference,2023/05/30 (Tue) 21:17,hybrid_minmax,10,0.0,0.0,0.0,0.0,0.07920000007288763,4450,4450,251,2,1,True,0,0,0,0,418.3426294820717,979,94,0.3745019920318725,0.636165084354431,0.029626739411479766,0.5677162408828735,0.7624990344047546,0.5,0.2904066114949864,0.0,1.0,False,False,True,True,10048270336,sharegpt_lxjNrXL_11::round_0|sharegpt_uDliw4H_0::round_0|a479a7d6_4::round_0|de11db87_1::round_5|fd778d8e::round_2|99f2f5b1_1::round_4|9d5af57c_2::round_5|a479a7d6_4::round_4|a479a7d6_4::round_2|fd778d8e::round_3,sharegpt_lxjNrXL_11|sharegpt_uDliw4H_0|a479a7d6_4|de11db87_1|fd778d8e|99f2f5b1_1|9d5af57c_2|a479a7d6_4|a479a7d6_4|fd778d8e,4546,163,64708.43589992728,64708.515099927354,"""Take a walk on the wild side, take a walk on the wild side
And when you lose something you can't find
It's just like me, baby, there's no good time
But I can show you, darling, I can show you
How to make the most of your time in Denver, it's a beautiful sight
You can visit the Rockies, or take a stroll down the 16th Street Mall
Or visit the Denver Art Museum, it's a work of art, after all
You can take a brewery tour, or visit the Colorado State Capitol too
There's so much to see and do, in this Mile High City, it's true
So come on, baby, take a walk on the wild side
Take a walk on the wild side...""",,,meta-llama/Llama-3.1-8B-Instruct,0e9e39f249a16976918f6564b8830bc894c89659,4bit,auto,256,42,4683fca64e05b2f753b2c4ada7a118a6aefac81180b456d92a1758595373216e
a89d7624,IE,single-session-preference,2023/05/30 (Tue) 21:17,hybrid_rrf,10,0.0,0.0,0.0,0.0,0.07810000079189194,4234,4234,251,2,1,True,0,0,0,0,418.3426294820717,979,94,0.3745019920318725,0.636165084354431,0.029626739411479766,0.5677162408828735,0.7624990344047546,0.5,0.2904066114949864,0.0,1.0,False,False,True,True,10048270336,sharegpt_lxjNrXL_11::round_0|sharegpt_uDliw4H_0::round_0|a479a7d6_4::round_0|99f2f5b1_1::round_4|fd778d8e::round_2|9d5af57c_2::round_5|de11db87_1::round_5|a479a7d6_4::round_4|a479a7d6_4::round_2|sharegpt_lxjNrXL_11::round_2,sharegpt_lxjNrXL_11|sharegpt_uDliw4H_0|a479a7d6_4|99f2f5b1_1|fd778d8e|9d5af57c_2|de11db87_1|a479a7d6_4|a479a7d6_4|sharegpt_lxjNrXL_11,4330,256,78905.2159000421,78905.2940000429,"""Take a walk on the wild side, take a walk on the wild side
And when you lose something you can't find
It's just like me, baby, there's no good time
Like a rolling stone, you can't define
The way you feel, the way you feel
When you're out on the highway, feeling good
You're a hard road to follow, you're a hard road to follow
You're a hard road to follow, you're a hard road to follow
You're a hard road to follow, you're a hard road to follow
You're a hard road to follow, you're a hard road to follow
You're a hard road to follow, you're a hard road to follow
You're a hard road to follow, you're a hard road to follow
You're a hard road to follow, you're a hard road to follow
You're a hard road to follow, you're a hard road to follow
You're a hard road to follow, you're a hard road to follow
You're a hard road to follow, you're a hard road to follow
You're a hard road to follow, you're a hard road to follow
You're a hard road to follow,",,,meta-llama/Llama-3.1-8B-Instruct,0e9e39f249a16976918f6564b8830bc894c89659,4bit,auto,256,42,7fc2b792b23cda708a7055dc1e21beaab6eaaf742ce196aa15d91033542cb5ad
38146c39,IE,single-session-preference,2023/05/30 (Tue) 20:02,recency,5,0.0,0.0,0.0,0.0,0.016199999663513154,1897,1897,271,1,1,True,0,0,0,0,393.99261992619927,2082,90,0.33210332103321033,0.6378799533931971,0.026825236533931904,0.5771229863166809,0.7186816334724426,0.5,0.29027839309206843,0.0,1.0,False,False,True,True,10048196608,sharegpt_yBVQLaX_15::round_2|sharegpt_yBVQLaX_15::round_1|sharegpt_yBVQLaX_15::round_0|sharegpt_9d6fP4m_81::round_3|sharegpt_9d6fP4m_81::round_2,sharegpt_yBVQLaX_15|sharegpt_yBVQLaX_15|sharegpt_yBVQLaX_15|sharegpt_9d6fP4m_81|sharegpt_9d6fP4m_81,1992,201,150427.74610000197,150427.76230000163,"The information provided does not contain any advice on baking chocolate chip cookies. However, I can suggest some general tips that might be helpful:

1. Consider adding a unique ingredient to give your cookies an extra boost of flavor. Some options could be nuts, dried cranberries, or even a hint of spice like cinnamon or nutmeg.
2. Experiment with different types of chocolate chips or chunks to find the perfect balance of flavor and texture.
3. Pay attention to the ratio of sugar to butter in your cookie dough. A higher ratio of sugar can result in a crisper cookie, while a higher ratio of butter can make the cookies chewier.
4. Don't overbake your cookies. Take them out of the oven when they're lightly golden brown and still slightly soft to the touch.

These are just general suggestions, and the best approach will depend on your personal preferences and the specific recipe you're using. If you have any specific questions or need more detailed advice, feel free to ask.",,,meta-llama/Llama-3.1-8B-Instruct,0e9e39f249a16976918f6564b8830bc894c89659,4bit,auto,256,42,743e2d09b0dbf4f8715ed9ffcf181134f98b56707f1bed128771bc7e05f1ccb2
38146c39,IE,single-session-preference,2023/05/30 (Tue) 20:02,semantic,5,0.0,0.0,0.0,0.0,0.08069999967119657,1514,1514,271,1,1,True,0,0,0,0,393.99261992619927,2082,90,0.33210332103321033,0.6378799533931971,0.026825236533931904,0.5771229863166809,0.7186816334724426,0.5,0.29027839309206843,0.0,1.0,False,False,True,True,10048196608,87aaee77::round_5|467db12a::round_4|286aa281_5::round_2|87472dfd_3::round_1|5806662d_1::round_4,87aaee77|467db12a|286aa281_5|87472dfd_3|5806662d_1,1609,147,94373.01859993022,94373.09929992989,"Based on the memories, I don't see any specific advice on chocolate chip cookies. However, I can suggest some general tips that might be helpful.

In a conversation about baking a cherry clafoutis, the assistant mentioned the importance of experimentation and trying new things in the kitchen. This could be applied to your chocolate chip cookies as well.

You might consider trying different combinations of ingredients, such as adding nuts, dried fruits, or even a hint of spice to give your cookies an extra boost of flavor. Alternatively, you could experiment with different types of chocolate chips or add-ins, like caramel bits or espresso powder.

If you're looking for more specific advice, I'd be happy to try and help you brainstorm some ideas.",,,meta-llama/Llama-3.1-8B-Instruct,0e9e39f249a16976918f6564b8830bc894c89659,4bit,auto,256,42,884574c4ad73f2791e418a486bb2f325415c1607df5cfd60075c937eb6398dc7
38146c39,IE,single-session-preference,2023/05/30 (Tue) 20:02,recency,10,0.0,0.0,0.0,0.0,0.01669999983278103,3437,3437,271,1,1,True,0,0,0,0,393.99261992619927,2082,90,0.33210332103321033,0.6378799533931971,0.026825236533931904,0.5771229863166809,0.7186816334724426,0.5,0.29027839309206843,0.0,1.0,False,False,True,True,10048196608,sharegpt_yBVQLaX_15::round_2|sharegpt_yBVQLaX_15::round_1|sharegpt_yBVQLaX_15::round_0|sharegpt_9d6fP4m_81::round_3|sharegpt_9d6fP4m_81::round_2|sharegpt_9d6fP4m_81::round_1|sharegpt_9d6fP4m_81::round_0|87aaee77::round_5|87aaee77::round_4|87aaee77::round_3,sharegpt_yBVQLaX_15|sharegpt_yBVQLaX_15|sharegpt_yBVQLaX_15|sharegpt_9d6fP4m_81|sharegpt_9d6fP4m_81|sharegpt_9d6fP4m_81|sharegpt_9d6fP4m_81|87aaee77|87aaee77|87aaee77,3532,169,60801.363999955356,60801.38069995519,"You can definitely add some extra flavor and texture to your chocolate chip cookies. Here are a few ideas:

* Try adding a sprinkle of flaky sea salt on top of the cookies before baking. This will add a nice salty flavor and a crunchy texture.
* Consider adding some chopped nuts, like walnuts or pecans, to the dough for added texture and flavor.
* If you want to get a little fancier, you could try adding some espresso powder or instant coffee to the dough. This will give your cookies a mocha flavor and a nice depth of flavor.
* Finally, you could try using a combination of white and brown sugar in the dough. This will give your cookies a slightly different flavor and texture than using just one type of sugar.

I hope these ideas help! Do you have any other questions about baking cookies?",,,meta-llama/Llama-3.1-8B-Instruct,0e9e39f249a16976918f6564b8830bc894c89659,4bit,auto,256,42,320417734c4d8b5f87dd554cb78619da418ff8f3eb8996d9778710fe42a8594e
38146c39,IE,single-session-preference,2023/05/30 (Tue) 20:02,semantic,10,0.0,0.0,0.0,0.0,0.08259999958681874,4565,4565,271,1,1,True,0,0,0,0,393.99261992619927,2082,90,0.33210332103321033,0.6378799533931971,0.026825236533931904,0.5771229863166809,0.7186816334724426,0.5,0.29027839309206843,0.0,1.0,False,False,True,True,10048196608,87aaee77::round_5|467db12a::round_4|286aa281_5::round_2|87472dfd_3::round_1|5806662d_1::round_4|909d57ca_2::round_4|8064b6ca::round_4|87472dfd_3::round_0|87472dfd_3::round_2|15ed03f0_1::round_5,87aaee77|467db12a|286aa281_5|87472dfd_3|5806662d_1|909d57ca_2|8064b6ca|87472dfd_3|87472dfd_3|15ed03f0_1,4660,256,68371.6235999018,68371.70619990138,"Based on the memories provided, there is insufficient information to give specific advice on how to enhance your chocolate chip cookies. However, I can suggest some general tips that might be helpful:

1. **Experiment with mix-ins**: Consider adding different mix-ins like nuts (walnuts, pecans, or hazelnuts), dried fruits (cranberries or cherries), or even candy pieces (M&M's or chopped peanut butter cups) to create unique flavor combinations.
2. **Try a different type of sugar**: Instead of using regular white sugar, try using brown sugar, muscovado sugar, or even honey to add a richer flavor to your cookies.
3. **Adjust the leavening agents**: If you want a chewier cookie, you can reduce the amount of baking powder or baking soda. If you prefer a crisper cookie, you can increase the amount of leavening agents.
4. **Play with the ratio of sugar to butter**: Some people prefer a higher ratio of sugar to butter, while others like it the other way around. Experiment to find the perfect balance for your taste buds.
5. **Consider adding a flavor boost**: Introduce a new flavor dimension by adding a teaspoon of vanilla extract, a pinch of salt, or even a sprinkle of",,,meta-llama/Llama-3.1-8B-Instruct,0e9e39f249a16976918f6564b8830bc894c89659,4bit,auto,256,42,91d38ed896552f2a2575d027ba7cc84466d651271236868aaf85ca5587ddcb31
38146c39,IE,single-session-preference,2023/05/30 (Tue) 20:02,hybrid_minmax,10,0.0,0.0,0.0,0.0,0.08089999937510584,4680,4680,271,1,1,True,0,0,0,0,393.99261992619927,2082,90,0.33210332103321033,0.6378799533931971,0.026825236533931904,0.5771229863166809,0.7186816334724426,0.5,0.29027839309206843,0.0,1.0,False,False,True,True,10048196608,87aaee77::round_5|87aaee77::round_3|87472dfd_3::round_1|87472dfd_3::round_2|87472dfd_3::round_0|87aaee77::round_4|286aa281_5::round_2|87472dfd_3::round_5|ultrachat_321216::round_5|87472dfd_3::round_3,87aaee77|87aaee77|87472dfd_3|87472dfd_3|87472dfd_3|87aaee77|286aa281_5|87472dfd_3|ultrachat_321216|87472dfd_3,4775,187,54118.71379998047,54118.794699979844,"Insufficient information is provided to give a specific answer. However, based on the conversation about the cherry clafoutis, I can suggest some ideas to enhance your chocolate chip cookies.

You could consider adding a unique twist to your cookies, such as:

1. **Brown sugar**: Using brown sugar instead of white sugar can add a richer flavor to your cookies.
2. **Nuts**: Adding chopped nuts like walnuts or pecans can provide a nice texture contrast and flavor combination.
3. **Spices**: Incorporating spices like cinnamon, nutmeg, or cardamom can add depth and warmth to your cookies.
4. **Sea salt**: Sprinkling a pinch of flaky sea salt on top of the cookies before baking can balance the sweetness and add a touch of sophistication.

Feel free to experiment with these ideas or share more information about your cookies, and I'll be happy to provide more tailored advice.",,,meta-llama/Llama-3.1-8B-Instruct,0e9e39f249a16976918f6564b8830bc894c89659,4bit,auto,256,42,0984b47ec10fd9232b3f955d60378abbf983b601256e16cfe11f10eb044f6e93
38146c39,IE,single-session-preference,2023/05/30 (Tue) 20:02,hybrid_rrf,10,0.0,0.0,0.0,0.0,0.08209999941755086,4680,4680,271,1,1,True,0,0,0,0,393.99261992619927,2082,90,0.33210332103321033,0.6378799533931971,0.026825236533931904,0.5771229863166809,0.7186816334724426,0.5,0.29027839309206843,0.0,1.0,False,False,True,True,10048196608,87aaee77::round_5|87aaee77::round_3|87472dfd_3::round_1|87aaee77::round_4|87472dfd_3::round_2|87472dfd_3::round_0|286aa281_5::round_2|87472dfd_3::round_5|87472dfd_3::round_3|ultrachat_321216::round_5,87aaee77|87aaee77|87472dfd_3|87aaee77|87472dfd_3|87472dfd_3|286aa281_5|87472dfd_3|87472dfd_3|ultrachat_321216,4775,187,54638.45130009577,54638.533400095184,"Insufficient information is provided to give a specific answer. However, based on the conversation about the cherry clafoutis, I can suggest some ideas to enhance your chocolate chip cookies.

You could consider adding a unique twist to your cookies, such as:

1. **Brown sugar**: Using brown sugar instead of white sugar can add a richer flavor to your cookies.
2. **Nuts**: Adding chopped nuts like walnuts or pecans can provide a nice texture contrast and flavor combination.
3. **Spices**: Incorporating spices like cinnamon, nutmeg, or cardamom can add depth and warmth to your cookies.
4. **Sea salt**: Sprinkling a pinch of flaky sea salt on top of the cookies before baking can balance the sweetness and add a touch of sophistication.

Feel free to experiment with these ideas or share more information about your cookies, and I'll be happy to provide more tailored advice.",,,meta-llama/Llama-3.1-8B-Instruct,0e9e39f249a16976918f6564b8830bc894c89659,4bit,auto,256,42,0984b47ec10fd9232b3f955d60378abbf983b601256e16cfe11f10eb044f6e93
1da05512,IE,single-session-preference,2023/05/30 (Tue) 15:33,recency,5,0.0,0.0,0.0,0.0,0.015099999473022763,2630,2630,232,2,1,True,0,0,0,0,459.74568965517244,887,99,0.4267241379310345,0.6231730051081756,0.024191938583125887,0.577100396156311,0.702440619468689,0.5,0.29054897658627393,0.0,1.0,False,False,True,True,10048356352,sharegpt_AtnznbL_0::round_0|370bf05f_1::round_5|370bf05f_1::round_4|370bf05f_1::round_3|370bf05f_1::round_2,sharegpt_AtnznbL_0|370bf05f_1|370bf05f_1|370bf05f_1|370bf05f_1,2730,182,131756.86930003576,131756.88440003523,"Based on the provided memories, there is no information about the pros and cons of buying a NAS device. However, considering the context of the conversation about decoupage and ceramics, it seems that the topic of NAS devices is not relevant.

If you're looking for advice on whether to buy a NAS device, I would recommend considering factors such as your storage needs, budget, and the type of files you plan to store. You may also want to research different NAS devices and their features to determine which one best suits your needs.

In the provided memories, there is a mention of a web search result about digital strategy [[2](https://www.cognizant.com/us/en/services/digital-strategy)]. However, this is not directly related to the decision of buying a NAS device.

If you have any specific questions or concerns about NAS devices, I'll do my best to provide a helpful response.",,,meta-llama/Llama-3.1-8B-Instruct,0e9e39f249a16976918f6564b8830bc894c89659,4bit,auto,256,42,b94f02b47740a376731c7a131eb1d98e7e6544d50c814cbd7568e1c6895fc5ee
1da05512,IE,single-session-preference,2023/05/30 (Tue) 15:33,semantic,5,0.0,0.0,0.0,0.0,0.06940000002941815,2040,2040,232,2,1,True,0,0,0,0,459.74568965517244,887,99,0.4267241379310345,0.6231730051081756,0.024191938583125887,0.577100396156311,0.702440619468689,0.5,0.29054897658627393,0.0,1.0,False,False,True,True,10048356352,f2565b3b_2::round_0|f2565b3b_2::round_1|ultrachat_224959::round_2|f2565b3b_2::round_5|aea71da3_2::round_1,f2565b3b_2|f2565b3b_2|ultrachat_224959|f2565b3b_2|aea71da3_2,2139,256,160601.74920002464,160601.81860002468,"Considering the context of the conversations, it seems that the user is interested in technology and gadgets. However, there is no direct information about the user's specific needs or requirements for a NAS device.

Given the user's interest in laptops and smartphones, it's possible that they might be considering a NAS device for storing and sharing files across their devices. However, without more information, it's difficult to provide a specific recommendation.

If I had to make an educated guess, I would say that the user might be considering a NAS device for personal use, such as storing photos, videos, and music files. In this case, it might be worth considering the following factors:

* The user's current storage needs and capacity requirements
* The type of files they plan to store and share
* The level of security and access control they require
* The compatibility of the NAS device with their existing devices and operating systems

Based on these factors, it might be worth considering purchasing a NAS device now if the user has immediate needs and requirements that cannot be met by their current storage solutions. However, if they are unsure about their needs or can wait for a more suitable solution, it might be worth delaying the purchase.

In the context of the provided conversations, it seems that the user is more",,,meta-llama/Llama-3.1-8B-Instruct,0e9e39f249a16976918f6564b8830bc894c89659,4bit,auto,256,42,94764b4c5b82b2f233be94faf2fce9b0ada2dbc95d8a4945276f4f7b83f7717e
1da05512,IE,single-session-preference,2023/05/30 (Tue) 15:33,hybrid_minmax,5,0.0,0.0,0.0,0.0,0.06930000017746352,2228,2228,232,2,1,True,0,0,0,0,459.74568965517244,887,99,0.4267241379310345,0.6231730051081756,0.024191938583125887,0.577100396156311,0.702440619468689,0.5,0.29054897658627393,0.0,1.0,False,False,True,True,10048356352,f2565b3b_2::round_0|f2565b3b_2::round_1|aea71da3_2::round_1|f2565b3b_2::round_5|aea71da3_2::round_2,f2565b3b_2|f2565b3b_2|aea71da3_2|f2565b3b_2|aea71da3_2,2327,187,140312.9881999921,140313.05749999228,"The information provided is insufficient to give a specific recommendation on whether to buy a NAS device now or wait. However, based on the context of the conversation, which was about laptops and a guitar amp, it seems that the user is considering making a purchase. 

Considering the user's interest in laptops and a guitar amp, it's possible that they might be looking to upgrade their home network or storage setup. If that's the case, buying a NAS device now might be a good idea, especially if they're planning to use it for tasks like file sharing, media streaming, or backup. 

On the other hand, if the user is not in immediate need of a NAS device, waiting might be a good option, especially if they're looking for the latest technology or specific features that might be released in the future. 

Without more information about the user's specific needs and circumstances, it's difficult to provide a definitive recommendation.",,,meta-llama/Llama-3.1-8B-Instruct,0e9e39f249a16976918f6564b8830bc894c89659,4bit,auto,256,42,7de16e365f5e8cf512114dec7f314098409ae0d3d5133cb328892dd2b901bc3d
1da05512,IE,single-session-preference,2023/05/30 (Tue) 15:33,hybrid_rrf,5,0.0,0.0,0.0,0.0,0.0855999996929313,2073,2073,232,2,1,True,0,0,0,0,459.74568965517244,887,99,0.4267241379310345,0.6231730051081756,0.024191938583125887,0.577100396156311,0.702440619468689,0.5,0.29054897658627393,0.0,1.0,False,False,True,True,10048356352,aea71da3_2::round_1|370bf05f_1::round_4|aea71da3_2::round_2|aea71da3_2::round_3|f2565b3b_2::round_0,aea71da3_2|370bf05f_1|aea71da3_2|aea71da3_2|f2565b3b_2,2172,162,113353.8974999683,113353.983099968,"The information provided is insufficient to give a specific recommendation on whether to buy a NAS device now or wait. However, based on the context of the conversation, which is about buying a laptop and other electronics, it seems that you are considering making some purchases.

Considering your current laptop is about three years old and slowing down, it might be a good idea to upgrade to a new laptop soon. If you're planning to buy a new laptop, you might also want to consider buying a NAS device at the same time, as it can be a useful addition to your home network.

Since you're already planning to make some purchases, it might be more convenient to buy the NAS device now rather than waiting. However, without more information about your specific needs and budget, it's difficult to give a definitive recommendation.",,,meta-llama/Llama-3.1-8B-Instruct,0e9e39f249a16976918f6564b8830bc894c89659,4bit,auto,256,42,c7b7781aa3d84971af47c487c1212da6145a5928e11b2062dd3c118d4573fa52
1da05512,IE,single-session-preference,2023/05/30 (Tue) 15:33,recency,10,0.0,0.0,0.0,0.0,0.014500000361294951,4532,4532,232,2,1,True,0,0,0,0,459.74568965517244,887,99,0.4267241379310345,0.6231730051081756,0.024191938583125887,0.577100396156311,0.702440619468689,0.5,0.29054897658627393,0.0,1.0,False,False,True,True,10048356352,sharegpt_AtnznbL_0::round_0|370bf05f_1::round_5|370bf05f_1::round_4|370bf05f_1::round_3|370bf05f_1::round_2|370bf05f_1::round_1|370bf05f_1::round_0|aea71da3_2::round_5|aea71da3_2::round_4|aea71da3_2::round_3,sharegpt_AtnznbL_0|370bf05f_1|370bf05f_1|370bf05f_1|370bf05f_1|370bf05f_1|370bf05f_1|aea71da3_2|aea71da3_2|aea71da3_2,4632,256,71930.06349995267,71930.07799995304,"Insufficient information is provided to give a specific recommendation. However, I can provide some general considerations to help you decide.

Buying a NAS (Network-Attached Storage) device now might be a good idea if:

1. You need to store and share files across multiple devices on your network.
2. You want to have a centralized storage solution for your files, making it easier to access and manage them.
3. You're concerned about data security and want to ensure that your files are protected with features like encryption and access controls.

On the other hand, waiting might be a good option if:

1. You're not sure about the specific needs of your network or the types of files you'll be storing.
2. You're on a tight budget and want to wait for prices to drop or for new devices to be released.
3. You're not ready to commit to a specific NAS device or vendor.

To make a more informed decision, consider the following:

1. Assess your current storage needs and identify any gaps or limitations in your existing setup.
2. Research different NAS devices and vendors to determine which one best fits your needs and budget.
3. Consider factors like scalability, performance, and features like backup and replication.
4. Evaluate the costs associated with purchasing and maintaining",,,meta-llama/Llama-3.1-8B-Instruct,0e9e39f249a16976918f6564b8830bc894c89659,4bit,auto,256,42,2c4ea9ed51cea6759df5586d9ed13be89ddf4d8722f48a9abaadc75b6626b43e
1da05512,IE,single-session-preference,2023/05/30 (Tue) 15:33,semantic,10,0.0,0.0,0.0,0.0,0.06940000002941815,4040,4040,232,2,1,True,0,0,0,0,459.74568965517244,887,99,0.4267241379310345,0.6231730051081756,0.024191938583125887,0.577100396156311,0.702440619468689,0.5,0.29054897658627393,0.0,1.0,False,False,True,True,10048356352,f2565b3b_2::round_0|f2565b3b_2::round_1|ultrachat_224959::round_2|f2565b3b_2::round_5|aea71da3_2::round_1|sharegpt_eSTYwMj_14::round_0|sharegpt_eSTYwMj_14::round_1|5dac7cc2_2::round_3|aea71da3_2::round_2|aea71da3_2::round_3,f2565b3b_2|f2565b3b_2|ultrachat_224959|f2565b3b_2|aea71da3_2|sharegpt_eSTYwMj_14|sharegpt_eSTYwMj_14|5dac7cc2_2|aea71da3_2|aea71da3_2,4139,256,69162.78990008868,69162.85930008872,"Based on the conversation, I don't have any specific information about your needs or preferences regarding a NAS device. However, I can provide some general points to consider:

* If you're looking to store and share files across multiple devices, a NAS device can be a great option.
* Consider your current storage needs and whether a NAS device would provide enough capacity for your files.
* Think about the types of files you'll be storing and whether you need features like encryption, backup, or data redundancy.
* If you're planning to use the NAS device for streaming media or other applications, consider the device's performance and compatibility with your devices.

Since I don't have any specific information about your needs or preferences, I would recommend considering your own requirements and doing some research to determine whether a NAS device is the right fit for you.

However, I can suggest some general pros and cons to consider:

Pros:

* Centralized storage and sharing of files across multiple devices
* Scalable storage capacity
* Data backup and redundancy features
* Compatibility with various devices and operating systems

Cons:

* Initial cost of the device and any additional storage or accessories
* Potential complexity in setting up and configuring the device
* Dependence on internet connectivity for remote access and sharing

Ultimately, the",,,meta-llama/Llama-3.1-8B-Instruct,0e9e39f249a16976918f6564b8830bc894c89659,4bit,auto,256,42,b2d4c063f9735c4fd9910e86af1f470a574aaef16aebbe977d163cf9c28f84c1
1da05512,IE,single-session-preference,2023/05/30 (Tue) 15:33,hybrid_minmax,10,0.0,0.0,0.0,0.0,0.07220000043162145,4061,4061,232,2,1,True,0,0,0,0,459.74568965517244,887,99,0.4267241379310345,0.6231730051081756,0.024191938583125887,0.577100396156311,0.702440619468689,0.5,0.29054897658627393,0.0,1.0,False,False,True,True,10048356352,f2565b3b_2::round_0|f2565b3b_2::round_1|aea71da3_2::round_1|f2565b3b_2::round_5|aea71da3_2::round_2|aea71da3_2::round_3|370bf05f_1::round_4|5dac7cc2_2::round_3|370bf05f_1::round_3|aea71da3_2::round_4,f2565b3b_2|f2565b3b_2|aea71da3_2|f2565b3b_2|aea71da3_2|aea71da3_2|370bf05f_1|5dac7cc2_2|370bf05f_1|aea71da3_2,4160,167,54421.272100065835,54421.34430006627,"The information is insufficient to provide a recommendation. However, I can offer some general points to consider:

1. **Current needs**: If you need a NAS device for immediate use, such as for storing and sharing files, it might be a good idea to purchase one now.
2. **Future plans**: If you're planning to upgrade your home network or add more devices in the near future, a NAS device might be a worthwhile investment.
3. **Budget**: Consider your budget and whether purchasing a NAS device now aligns with your financial goals.
4. **Availability**: Check if the NAS device you're interested in is currently available and if there are any promotions or discounts.

To make a more informed decision, consider your specific needs and circumstances. If you have any more questions or need further assistance, feel free to ask.",,,meta-llama/Llama-3.1-8B-Instruct,0e9e39f249a16976918f6564b8830bc894c89659,4bit,auto,256,42,6850122b2eab2e0cea1a2ab210baffa656606297372cd952eb39ac9112848468
1da05512,IE,single-session-preference,2023/05/30 (Tue) 15:33,hybrid_rrf,10,0.0,0.0,0.0,0.0,0.07189999996626284,4371,4371,232,2,1,True,0,0,0,0,459.74568965517244,887,99,0.4267241379310345,0.6231730051081756,0.024191938583125887,0.577100396156311,0.702440619468689,0.5,0.29054897658627393,0.0,1.0,False,False,True,True,10048356352,aea71da3_2::round_1|370bf05f_1::round_4|aea71da3_2::round_2|aea71da3_2::round_3|f2565b3b_2::round_0|f2565b3b_2::round_5|f2565b3b_2::round_1|370bf05f_1::round_3|aea71da3_2::round_4|sharegpt_AtnznbL_0::round_0,aea71da3_2|370bf05f_1|aea71da3_2|aea71da3_2|f2565b3b_2|f2565b3b_2|f2565b3b_2|370bf05f_1|aea71da3_2|sharegpt_AtnznbL_0,4471,256,70834.29329993669,70834.36519993666,"Insufficient information is provided to give a specific recommendation. However, I can provide some general considerations to help you decide.

Buying a NAS (Network-Attached Storage) device can be a good idea if you:

1. Need a centralized storage solution for your files and data.
2. Want to access your files from multiple devices, such as computers, smartphones, or tablets.
3. Need to share files and folders with others, either within your household or with colleagues.
4. Want to back up your important files and data to a secure and reliable storage device.

On the other hand, waiting to buy a NAS device might be a good idea if:

1. You're not sure about the specific needs and requirements of your storage solution.
2. You're on a tight budget and want to explore other options for storing and sharing your files.
3. You're not sure about the compatibility and integration of the NAS device with your existing network and devices.

To make a more informed decision, consider the following questions:

1. What are your specific storage needs and requirements?
2. What type of files and data do you need to store and share?
3. What is your budget for the NAS device and any additional costs, such as storage capacity or accessories?
4. What are",,,meta-llama/Llama-3.1-8B-Instruct,0e9e39f249a16976918f6564b8830bc894c89659,4bit,auto,256,42,6a3d58bb9b628c72060198c54060bd8fa1df9d768370c0300583c086b171e8f8
1c0ddc50,IE,single-session-preference,2023/05/30 (Tue) 13:09,semantic,5,0.0,0.0,0.0,0.0,0.08560000060242601,2106,2106,278,2,1,True,0,0,0,0,383.10791366906477,881,78,0.2805755395683453,0.6575805025992634,0.03442187089276554,0.5737655758857727,0.7930986881256104,0.5,0.290237889594276,0.0,1.0,False,False,True,True,10047737856,2aa70c9c_1::round_3|ultrachat_494933::round_2|a0aa5035::round_3|2aa70c9c_1::round_0|2aa70c9c_1::round_5,2aa70c9c_1|ultrachat_494933|a0aa5035|2aa70c9c_1|2aa70c9c_1,2199,256,173762.7891000593,173762.8747000599,"Based on our previous conversation on May 23, 2023, I can suggest some activities you can do during your commute to work. Here are a few ideas:

**Productive Options:**

1. **Audiobooks and Podcasts:** Listen to educational or engaging content that can help you learn something new or stay informed.
2. **Language Learning:** Take advantage of language learning apps like Duolingo, Babbel, or Rosetta Stone to improve your language skills.
3. **News and Updates:** Catch up on news, industry updates, or listen to educational podcasts related to your field.
4. **Mental Preparation:** Use the time to mentally prepare for the day ahead. Think about your tasks, prioritize your workload, and plan your day.

**Entertainment Options:**

1. **Music and Playlists:** Create a playlist that motivates you to ride or helps you relax.
2. **Storytelling Podcasts:** Engage with engaging storytelling podcasts like ""How I Built This"" or ""Stuff You Should Know"".
3. **Comedy and Humor:** Laugh your way to work with comedy podcasts or audiobooks.
4. **Nature and Relaxation:** Listen to calming sounds, nature sounds, or guided meditation to help you",,,meta-llama/Llama-3.1-8B-Instruct,0e9e39f249a16976918f6564b8830bc894c89659,4bit,auto,256,42,f5ce0e04d384e03bb399f43e746dbd72cc393ff8ab49c6a33793e66545a8db9e
1c0ddc50,IE,single-session-preference,2023/05/30 (Tue) 13:09,hybrid_minmax,5,0.0,0.0,0.0,0.0,0.0822000001790002,1275,1275,278,2,1,True,0,0,0,0,383.10791366906477,881,78,0.2805755395683453,0.6575805025992634,0.03442187089276554,0.5737655758857727,0.7930986881256104,0.5,0.290237889594276,0.0,1.0,False,False,True,True,10047737856,ultrachat_494933::round_2|sharegpt_fVpT6Aa_35::round_6|sharegpt_fVpT6Aa_35::round_5|sharegpt_fVpT6Aa_35::round_3|sharegpt_fVpT6Aa_35::round_4,ultrachat_494933|sharegpt_fVpT6Aa_35|sharegpt_fVpT6Aa_35|sharegpt_fVpT6Aa_35|sharegpt_fVpT6Aa_35,1368,191,81403.23379996698,81403.31599996716,"Considering your interest in stepping out of your comfort zone and building confidence, I'd like to suggest some activities you can do during your commute to work:

1. Listen to a podcast or audiobook: You can learn something new, get inspired, or escape into a story while commuting.
2. Practice public speaking: You can record yourself speaking about a topic you're passionate about and listen to it to improve your delivery.
3. Meditate or practice mindfulness: You can use guided meditation apps or simply focus on your breath to calm your mind and set a positive tone for the day.
4. Learn a new language: You can use language learning apps to start learning a new language and improve your communication skills.
5. Write in a journal: You can reflect on your experiences, goals, and challenges, and gain insights into your thoughts and feelings.

These activities can help you build confidence, challenge yourself, and make the most of your commute time.",,,meta-llama/Llama-3.1-8B-Instruct,0e9e39f249a16976918f6564b8830bc894c89659,4bit,auto,256,42,dd51809e83d5072c92bc1006a23d6dbd35668d420a987aaf7fee18320137aae6
1c0ddc50,IE,single-session-preference,2023/05/30 (Tue) 13:09,recency,10,0.0,0.0,0.0,0.0,0.017699999261822086,1884,1884,278,2,1,True,0,0,0,0,383.10791366906477,881,78,0.2805755395683453,0.6575805025992634,0.03442187089276554,0.5737655758857727,0.7930986881256104,0.5,0.290237889594276,0.0,1.0,False,False,True,True,10047737856,sharegpt_fVpT6Aa_35::round_10|sharegpt_fVpT6Aa_35::round_9|sharegpt_fVpT6Aa_35::round_8|sharegpt_fVpT6Aa_35::round_7|sharegpt_fVpT6Aa_35::round_6|sharegpt_fVpT6Aa_35::round_5|sharegpt_fVpT6Aa_35::round_4|sharegpt_fVpT6Aa_35::round_3|sharegpt_fVpT6Aa_35::round_2|sharegpt_fVpT6Aa_35::round_1,sharegpt_fVpT6Aa_35|sharegpt_fVpT6Aa_35|sharegpt_fVpT6Aa_35|sharegpt_fVpT6Aa_35|sharegpt_fVpT6Aa_35|sharegpt_fVpT6Aa_35|sharegpt_fVpT6Aa_35|sharegpt_fVpT6Aa_35|sharegpt_fVpT6Aa_35|sharegpt_fVpT6Aa_35,1977,182,124497.57280002814,124497.5905000274,"Based on the memories provided, there is no direct information about activities for commuting to work. However, considering the context of the conversation, which is about a card game called Crinklewitch, I can suggest some activities that might be relevant:

1. Reading: You could read a book, article, or even a script for a card game like Crinklewitch.
2. Listening to music or podcasts: You could listen to your favorite music or podcasts while commuting.
3. Solving puzzles or playing games: You could bring a puzzle book or play games on your phone, like a card game similar to Crinklewitch.
4. Daydreaming or planning: You could use the time to daydream, plan your day, or think about your favorite card game, Crinklewitch.

Please note that these suggestions are based on the context of the conversation and might not be directly related to the question.",,,meta-llama/Llama-3.1-8B-Instruct,0e9e39f249a16976918f6564b8830bc894c89659,4bit,auto,256,42,9a0bf30a284c83b66cb19d6d6cf72a3995ee6d13c566dbecde5fb99a975e94cf
1c0ddc50,IE,single-session-preference,2023/05/30 (Tue) 13:09,semantic,10,0.0,0.0,0.0,0.0,0.08479999996779952,4613,4613,278,2,1,True,0,0,0,0,383.10791366906477,881,78,0.2805755395683453,0.6575805025992634,0.03442187089276554,0.5737655758857727,0.7930986881256104,0.5,0.290237889594276,0.0,1.0,False,False,True,True,10047737856,2aa70c9c_1::round_3|ultrachat_494933::round_2|a0aa5035::round_3|2aa70c9c_1::round_0|2aa70c9c_1::round_5|b33e89b5_1::round_3|2aa70c9c_1::round_4|0a7d5bf6_2::round_1|2aa70c9c_1::round_2|2566382f_2::round_3,2aa70c9c_1|ultrachat_494933|a0aa5035|2aa70c9c_1|2aa70c9c_1|b33e89b5_1|2aa70c9c_1|0a7d5bf6_2|2aa70c9c_1|2566382f_2,4706,256,63764.21070005745,63764.295500057415,"Based on the conversation, here are some activities you can do during your commute to work:

1. **Listen to podcasts or audiobooks**: You can listen to educational or engaging content that can help you learn something new or stay informed.
2. **Language learning**: Take advantage of language learning apps like Duolingo, Babbel, or Rosetta Stone to improve your language skills.
3. **News and updates**: Catch up on news, industry updates, or listen to educational podcasts related to your field.
4. **Mental preparation**: Use the time to mentally prepare for the day ahead. Think about your tasks, prioritize your workload, and plan your day.
5. **Music and playlists**: Create a playlist that motivates you to ride or helps you relax.
6. **Car karaoke**: Sing along to your favorite songs and have a blast belting out tunes together.
7. **20 Questions**: One person thinks of a person, place, or thing, and the others ask yes or no questions to try to guess what it is.
8. **Journaling**: Write down your thoughts, feelings, and concerns for 10-15 minutes. This can help you process your emotions and gain clarity on your priorities.
9. **Stretching or",,,meta-llama/Llama-3.1-8B-Instruct,0e9e39f249a16976918f6564b8830bc894c89659,4bit,auto,256,42,ffb361d80bfab0bcab9342ab3ba742050ed5ad1f7e265cee0e591daba18d4569
1c0ddc50,IE,single-session-preference,2023/05/30 (Tue) 13:09,hybrid_raw,10,0.0,0.0,0.0,0.0,0.08100000013655517,1884,1884,278,2,1,True,0,0,0,0,383.10791366906477,881,78,0.2805755395683453,0.6575805025992634,0.03442187089276554,0.5737655758857727,0.7930986881256104,0.5,0.290237889594276,0.0,1.0,False,False,True,True,10047737856,sharegpt_fVpT6Aa_35::round_6|sharegpt_fVpT6Aa_35::round_10|sharegpt_fVpT6Aa_35::round_5|sharegpt_fVpT6Aa_35::round_4|sharegpt_fVpT6Aa_35::round_3|sharegpt_fVpT6Aa_35::round_2|sharegpt_fVpT6Aa_35::round_9|sharegpt_fVpT6Aa_35::round_1|sharegpt_fVpT6Aa_35::round_7|sharegpt_fVpT6Aa_35::round_8,sharegpt_fVpT6Aa_35|sharegpt_fVpT6Aa_35|sharegpt_fVpT6Aa_35|sharegpt_fVpT6Aa_35|sharegpt_fVpT6Aa_35|sharegpt_fVpT6Aa_35|sharegpt_fVpT6Aa_35|sharegpt_fVpT6Aa_35|sharegpt_fVpT6Aa_35|sharegpt_fVpT6Aa_35,1977,182,124939.03709994629,124939.11809994643,"Based on the memories provided, there is no direct information about activities for commuting to work. However, considering the context of the conversation, which is about a card game called Crinklewitch, I can suggest some activities that might be relevant:

1. Reading: You could read a book, article, or even a script for a card game like Crinklewitch.
2. Listening to music or podcasts: You could listen to your favorite music or podcasts while commuting.
3. Solving puzzles or playing games: You could bring a puzzle book or play games on your phone, like a card game similar to Crinklewitch.
4. Daydreaming or planning: You could use the time to daydream, plan your day, or think about your favorite card game, Crinklewitch.

Please note that these suggestions are based on the context of the conversation and might not be directly related to the question.",,,meta-llama/Llama-3.1-8B-Instruct,0e9e39f249a16976918f6564b8830bc894c89659,4bit,auto,256,42,9a0bf30a284c83b66cb19d6d6cf72a3995ee6d13c566dbecde5fb99a975e94cf
1c0ddc50,IE,single-session-preference,2023/05/30 (Tue) 13:09,hybrid_minmax,10,0.0,0.0,0.0,0.0,0.08649999927001772,2352,2352,278,2,1,True,0,0,0,0,383.10791366906477,881,78,0.2805755395683453,0.6575805025992634,0.03442187089276554,0.5737655758857727,0.7930986881256104,0.5,0.290237889594276,0.0,1.0,False,False,True,True,10047737856,ultrachat_494933::round_2|sharegpt_fVpT6Aa_35::round_6|sharegpt_fVpT6Aa_35::round_5|sharegpt_fVpT6Aa_35::round_3|sharegpt_fVpT6Aa_35::round_4|sharegpt_fVpT6Aa_35::round_2|sharegpt_fVpT6Aa_35::round_10|sharegpt_fVpT6Aa_35::round_1|sharegpt_fVpT6Aa_35::round_0|ultrachat_387846::round_4,ultrachat_494933|sharegpt_fVpT6Aa_35|sharegpt_fVpT6Aa_35|sharegpt_fVpT6Aa_35|sharegpt_fVpT6Aa_35|sharegpt_fVpT6Aa_35|sharegpt_fVpT6Aa_35|sharegpt_fVpT6Aa_35|sharegpt_fVpT6Aa_35|ultrachat_387846,2445,256,184824.8978999909,184824.98439999018,"Based on our previous conversations, I'd be happy to suggest some activities you can do during your commute to work. Here are a few ideas:

1. Listen to a podcast or audiobook: You can learn something new, get entertained, or escape into a different world while commuting.
2. Practice public speaking: You can record yourself speaking and listen to it to improve your tone, pace, and confidence.
3. Learn a new language: You can use language learning apps like Duolingo to learn a new language and improve your communication skills.
4. Meditate or practice mindfulness: You can use guided meditation apps like Headspace or Calm to reduce stress and improve your mental well-being.
5. Read a book: You can bring a physical book or use an e-reader to read a book during your commute.
6. Take a power nap: If you're feeling tired, you can take a short power nap to recharge and feel refreshed.
7. Do some stretching or yoga: You can do some simple stretches or yoga poses to loosen up your muscles and improve your flexibility.
8. Listen to music or podcasts with a friend: You can catch up with a friend or family member and make the commute more enjoyable.

These are just a few ideas, but you can",,,meta-llama/Llama-3.1-8B-Instruct,0e9e39f249a16976918f6564b8830bc894c89659,4bit,auto,256,42,df82153a850a7b225aab9933f6ba18dcf4244b3bcfad567ec3361dd22f202ae5
1c0ddc50,IE,single-session-preference,2023/05/30 (Tue) 13:09,hybrid_rrf,10,0.0,0.0,0.0,0.0,0.08419999994657701,2192,2192,278,2,1,True,0,0,0,0,383.10791366906477,881,78,0.2805755395683453,0.6575805025992634,0.03442187089276554,0.5737655758857727,0.7930986881256104,0.5,0.290237889594276,0.0,1.0,False,False,True,True,10047737856,sharegpt_fVpT6Aa_35::round_6|sharegpt_fVpT6Aa_35::round_5|sharegpt_fVpT6Aa_35::round_3|sharegpt_fVpT6Aa_35::round_4|sharegpt_fVpT6Aa_35::round_2|sharegpt_fVpT6Aa_35::round_10|ultrachat_494933::round_2|sharegpt_fVpT6Aa_35::round_1|sharegpt_fVpT6Aa_35::round_9|sharegpt_fVpT6Aa_35::round_0,sharegpt_fVpT6Aa_35|sharegpt_fVpT6Aa_35|sharegpt_fVpT6Aa_35|sharegpt_fVpT6Aa_35|sharegpt_fVpT6Aa_35|sharegpt_fVpT6Aa_35|ultrachat_494933|sharegpt_fVpT6Aa_35|sharegpt_fVpT6Aa_35|sharegpt_fVpT6Aa_35,2285,256,198413.33930008113,198413.4235000811,"Based on our previous conversation, I suggested activities that can help you step out of your comfort zone, such as trying a new hobby, attending social events, volunteering, public speaking, and traveling. However, since you're asking about activities for your commute to work, I'll provide some suggestions that are more suitable for that context.

Here are some ideas:

1. Listen to a podcast or audiobook: You can learn something new, get inspired, or simply enjoy a good story.
2. Practice mindfulness or meditation: Take a few minutes to breathe, relax, and focus on the present moment.
3. Learn a new language: Use language learning apps like Duolingo to improve your skills and expand your vocabulary.
4. Read a book or article: Catch up on the latest news, fiction, or non-fiction, and expand your knowledge.
5. Take a power nap: If you're feeling tired, a short nap can help you recharge and feel more alert.
6. Engage in a hobby: If you have a hobby that you enjoy, like drawing or knitting, you can work on it during your commute.
7. Listen to music or podcasts with a friend: If you're commuting with a friend, you can listen to music or podcasts together and discuss them",,,meta-llama/Llama-3.1-8B-Instruct,0e9e39f249a16976918f6564b8830bc894c89659,4bit,auto,256,42,c31951e1097180d0fbccf881b01426791b29ca38a476121d88a231554e57b0ba
0a34ad58,IE,single-session-preference,2023/05/30 (Tue) 22:40,semantic,5,1.0,1.0,1.0,1.0,0.07230000028357608,2802,2802,243,2,1,True,0,0,0,0,433.5432098765432,873,92,0.3786008230452675,0.6375085314114889,0.03199815029258229,0.5605149865150452,0.7451519966125488,0.5,0.2904638309221483,0.0,1.0,False,False,True,True,10047737856,answer_cebb7159::round_1|answer_cebb7159::round_9|answer_cebb7159::round_3|answer_cebb7159::round_2|answer_cebb7159::round_8,answer_cebb7159|answer_cebb7159|answer_cebb7159|answer_cebb7159|answer_cebb7159,2898,256,68588.86070002336,68588.93300002365,"Considering the memories provided, here are some helpful tips for getting around Tokyo:

1. **Use your Suica card**: As you've already obtained a Suica card, make sure to use it for traveling on public transportation, such as trains and buses. It's a convenient and cost-effective way to get around the city.
2. **Plan your route**: Use a transit app or Google Maps to find the best route to your destination. This will help you avoid confusion and ensure you arrive at your destination on time.
3. **Check the schedule**: Verify the schedule for trains and buses to ensure you catch the right one. Some trains and buses may have limited hours or operate on specific schedules.
4. **Ask for help**: If you're unsure about the fare or need assistance, don't hesitate to ask station staff or a local for help. They'll be happy to guide you.
5. **Be mindful of your belongings**: As you'll be traveling in crowded areas, keep an eye on your belongings and be mindful of your surroundings.
6. **Download necessary apps**: Consider downloading transit apps like Google Maps or Hyperdia to help you navigate Tokyo's public transportation system.
7. **Exchange currency**: Make sure to exchange some currency for yen, as some places may",,,meta-llama/Llama-3.1-8B-Instruct,0e9e39f249a16976918f6564b8830bc894c89659,4bit,auto,256,42,4b3e231298f05f571f28af23e44c011366d5ba1a35615cfa9f1711bd5da1f85b
0a34ad58,IE,single-session-preference,2023/05/30 (Tue) 22:40,hybrid_minmax,5,0.0,0.0,0.0,0.0,0.07240000013553072,3097,3097,243,2,1,True,0,0,0,0,433.5432098765432,873,92,0.3786008230452675,0.6375085314114889,0.03199815029258229,0.5605149865150452,0.7451519966125488,0.5,0.2904638309221483,0.0,1.0,False,False,True,True,10047737856,5c0574b1::round_0|90342357_3::round_3|38e81260_1::round_2|5c0574b1::round_3|5c0574b1::round_1,5c0574b1|90342357_3|38e81260_1|5c0574b1|5c0574b1,3193,237,117006.40219997149,117006.47459997163,"Unfortunately, the memories do not contain any information about Tokyo. However, I can provide you with some general tips that might be helpful:

1. **Learn some basic Japanese phrases:** While many Tokyo residents speak some English, it's still a good idea to learn basic phrases like ""konnichiwa"" (hello), ""arigatou"" (thank you), and ""sumimasen"" (excuse me).
2. **Get a Suica or Pasmo card:** These prepaid cards can be used to ride the Tokyo Metro and buses, making it easier to get around the city.
3. **Download a transit app:** Apps like Google Maps or Hyperdia can help you navigate Tokyo's complex public transportation system.
4. **Explore different neighborhoods:** Tokyo has many unique neighborhoods, each with its own character and attractions. Take some time to explore areas like Shibuya, Harajuku, and Asakusa.
5. **Be prepared for crowds:** Tokyo is a bustling city, and you can expect to encounter crowds at popular attractions and transportation hubs.

If you have any specific questions or concerns about getting around Tokyo, I'd be happy to try and help.",,,meta-llama/Llama-3.1-8B-Instruct,0e9e39f249a16976918f6564b8830bc894c89659,4bit,auto,256,42,44467442c461a6f5b11d7992b2a1017f25155598c1bcce74d7b3df6888bb70a5
0a34ad58,IE,single-session-preference,2023/05/30 (Tue) 22:40,hybrid_rrf,5,0.0,0.0,0.0,0.0,0.0729000003047986,3097,3097,243,2,1,True,0,0,0,0,433.5432098765432,873,92,0.3786008230452675,0.6375085314114889,0.03199815029258229,0.5605149865150452,0.7451519966125488,0.5,0.2904638309221483,0.0,1.0,False,False,True,True,10047737856,5c0574b1::round_0|5c0574b1::round_3|90342357_3::round_3|38e81260_1::round_2|5c0574b1::round_1,5c0574b1|5c0574b1|90342357_3|38e81260_1|5c0574b1,3193,237,116740.59479997959,116740.6676999799,"Unfortunately, the memories do not contain any information about Tokyo. However, I can provide you with some general tips that might be helpful:

1. **Learn some basic Japanese phrases:** While many Tokyo residents speak some English, it's still a good idea to learn basic phrases like ""konnichiwa"" (hello), ""arigatou"" (thank you), and ""sumimasen"" (excuse me).
2. **Get a Suica or Pasmo card:** These prepaid cards can be used to ride the Tokyo Metro and buses, making it easier to get around the city.
3. **Download a transit app:** Apps like Google Maps or Hyperdia can help you navigate Tokyo's complex public transportation system.
4. **Explore different neighborhoods:** Tokyo has many unique neighborhoods, each with its own character and attractions. Take some time to explore areas like Shibuya, Harajuku, and Asakusa.
5. **Be prepared for crowds:** Tokyo is a bustling city, and you can expect to encounter crowds at popular attractions and transportation hubs.

If you have any specific questions or concerns about getting around Tokyo, I'd be happy to try and help.",,,meta-llama/Llama-3.1-8B-Instruct,0e9e39f249a16976918f6564b8830bc894c89659,4bit,auto,256,42,44467442c461a6f5b11d7992b2a1017f25155598c1bcce74d7b3df6888bb70a5
0a34ad58,IE,single-session-preference,2023/05/30 (Tue) 22:40,recency,10,0.0,0.0,0.0,0.0,0.0152000002344721,6349,6349,243,2,1,True,0,0,0,0,433.5432098765432,873,92,0.3786008230452675,0.6375085314114889,0.03199815029258229,0.5605149865150452,0.7451519966125488,0.5,0.2904638309221483,0.0,1.0,False,False,True,True,10047737856,5c0574b1::round_5|5c0574b1::round_4|5c0574b1::round_3|5c0574b1::round_2|5c0574b1::round_1|5c0574b1::round_0|38e81260_1::round_5|38e81260_1::round_4|38e81260_1::round_3|38e81260_1::round_2,5c0574b1|5c0574b1|5c0574b1|5c0574b1|5c0574b1|5c0574b1|38e81260_1|38e81260_1|38e81260_1|38e81260_1,6445,256,87091.16139996331,87091.17659996354,"Tokyo can be overwhelming, especially for first-time visitors. Here are some helpful tips to make your trip smoother:

1.  **Purchase a Suica or Pasmo card:** These prepaid cards can be used to ride the metro, buses, and some trains. They're convenient and save you time.
2.  **Download the Tokyo Metro app:** This app provides a map of the metro system, helps you plan your route, and offers real-time updates.
3.  **Learn basic Japanese phrases:** While many Tokyo residents speak some English, it's always appreciated when visitors make an effort to communicate in Japanese.
4.  **Carry cash:** While credit cards are widely accepted, some smaller shops and restaurants may only accept cash.
5.  **Be prepared for crowds:** Tokyo is a bustling city, and you'll likely encounter crowds at popular attractions and train stations.
6.  **Respect local customs:** Remove your shoes before entering some temples or traditional homes, and avoid eating while walking or in some public places.
7.  **Stay hydrated:** Tokyo's summer heat and humidity can be intense, so make sure to drink plenty of water throughout the day.
8.  **Take breaks:** Tokyo's pace can be exhausting, so take time to rest",,,meta-llama/Llama-3.1-8B-Instruct,0e9e39f249a16976918f6564b8830bc894c89659,4bit,auto,256,42,e0772850ac3a53025ec3da7b435f6a55a0677ce73369d4754ce3cc135c88ba82
0a34ad58,IE,single-session-preference,2023/05/30 (Tue) 22:40,semantic,10,1.0,1.0,1.0,1.0,0.07199999981821747,5581,5581,243,2,1,True,0,0,0,0,433.5432098765432,873,92,0.3786008230452675,0.6375085314114889,0.03199815029258229,0.5605149865150452,0.7451519966125488,0.5,0.2904638309221483,0.0,1.0,False,False,True,True,10047737856,answer_cebb7159::round_1|answer_cebb7159::round_9|answer_cebb7159::round_3|answer_cebb7159::round_2|answer_cebb7159::round_8|answer_cebb7159::round_4|5c0574b1::round_0|answer_cebb7159::round_7|answer_cebb7159::round_0|answer_cebb7159::round_6,answer_cebb7159|answer_cebb7159|answer_cebb7159|answer_cebb7159|answer_cebb7159|answer_cebb7159|5c0574b1|answer_cebb7159|answer_cebb7159|answer_cebb7159,5677,256,145757.8732999973,145757.9452999971,"Getting around Tokyo can be intimidating at first, but with some preparation and insider knowledge, you'll be navigating like a pro in no time. Here are some helpful tips to make your Tokyo adventure smoother:

1. **Get familiar with the train system:** Tokyo's train network is extensive, but it can be overwhelming at first. Take some time to study the maps and learn the basic routes. You can also download the Tokyo Metro app or Google Maps to help you navigate.
2. **Buy a Suica or Pasmo card:** These prepaid IC cards are a convenient way to pay for train fares and can be used on most public transportation in Tokyo. You can purchase them at train stations or convenience stores.
3. **Learn basic Japanese phrases:** While many Tokyo residents speak some English, it's always appreciated when visitors make an effort to communicate in Japanese. Learn basic phrases like ""konnichiwa"" (hello), ""arigatou"" (thank you), and ""sumimasen"" (excuse me).
4. **Download ride-hailing apps:** Services like Uber and Lyft are available in Tokyo, but you can also use local ride-hailing apps like JapanTaxi or Uber Japan.
5. **Explore on foot:** Tokyo's neighborhoods are often compact and",,,meta-llama/Llama-3.1-8B-Instruct,0e9e39f249a16976918f6564b8830bc894c89659,4bit,auto,256,42,4e3d50839051b33d912a9e075ba7056fcbadb50e3323a4e6590d60c4e5dc9e64
195a1a1b,IE,single-session-preference,2023/05/30 (Tue) 22:28,recency,5,0.0,0.0,1.0,0.0,0.015900000107649248,2392,2392,258,1,1,True,0,0,0,0,406.8255813953488,5449,85,0.32945736434108525,0.6464769368947938,0.03286726498328639,0.5829370021820068,0.7541842460632324,0.5,0.2903594657633106,0.0,1.0,False,False,True,True,10048356352,answer_6dc4305e::round_7|answer_6dc4305e::round_6|answer_6dc4305e::round_5|answer_6dc4305e::round_4|answer_6dc4305e::round_3,answer_6dc4305e|answer_6dc4305e|answer_6dc4305e|answer_6dc4305e|answer_6dc4305e,2484,256,181302.79300000984,181302.80890000996,"Based on our conversation, I'd be happy to suggest some activities you can do in the evening to help you relax and unwind before bed. Here are a few ideas:

1. **Meditation**: Try the ""Body Scan"" meditation by Insight Timer, or explore other guided meditations on apps like Headspace or Calm.
2. **Reading**: Choose a book that's not too stimulating or exciting, and read for a bit before bed.
3. **Listening to music**: Put on some calming music or nature sounds to help you relax.
4. **Taking a warm bath**: Fill your bathtub with warm water, add some calming essential oils, and soak for a bit before bed.
5. **Practicing yoga**: Try some gentle stretches or yoga poses to help you relax and prepare for sleep.
6. **Writing in a journal**: Reflect on your day, write down your thoughts and feelings, and clear your mind before bed.
7. **Doing some light drawing or coloring**: Engage your creative side and do some light drawing or coloring to help you relax.
8. **Taking a short walk**: Get some fresh air, take a short walk, and enjoy the evening scenery before bed.

Remember to keep these activities calming and relaxing, and avoid anything",,,meta-llama/Llama-3.1-8B-Instruct,0e9e39f249a16976918f6564b8830bc894c89659,4bit,auto,256,42,d03fadc84ef2234b22c79cf3fcc07ab112b1617d176f6818889e9c12394859ee
195a1a1b,IE,single-session-preference,2023/05/30 (Tue) 22:28,semantic,5,1.0,1.0,1.0,1.0,0.07699999969190685,3001,3001,258,1,1,True,0,0,0,0,406.8255813953488,5449,85,0.32945736434108525,0.6464769368947938,0.03286726498328639,0.5829370021820068,0.7541842460632324,0.5,0.2903594657633106,0.0,1.0,False,False,True,True,10048356352,ed9dad6c_2::round_0|answer_6dc4305e::round_2|9f12daa1_1::round_1|89a1800c_2::round_2|9b90460f_3::round_4,ed9dad6c_2|answer_6dc4305e|9f12daa1_1|89a1800c_2|9b90460f_3,3093,185,55867.88599996362,55867.96299996331,"Based on the conversation, here are some activities you can do in the evening to unwind and prepare for a good night's sleep:

1. Reading: Pick a book that's not too engaging or stimulating.
2. Meditation: Use a guided meditation app like Headspace, Calm, or Insight Timer.
3. Deep breathing exercises: Focus on slow, deep breaths to calm your nervous system.
4. Yoga or stretching: Gentle stretches to relax your muscles.
5. Listening to soothing music: Calming music or nature sounds can help you unwind.
6. Journaling: Write in a journal to clear your mind and reflect on your day.
7. Preparing your sleep environment: Make your bedroom a sleep sanctuary by ensuring it's dark, quiet, and at a comfortable temperature.

Remember to avoid stimulating activities, such as exercise or intense conversations, and put away electronic devices at least 30 minutes before bedtime.",,,meta-llama/Llama-3.1-8B-Instruct,0e9e39f249a16976918f6564b8830bc894c89659,4bit,auto,256,42,564bee32c3ef8d452ca78d41660c9e8ad34050b4942153de97c398a25c8ecc32
195a1a1b,IE,single-session-preference,2023/05/30 (Tue) 22:28,hybrid_raw,5,1.0,1.0,1.0,1.0,0.07350000032602111,2812,2812,258,1,1,True,0,0,0,0,406.8255813953488,5449,85,0.32945736434108525,0.6464769368947938,0.03286726498328639,0.5829370021820068,0.7541842460632324,0.5,0.2903594657633106,0.0,1.0,False,False,True,True,10048356352,answer_6dc4305e::round_2|answer_6dc4305e::round_3|answer_6dc4305e::round_4|answer_6dc4305e::round_1|answer_6dc4305e::round_6,answer_6dc4305e|answer_6dc4305e|answer_6dc4305e|answer_6dc4305e|answer_6dc4305e,2904,248,67467.69610000774,67467.76960000806,"Based on our previous conversation, I suggested a wind-down schedule to help you relax and prepare for a good night's sleep. Here are some activities you can consider doing in the evening:

1. **Reading**: Choose a book that's not too engaging or stimulating, and read for 20-30 minutes before bed.
2. **Listening to soothing music**: Calming music or nature sounds can help you unwind.
3. **Yoga or stretching**: Gentle stretches can help relax your muscles and prepare your body for sleep.
4. **Journaling**: Writing in a journal can help you clear your mind and process your thoughts before bed.
5. **Drawing or painting**: Engage in a creative activity that helps you relax and express yourself.
6. **Taking a warm bath**: A warm bath can help you relax and prepare your body for sleep.
7. **Practicing gratitude**: Reflect on your day and think about things you're grateful for.
8. **Doing a puzzle or playing a calming game**: Engage in a low-key activity that helps you relax and unwind.

Remember to avoid stimulating activities, such as watching TV, scrolling through your phone, or engaging in intense conversations, at least an hour before bedtime.",,,meta-llama/Llama-3.1-8B-Instruct,0e9e39f249a16976918f6564b8830bc894c89659,4bit,auto,256,42,3f2682d49545cf933b93f2050ac2540117fe412786548180e8a96897e011f937
195a1a1b,IE,single-session-preference,2023/05/30 (Tue) 22:28,hybrid_minmax,5,1.0,1.0,1.0,1.0,0.07759999971312936,3221,3221,258,1,1,True,0,0,0,0,406.8255813953488,5449,85,0.32945736434108525,0.6464769368947938,0.03286726498328639,0.5829370021820068,0.7541842460632324,0.5,0.2903594657633106,0.0,1.0,False,False,True,True,10048356352,answer_6dc4305e::round_2|ed9dad6c_2::round_0|9f12daa1_1::round_1|answer_6dc4305e::round_3|9f12daa1_1::round_5,answer_6dc4305e|ed9dad6c_2|9f12daa1_1|answer_6dc4305e|9f12daa1_1,3313,255,76749.82899997849,76749.9065999782,"Based on the conversation, it seems that you're looking for activities to do in the evening to help you unwind and prepare for a good night's sleep. Considering your preferences, here are some suggestions:

1. **Reading**: Pick a book that's not too engaging or stimulating, and read for 20-30 minutes before bed.
2. **Meditation**: Use a guided meditation app like Headspace, Calm, or Insight Timer, or try a free resource like Guided Meditation by Andrew Weil.
3. **Deep breathing exercises**: Focus on slow, deep breaths to calm your nervous system.
4. **Yoga or stretching**: Gentle stretches to relax your muscles.
5. **Listening to soothing music**: Calming music or nature sounds can help you unwind.
6. **Journaling**: Write in a journal to clear your mind and reflect on your day.
7. **Nature walk**: Take a short, gentle walk outside to connect with nature and calm your mind.
8. **Tea or herbal infusion**: Enjoy a calming tea or herbal infusion, such as chamomile or lavender, to promote relaxation.

Remember to establish a consistent bedtime routine and avoid stimulating activities, like exercise or intense conversations, at least an hour before bedtime.",,,meta-llama/Llama-3.1-8B-Instruct,0e9e39f249a16976918f6564b8830bc894c89659,4bit,auto,256,42,ed78bc26ec5471508b41275e7efb1bf955e15fea827ae624cff991c088f15b6c
195a1a1b,IE,single-session-preference,2023/05/30 (Tue) 22:28,hybrid_rrf,5,1.0,1.0,1.0,1.0,0.11489999997138511,3149,3149,258,1,1,True,0,0,0,0,406.8255813953488,5449,85,0.32945736434108525,0.6464769368947938,0.03286726498328639,0.5829370021820068,0.7541842460632324,0.5,0.2903594657633106,0.0,1.0,False,False,True,True,10048356352,answer_6dc4305e::round_2|answer_6dc4305e::round_3|ed9dad6c_2::round_0|answer_6dc4305e::round_1|answer_6dc4305e::round_4,answer_6dc4305e|answer_6dc4305e|ed9dad6c_2|answer_6dc4305e|answer_6dc4305e,3241,256,71308.75979992561,71308.87469992558,"Based on our previous conversation, I'd be happy to suggest some activities you can do in the evening to unwind and prepare for a good night's sleep.

Considering your preference for winding down by 9:30 pm, here are some activities you can consider:

1. **Reading**: Pick a book that's not too engaging or stimulating, and read for 20-30 minutes before bed.
2. **Listening to soothing music**: Calming music or nature sounds can help you relax and unwind.
3. **Meditation or deep breathing exercises**: Use a guided meditation app or resource to help you relax and prepare for sleep.
4. **Journaling**: Write down your thoughts, feelings, and gratitudes to clear your mind and process your day.
5. **Yoga or stretching**: Gentle stretches can help you relax and release tension in your body.
6. **Taking a warm bath**: Soak in a warm bath with Epsom salts or essential oils to relax your muscles and calm your mind.
7. **Practicing gratitude**: Reflect on your day and think about the things you're grateful for.
8. **Watching a calming movie or TV show**: Choose a show or movie that's not too stimulating or intense, and watch it before bed.",,,meta-llama/Llama-3.1-8B-Instruct,0e9e39f249a16976918f6564b8830bc894c89659,4bit,auto,256,42,8ea786807df266fd519b56c82fb360c0c7d158964e13bd5fb9fde3882e8ef0ea
195a1a1b,IE,single-session-preference,2023/05/30 (Tue) 22:28,recency,10,1.0,1.0,1.0,1.0,0.015700000403739978,5032,5032,258,1,1,True,0,0,0,0,406.8255813953488,5449,85,0.32945736434108525,0.6464769368947938,0.03286726498328639,0.5829370021820068,0.7541842460632324,0.5,0.2903594657633106,0.0,1.0,False,False,True,True,10048356352,answer_6dc4305e::round_7|answer_6dc4305e::round_6|answer_6dc4305e::round_5|answer_6dc4305e::round_4|answer_6dc4305e::round_3|answer_6dc4305e::round_2|answer_6dc4305e::round_1|answer_6dc4305e::round_0|eaebcc81_2::round_5|eaebcc81_2::round_4,answer_6dc4305e|answer_6dc4305e|answer_6dc4305e|answer_6dc4305e|answer_6dc4305e|answer_6dc4305e|answer_6dc4305e|answer_6dc4305e|eaebcc81_2|eaebcc81_2,5124,256,82122.86020000465,82122.87590000505,"Based on our previous conversation, I'd be happy to suggest some activities that you can do in the evening to unwind and prepare for a good night's sleep.

Considering your interest in meditation and relaxation, here are some activities that you might enjoy:

1. **Reading**: Choose a book that's not too engaging or stimulating, and read for 20-30 minutes before bed.
2. **Listening to soothing music**: Put on some calming music or nature sounds to help you relax.
3. **Yoga or stretching**: Practice some gentle stretches or yoga poses to release tension and calm your mind.
4. **Journaling**: Write down your thoughts, feelings, and gratitudes to process your day and clear your mind.
5. **Drawing or sketching**: Engage in some creative expression to relax and unwind.
6. **Taking a warm bath**: Soak in a warm bath with some calming essential oils to relax your muscles and calm your mind.
7. **Practicing gratitude**: Reflect on the things you're grateful for in your life, no matter how small they may seem.
8. **Watching a calming movie or TV show**: Choose a gentle, non-stimulating program to help you wind down.
9. **Doing some light knitting or crochet**:",,,meta-llama/Llama-3.1-8B-Instruct,0e9e39f249a16976918f6564b8830bc894c89659,4bit,auto,256,42,fbd9abe3f63aa2cc3ee3176f2dcdda0cc9b0d0654c8103a33cbe5355a9e590e2
195a1a1b,IE,single-session-preference,2023/05/30 (Tue) 22:28,semantic,10,1.0,1.0,1.0,1.0,0.07709999954386149,5037,5037,258,1,1,True,0,0,0,0,406.8255813953488,5449,85,0.32945736434108525,0.6464769368947938,0.03286726498328639,0.5829370021820068,0.7541842460632324,0.5,0.2903594657633106,0.0,1.0,False,False,True,True,10048356352,ed9dad6c_2::round_0|answer_6dc4305e::round_2|9f12daa1_1::round_1|89a1800c_2::round_2|9b90460f_3::round_4|89a1800c_2::round_5|89a1800c_2::round_1|9f12daa1_1::round_5|sharegpt_buGcwO5_0::round_1|1b71c896_2::round_0,ed9dad6c_2|answer_6dc4305e|9f12daa1_1|89a1800c_2|9b90460f_3|89a1800c_2|89a1800c_2|9f12daa1_1|sharegpt_buGcwO5_0|1b71c896_2,5129,185,67986.28850001842,67986.36560001796,"Based on the conversation, here are some activities you can do in the evening to unwind and prepare for a good night's sleep:

1. Reading: Pick a book that's not too engaging or stimulating.
2. Meditation: Use a guided meditation app like Headspace, Calm, or Insight Timer.
3. Deep breathing exercises: Focus on slow, deep breaths to calm your nervous system.
4. Yoga or stretching: Gentle stretches to relax your muscles.
5. Listening to soothing music: Calming music or nature sounds can help you unwind.
6. Journaling: Write in a journal to clear your mind and reflect on your day.
7. Preparing your sleep environment: Make your bedroom a sleep sanctuary by ensuring it's dark, quiet, and at a comfortable temperature.

Remember to avoid stimulating activities, such as exercise or intense conversations, and put away electronic devices at least 30 minutes before bedtime.",,,meta-llama/Llama-3.1-8B-Instruct,0e9e39f249a16976918f6564b8830bc894c89659,4bit,auto,256,42,c412f2220c65b1553eb7a43f727d1d4addb78946eff994e7b3078021393bd260
195a1a1b,IE,single-session-preference,2023/05/30 (Tue) 22:28,hybrid_raw,10,1.0,1.0,1.0,1.0,0.07370000002993038,5235,5235,258,1,1,True,0,0,0,0,406.8255813953488,5449,85,0.32945736434108525,0.6464769368947938,0.03286726498328639,0.5829370021820068,0.7541842460632324,0.5,0.2903594657633106,0.0,1.0,False,False,True,True,10048356352,answer_6dc4305e::round_2|answer_6dc4305e::round_3|answer_6dc4305e::round_4|answer_6dc4305e::round_1|answer_6dc4305e::round_6|answer_6dc4305e::round_7|ed9dad6c_2::round_0|answer_6dc4305e::round_5|answer_6dc4305e::round_0|eaebcc81_2::round_5,answer_6dc4305e|answer_6dc4305e|answer_6dc4305e|answer_6dc4305e|answer_6dc4305e|answer_6dc4305e|ed9dad6c_2|answer_6dc4305e|answer_6dc4305e|eaebcc81_2,5327,256,72265.36830002442,72265.44200002446,"Based on our previous conversation, I'd be happy to suggest some activities that you can do in the evening to help you unwind and prepare for a good night's sleep.

Considering your interest in relaxation and meditation, here are some activities that you might enjoy:

1. **Reading**: Choose a book that's not too engaging or stimulating, and read for 20-30 minutes before bed.
2. **Listening to soothing music**: Put on some calming music or nature sounds to help you relax.
3. **Yoga or stretching**: Practice some gentle stretches or yoga poses to release tension and calm your mind.
4. **Meditation**: Try the ""Body Scan"" meditation by Insight Timer, or explore other guided meditations on the Headspace or Calm apps.
5. **Journaling**: Write down your thoughts, feelings, and gratitudes to process your day and clear your mind.
6. **Aromatherapy**: Inhale the scent of essential oils like lavender or chamomile to promote relaxation.
7. **Warm bath**: Soak in a warm bath with Epsom salts or essential oils to relax your muscles and calm your mind.
8. **Listening to a sleep story**: Try the ""Sleep Story: The Magical Forest"" by Cal",,,meta-llama/Llama-3.1-8B-Instruct,0e9e39f249a16976918f6564b8830bc894c89659,4bit,auto,256,42,d9a269749704b892fd40ab037282dbd3531fc5d715540cee297df753389194c3
195a1a1b,IE,single-session-preference,2023/05/30 (Tue) 22:28,hybrid_minmax,10,1.0,1.0,1.0,1.0,0.07720000030531082,6096,6096,258,1,1,True,0,0,0,0,406.8255813953488,5449,85,0.32945736434108525,0.6464769368947938,0.03286726498328639,0.5829370021820068,0.7541842460632324,0.5,0.2903594657633106,0.0,1.0,False,False,True,True,10048356352,answer_6dc4305e::round_2|ed9dad6c_2::round_0|9f12daa1_1::round_1|answer_6dc4305e::round_3|9f12daa1_1::round_5|answer_6dc4305e::round_1|answer_6dc4305e::round_4|ed9dad6c_2::round_2|9f12daa1_1::round_0|answer_6dc4305e::round_0,answer_6dc4305e|ed9dad6c_2|9f12daa1_1|answer_6dc4305e|9f12daa1_1|answer_6dc4305e|answer_6dc4305e|ed9dad6c_2|9f12daa1_1|answer_6dc4305e,6188,256,82969.6377000073,82969.7149000076,"Based on our previous conversations, I'd like to suggest some activities that you can do in the evening to help you unwind and prepare for a good night's sleep:

1. **Reading**: Choose a book that's not too engaging or stimulating, and read for 20-30 minutes before bed.
2. **Listening to soothing music**: Put on some calming music or nature sounds to help you relax.
3. **Taking a warm bath**: Fill your bathtub with warm water, add some calming essential oils, and soak for 15-20 minutes.
4. **Practicing gentle stretches**: Do some light stretching to release tension in your body and calm your mind.
5. **Writing in a journal**: Reflect on your day, write down your thoughts and feelings, and clear your mind.
6. **Doing a guided meditation**: Use a guided meditation app or resource to help you relax and prepare for sleep.
7. **Enjoying a warm cup of tea**: Brew a cup of herbal tea, such as chamomile or lavender, and enjoy it while you relax.
8. **Watching a calming movie or TV show**: Choose a gentle, non-stimulating program to help you unwind.
9. **Doing some light drawing or coloring**: Engage in a",,,meta-llama/Llama-3.1-8B-Instruct,0e9e39f249a16976918f6564b8830bc894c89659,4bit,auto,256,42,af11d133addc0cda8822a77524e781c5b00622f6294726946d3d36b78522475e
195a1a1b,IE,single-session-preference,2023/05/30 (Tue) 22:28,hybrid_rrf,10,1.0,1.0,1.0,1.0,0.07789999926899327,5717,5717,258,1,1,True,0,0,0,0,406.8255813953488,5449,85,0.32945736434108525,0.6464769368947938,0.03286726498328639,0.5829370021820068,0.7541842460632324,0.5,0.2903594657633106,0.0,1.0,False,False,True,True,10048356352,answer_6dc4305e::round_2|answer_6dc4305e::round_3|ed9dad6c_2::round_0|answer_6dc4305e::round_1|answer_6dc4305e::round_4|9f12daa1_1::round_1|9f12daa1_1::round_5|answer_6dc4305e::round_6|answer_6dc4305e::round_7|answer_6dc4305e::round_0,answer_6dc4305e|answer_6dc4305e|ed9dad6c_2|answer_6dc4305e|answer_6dc4305e|9f12daa1_1|9f12daa1_1|answer_6dc4305e|answer_6dc4305e|answer_6dc4305e,5809,256,99297.57129994687,99297.64919994614,"Based on our previous conversation, I'd like to suggest some activities that you can do in the evening to help you unwind and prepare for a good night's sleep:

1. **Reading**: Choose a book that's not too engaging or stimulating, and read for 20-30 minutes before bed.
2. **Listening to soothing music**: Put on some calming music or nature sounds to help you relax.
3. **Taking a warm bath**: Fill your bathtub with warm water, add some calming essential oils, and soak for 15-20 minutes to relax your muscles.
4. **Practicing gentle stretches**: Do some light stretching to release tension in your body and prepare for sleep.
5. **Writing in a journal**: Reflect on your day, write down your thoughts and feelings, and clear your mind before bed.
6. **Doing some light drawing or coloring**: Engage in a creative activity that helps you relax and express yourself.
7. **Sipping herbal tea**: Choose a calming tea, such as chamomile or lavender, and enjoy it before bed.
8. **Watching a calming movie or TV show**: Pick a gentle, non-stimulating program to help you unwind before sleep.

Remember to avoid screens (phones, tablets, laptops, or",,,meta-llama/Llama-3.1-8B-Instruct,0e9e39f249a16976918f6564b8830bc894c89659,4bit,auto,256,42,d6019b9957178f28d06a3a55269753d897156b758186e557754c9d844d60faa3
fca70973,IE,single-session-preference,2023/08/15 (Tue) 23:59,recency,5,0.0,0.0,1.0,0.0,0.013799999578623101,3044,3044,222,1,1,True,0,0,0,0,479.34684684684686,5776,93,0.4189189189189189,0.6347381665899947,0.029086834627843932,0.5666520595550537,0.7578976154327393,0.5,0.29063373425384265,0.0,1.0,False,False,True,True,10048245760,answer_a1e169b1::round_5|answer_a1e169b1::round_4|answer_a1e169b1::round_3|answer_a1e169b1::round_2|answer_a1e169b1::round_1,answer_a1e169b1|answer_a1e169b1|answer_a1e169b1|answer_a1e169b1|answer_a1e169b1,3137,131,53045.91360001359,53045.92740001317,"Insufficient information is available to provide specific suggestions for another theme park weekend. However, based on the provided memories, it seems that you are interested in Halloween-themed events and VIP experiences. 

Considering this, I would suggest looking into other theme parks that offer Halloween-themed events and VIP experiences. Some options to consider might include:

* Disneyland's Halloween Time
* Knott's Scary Farm
* Six Flags Magic Mountain's Fright Fest
* Other theme parks that offer Halloween-themed events and VIP experiences

It would be helpful to have more information about your preferences, such as the location, dates, and type of experience you are looking for.",,,meta-llama/Llama-3.1-8B-Instruct,0e9e39f249a16976918f6564b8830bc894c89659,4bit,auto,256,42,924b3cf4706cd5e471c119d503d66aa589fd3b3330b2c29ac53b32b008e4b938
fca70973,IE,single-session-preference,2023/08/15 (Tue) 23:59,semantic,5,1.0,1.0,1.0,1.0,0.07439999990310753,1981,1981,222,1,1,True,0,0,0,0,479.34684684684686,5776,93,0.4189189189189189,0.6347381665899947,0.029086834627843932,0.5666520595550537,0.7578976154327393,0.5,0.29063373425384265,0.0,1.0,False,False,True,True,10048245760,answer_a1e169b1::round_0|answer_a1e169b1::round_1|answer_a1e169b1::round_2|762a8b45_2::round_4|ultrachat_546214::round_1,answer_a1e169b1|answer_a1e169b1|answer_a1e169b1|762a8b45_2|ultrachat_546214,2074,220,158545.74710002635,158545.82150002624,"You've already visited Disneyland, Knott's Berry Farm, Six Flags Magic Mountain, and Universal Studios Hollywood. Considering you're looking for another theme park weekend, I'd suggest visiting other theme parks in the LA area.

Some options to consider are:

1. **Adventureland**: Located in Buena Park, this theme park features a mix of thrill rides, water attractions, and family-friendly shows.
2. **Legoland California**: Located in Carlsbad, this theme park is geared towards younger kids, with rides, shows, and attractions based on the popular Lego toy brand.
3. **SeaWorld San Diego**: Located in San Diego, this theme park features marine-life exhibits, shows, and thrill rides, with a focus on education and conservation.
4. **Knott's Soak City**: Located in Buena Park, this water park is a great option for hot summer days, with water slides, wave pools, and lazy rivers.

These theme parks offer a range of experiences, from thrill rides to family-friendly attractions, and are worth considering for your next theme park weekend.",,,meta-llama/Llama-3.1-8B-Instruct,0e9e39f249a16976918f6564b8830bc894c89659,4bit,auto,256,42,4b17f4e0f0d0b40c13e3a354d26d4fd86b4a977c182148168c226f748d0632f7
fca70973,IE,single-session-preference,2023/08/15 (Tue) 23:59,hybrid_raw,5,1.0,1.0,1.0,1.0,0.06599999960599234,2816,2816,222,1,1,True,0,0,0,0,479.34684684684686,5776,93,0.4189189189189189,0.6347381665899947,0.029086834627843932,0.5666520595550537,0.7578976154327393,0.5,0.29063373425384265,0.0,1.0,False,False,True,True,10048245760,answer_a1e169b1::round_0|answer_a1e169b1::round_1|answer_a1e169b1::round_2|answer_a1e169b1::round_4|answer_a1e169b1::round_5,answer_a1e169b1|answer_a1e169b1|answer_a1e169b1|answer_a1e169b1|answer_a1e169b1,2909,241,62982.55680000875,62982.62280000836,"Based on your interest in Halloween-themed events and unique food experiences, I would suggest considering the following theme parks for your next visit:

1. **Disneyland Resort**: With Halloween Time starting in mid-September, you can enjoy the festive decorations, themed food, and special entertainment. Be sure to check out the seasonal food items, such as the Pumpkin Beignets and Bat Wing Chicken Tenders.
2. **Knott's Berry Farm**: Knott's Scary Farm is a popular Halloween event that runs through the fall, featuring haunted mazes, scare zones, and live entertainment. Don't miss the Boo-fet, a special dining experience with a buffet-style meal and priority entry to the event.
3. **Universal Studios Hollywood**: Halloween Horror Nights is a must-visit event, with elaborate haunted houses, scare zones, and thrilling rides. Be sure to check out the VIP Experience's Gourmet Buffet and Behind-the-Scenes Tour package for a unique and unforgettable experience.

All of these theme parks offer a range of Halloween-themed events and experiences that are sure to delight. Be sure to check the park websites for exact dates and details on the events and food items mentioned above.",,,meta-llama/Llama-3.1-8B-Instruct,0e9e39f249a16976918f6564b8830bc894c89659,4bit,auto,256,42,3bb773c3f45e60ba00e22124bc1e65b36f7dde69da8312f1261009d07c5cfec3
fca70973,IE,single-session-preference,2023/08/15 (Tue) 23:59,hybrid_minmax,5,1.0,1.0,1.0,1.0,0.0656000001981738,2604,2604,222,1,1,True,0,0,0,0,479.34684684684686,5776,93,0.4189189189189189,0.6347381665899947,0.029086834627843932,0.5666520595550537,0.7578976154327393,0.5,0.29063373425384265,0.0,1.0,False,False,True,True,10048245760,answer_a1e169b1::round_0|answer_a1e169b1::round_1|answer_a1e169b1::round_2|fc005760::round_0|answer_a1e169b1::round_4,answer_a1e169b1|answer_a1e169b1|answer_a1e169b1|fc005760|answer_a1e169b1,2697,176,134340.74140002485,134340.80700002506,"Considering your interest in theme parks and Halloween events, I'd recommend visiting the state park you mentioned earlier with Rachel. However, if you're looking for a theme park experience, I'd suggest checking out the Halloween events at the theme parks you've visited before, such as Disneyland, Knott's Berry Farm, Six Flags Magic Mountain, and Universal Studios Hollywood.

If you're looking for a new theme park experience, you might consider visiting other theme parks in the LA area, such as Disney California Adventure, Knott's Soak City, or Pacific Park on the Santa Monica Pier.

If you're interested in a specific type of theme park experience, such as a Halloween event or a water park, I'd be happy to provide more tailored suggestions.

Please provide more information about your preferences, and I'll do my best to suggest a theme park experience that suits your interests.",,,meta-llama/Llama-3.1-8B-Instruct,0e9e39f249a16976918f6564b8830bc894c89659,4bit,auto,256,42,5c8483e66830720c652be0424868f4acc052e3f252c95f9b37232dbf310562cc
fca70973,IE,single-session-preference,2023/08/15 (Tue) 23:59,hybrid_rrf,5,1.0,1.0,1.0,1.0,0.09030000001075678,2816,2816,222,1,1,True,0,0,0,0,479.34684684684686,5776,93,0.4189189189189189,0.6347381665899947,0.029086834627843932,0.5666520595550537,0.7578976154327393,0.5,0.29063373425384265,0.0,1.0,False,False,True,True,10048245760,answer_a1e169b1::round_0|answer_a1e169b1::round_1|answer_a1e169b1::round_2|answer_a1e169b1::round_4|answer_a1e169b1::round_5,answer_a1e169b1|answer_a1e169b1|answer_a1e169b1|answer_a1e169b1|answer_a1e169b1,2909,241,72743.10350010637,72743.19380010638,"Based on your interest in Halloween-themed events and unique food experiences, I would suggest considering the following theme parks for your next visit:

1. **Disneyland Resort**: With Halloween Time starting in mid-September, you can enjoy the festive decorations, themed food, and special entertainment. Be sure to check out the seasonal food items, such as the Pumpkin Beignets and Bat Wing Chicken Tenders.
2. **Knott's Berry Farm**: Knott's Scary Farm is a popular Halloween event that runs through the fall, featuring haunted mazes, scare zones, and live entertainment. Don't miss the Boo-fet, a special dining experience with a buffet-style meal and priority entry to the event.
3. **Universal Studios Hollywood**: Halloween Horror Nights is a must-visit event, with elaborate haunted houses, scare zones, and thrilling rides. Be sure to check out the VIP Experience's Gourmet Buffet and Behind-the-Scenes Tour package for a unique and unforgettable experience.

All of these theme parks offer a range of Halloween-themed events and experiences that are sure to delight. Be sure to check the park websites for exact dates and details on the events and food items mentioned above.",,,meta-llama/Llama-3.1-8B-Instruct,0e9e39f249a16976918f6564b8830bc894c89659,4bit,auto,256,42,3bb773c3f45e60ba00e22124bc1e65b36f7dde69da8312f1261009d07c5cfec3
fca70973,IE,single-session-preference,2023/08/15 (Tue) 23:59,recency,10,1.0,1.0,1.0,1.0,0.014199999895936344,5119,5119,222,1,1,True,0,0,0,0,479.34684684684686,5776,93,0.4189189189189189,0.6347381665899947,0.029086834627843932,0.5666520595550537,0.7578976154327393,0.5,0.29063373425384265,0.0,1.0,False,False,True,True,10048245760,answer_a1e169b1::round_5|answer_a1e169b1::round_4|answer_a1e169b1::round_3|answer_a1e169b1::round_2|answer_a1e169b1::round_1|answer_a1e169b1::round_0|99b061c5_1::round_5|99b061c5_1::round_4|99b061c5_1::round_3|99b061c5_1::round_2,answer_a1e169b1|answer_a1e169b1|answer_a1e169b1|answer_a1e169b1|answer_a1e169b1|answer_a1e169b1|99b061c5_1|99b061c5_1|99b061c5_1|99b061c5_1,5212,256,88094.83970003203,88094.85390003191,"Based on our previous conversation, I'd be happy to help you plan another theme park weekend.

Since you've already visited Disneyland, Knott's Berry Farm, Six Flags Magic Mountain, and Universal Studios Hollywood, I'll suggest some alternative theme parks in the LA area:

1. **Disney California Adventure Park**: While you've already visited Disneyland, Disney California Adventure Park offers a unique experience with its Cars Land, Pixar Pier, and other attractions.
2. **Legoland California**: If you're traveling with kids, Legoland California is a great option, featuring rides, shows, and attractions based on the popular LEGO franchise.
3. **SeaWorld San Diego**: Located just outside of LA, SeaWorld San Diego offers a mix of roller coasters, water rides, and animal exhibits, including the popular Mako, Kraken, and Manta coasters.
4. **Knott's Soak City**: If you're looking for a water park experience, Knott's Soak City is a great option, featuring water slides, a wave pool, and a lazy river.

If you're willing to venture further afield, consider visiting:

1. **Disneyland's neighboring parks**: If you haven't already, consider visiting Disney's other parks in the area, such",,,meta-llama/Llama-3.1-8B-Instruct,0e9e39f249a16976918f6564b8830bc894c89659,4bit,auto,256,42,4027037cabe8f9d1817e7e0516032dd2aab045053c70ca8cd7692643ee0567c5
fca70973,IE,single-session-preference,2023/08/15 (Tue) 23:59,semantic,10,1.0,1.0,1.0,1.0,0.06780000057915458,2866,2866,222,1,1,True,0,0,0,0,479.34684684684686,5776,93,0.4189189189189189,0.6347381665899947,0.029086834627843932,0.5666520595550537,0.7578976154327393,0.5,0.29063373425384265,0.0,1.0,False,False,True,True,10048245760,answer_a1e169b1::round_0|answer_a1e169b1::round_1|answer_a1e169b1::round_2|762a8b45_2::round_4|ultrachat_546214::round_1|fc005760::round_0|f504b269::round_0|sharegpt_TpiSm6y_0::round_1|sharegpt_TpiSm6y_0::round_2|sharegpt_vGZ5lH1_21::round_0,answer_a1e169b1|answer_a1e169b1|answer_a1e169b1|762a8b45_2|ultrachat_546214|fc005760|f504b269|sharegpt_TpiSm6y_0|sharegpt_TpiSm6y_0|sharegpt_vGZ5lH1_21,2959,256,157527.76490000542,157527.832700006,"Based on our previous conversations, I'd be happy to help you plan another theme park weekend. Since you've already visited Disneyland, Knott's Berry Farm, Six Flags Magic Mountain, and Universal Studios Hollywood, I'll suggest some new theme parks or events in the LA area.

Have you considered visiting:

1. **Knott's Soak City**: A water park located next to Knott's Berry Farm, offering a variety of water slides, a wave pool, and a lazy river.
2. **Legoland California**: A theme park designed for kids aged 2-12, featuring rides, shows, and attractions based on the popular Lego toy brand.
3. **Adventure City**: A small theme park in Orange County, offering a range of rides, shows, and attractions for kids of all ages.
4. **Pacific Park**: A small amusement park located on the Santa Monica Pier, featuring a range of rides, games, and attractions with stunning ocean views.

If you're looking for a specific type of experience, I can also suggest:

1. **Halloween-themed events**: If you enjoyed the Halloween-themed events at the previous theme parks, you might want to check out the Halloween events at Knott's Scary Farm, Universal Studios Hollywood, or Six Flags",,,meta-llama/Llama-3.1-8B-Instruct,0e9e39f249a16976918f6564b8830bc894c89659,4bit,auto,256,42,71b56be13dbf583eca84aaa59c274dc74b3e10c294d72776201ae2bafc4b22e2
fca70973,IE,single-session-preference,2023/08/15 (Tue) 23:59,hybrid_minmax,10,1.0,1.0,1.0,1.0,0.06709999979648273,6449,6449,222,1,1,True,0,0,0,0,479.34684684684686,5776,93,0.4189189189189189,0.6347381665899947,0.029086834627843932,0.5666520595550537,0.7578976154327393,0.5,0.29063373425384265,0.0,1.0,False,False,True,True,10048245760,answer_a1e169b1::round_0|answer_a1e169b1::round_1|answer_a1e169b1::round_2|fc005760::round_0|answer_a1e169b1::round_4|answer_a1e169b1::round_5|99b061c5_1::round_5|f504b269::round_0|fc005760::round_1|sharegpt_Yuw2LhQ_4::round_0,answer_a1e169b1|answer_a1e169b1|answer_a1e169b1|fc005760|answer_a1e169b1|answer_a1e169b1|99b061c5_1|f504b269|fc005760|sharegpt_Yuw2LhQ_4,6542,256,83801.73449998256,83801.80159998235,"Based on our previous conversation, I'd be happy to help you plan another theme park weekend. Since you've already visited Disneyland, Knott's Berry Farm, Six Flags Magic Mountain, and Universal Studios Hollywood, I'll suggest some alternative theme parks in the LA area.

Have you considered visiting:

1. **Adventure City**: A smaller theme park in Buena Park that offers a range of rides, shows, and attractions suitable for families with young children.
2. **Legoland California**: Located in Carlsbad, this theme park is perfect for families with kids aged 2-12, featuring rides, shows, and attractions based on the popular Lego toy brand.
3. **Pacific Park**: A small amusement park on the Santa Monica Pier that offers stunning ocean views, classic carnival rides, and games.

If you're looking for a more extensive theme park experience, you might want to consider visiting:

1. **Disneyland's neighboring parks**: If you haven't already, you could visit Disney California Adventure Park, which offers a range of themed lands, attractions, and experiences.
2. **Knott's Soak City**: A water park located within Knott's Berry Farm, offering a variety of water slides, a wave pool, and a lazy river.
3.",,,meta-llama/Llama-3.1-8B-Instruct,0e9e39f249a16976918f6564b8830bc894c89659,4bit,auto,256,42,72c330efd90a49581e0541e453598e64541312c510d4fbea2afa99bb6a264bcb
fca70973,IE,single-session-preference,2023/08/15 (Tue) 23:59,hybrid_rrf,10,1.0,1.0,1.0,1.0,0.068700000156241,6906,6906,222,1,1,True,0,0,0,0,479.34684684684686,5776,93,0.4189189189189189,0.6347381665899947,0.029086834627843932,0.5666520595550537,0.7578976154327393,0.5,0.29063373425384265,0.0,1.0,False,False,True,True,10048245760,answer_a1e169b1::round_0|answer_a1e169b1::round_1|answer_a1e169b1::round_2|answer_a1e169b1::round_4|answer_a1e169b1::round_5|fc005760::round_0|99b061c5_1::round_5|answer_a1e169b1::round_3|fc005760::round_1|sharegpt_Yuw2LhQ_4::round_0,answer_a1e169b1|answer_a1e169b1|answer_a1e169b1|answer_a1e169b1|answer_a1e169b1|fc005760|99b061c5_1|answer_a1e169b1|fc005760|sharegpt_Yuw2LhQ_4,6999,256,118615.94629997853,118616.01499997868,"Based on your previous theme park visits, I'd be happy to suggest some new theme parks or events for you to consider.

Since you've already visited Disneyland, Knott's Berry Farm, Six Flags Magic Mountain, and Universal Studios Hollywood, here are a few suggestions:

1. **Disneyland's Star Wars: Galaxy's Edge**: If you're a fan of the Star Wars franchise, you might enjoy exploring this immersive land at Disneyland. It's a must-visit for any Star Wars enthusiast.
2. **Knott's Scary Farm's Special Events**: Knott's Scary Farm offers various special events throughout the year, such as the ""Knott's Spooky Farm"" event, which features a haunted farm setting. You might also enjoy the ""Knott's Merry Farm"" event, which transforms the park into a winter wonderland.
3. **Six Flags Magic Mountain's Twisted Colossus**: If you're a thrill-seeker, you might enjoy the Twisted Colossus roller coaster at Six Flags Magic Mountain. It's a unique hybrid coaster that combines elements of wood and steel coasters.
4. **Universal Studios Hollywood's Wizarding World of Harry Potter**: If you're a fan of the Harry Potter series, you might enjoy exploring the",,,meta-llama/Llama-3.1-8B-Instruct,0e9e39f249a16976918f6564b8830bc894c89659,4bit,auto,256,42,44a281a0658b93c21378b6f2192d5a6f597c7a700664b419842b63a1ec3f51d7
09d032c9,IE,single-session-preference,2023/05/30 (Tue) 16:42,semantic,5,0.0,0.0,0.0,0.0,0.0718000001143082,1500,1500,242,1,1,True,0,0,0,0,432.3719008264463,855,94,0.3884297520661157,0.6219628871965014,0.0281883351763628,0.5698862671852112,0.7105406522750854,0.5,0.29047125036293864,0.0,1.0,False,False,True,True,10047737856,ultrachat_37105::round_2|ultrachat_510971::round_1|21ef2d05_1::round_4|21ef2d05_1::round_3|46bab85b::round_5,ultrachat_37105|ultrachat_510971|21ef2d05_1|21ef2d05_1|46bab85b,1596,174,106423.47670008894,106423.54850008906,"The information is insufficient to provide a specific answer about the battery life on your phone. However, I can suggest some general tips that may help:

1. Check your phone's battery health: You can usually find this information in your phone's settings or battery menu.
2. Adjust your screen brightness and timeout: Lowering your screen brightness and setting a shorter timeout can help conserve battery life.
3. Turn off unnecessary features: Disable features like Bluetooth, GPS, and location services when not in use.
4. Update your phone's software: Regular software updates often include battery life improvements.
5. Charge your phone correctly: Avoid overcharging your phone, and try to keep it charged between 20% and 80% if possible.

If you provide more information about your phone model or specific issues you're experiencing, I may be able to offer more tailored advice.",,,meta-llama/Llama-3.1-8B-Instruct,0e9e39f249a16976918f6564b8830bc894c89659,4bit,auto,256,42,cc2f2e718e3e2c4f180a4e07fdade78843b7dabf2b2192983f8addf046fc1ea6
09d032c9,IE,single-session-preference,2023/05/30 (Tue) 16:42,hybrid_rrf,5,0.0,0.0,0.0,0.0,0.07300000015675323,2426,2426,242,1,1,True,0,0,0,0,432.3719008264463,855,94,0.3884297520661157,0.6219628871965014,0.0281883351763628,0.5698862671852112,0.7105406522750854,0.5,0.29047125036293864,0.0,1.0,False,False,True,True,10047737856,612e23f1::round_5|87e8ec02::round_5|21ef2d05_1::round_4|21ef2d05_1::round_3|e8bfacec_2::round_4,612e23f1|87e8ec02|21ef2d05_1|21ef2d05_1|e8bfacec_2,2522,203,170157.8148000408,170157.88780004095,"Based on the conversation, I don't have any specific information about your phone's battery life. However, I can suggest some general tips that might be helpful:

1. **Check your phone's settings**: Make sure your phone's settings are optimized for battery life. You can usually find these settings in the ""Battery"" or ""Power"" section of your phone's settings app.
2. **Turn off unnecessary features**: Disable any features that you don't use regularly, such as Bluetooth, GPS, or location services.
3. **Adjust your screen brightness**: Lowering your screen brightness can help conserve battery life.
4. **Use power-saving modes**: Many phones have built-in power-saving modes that can help extend battery life.
5. **Avoid overcharging**: Try to avoid overcharging your phone, as this can reduce its battery lifespan.

If you'd like more specific advice, I'd be happy to try and help you further. Can you tell me more about your phone and its battery life issues?",,,meta-llama/Llama-3.1-8B-Instruct,0e9e39f249a16976918f6564b8830bc894c89659,4bit,auto,256,42,a1ef8421b8debe7e9ad8f2eb9bfa832c64b6b7f69e6444578d5b8b359d527357
09d032c9,IE,single-session-preference,2023/05/30 (Tue) 16:42,hybrid_minmax,10,0.0,0.0,0.0,0.0,0.07509999977628468,4961,4961,242,1,1,True,0,0,0,0,432.3719008264463,855,94,0.3884297520661157,0.6219628871965014,0.0281883351763628,0.5698862671852112,0.7105406522750854,0.5,0.29047125036293864,0.0,1.0,False,False,True,True,10047737856,21ef2d05_1::round_4|21ef2d05_1::round_3|e8bfacec_2::round_0|e8bfacec_2::round_4|612e23f1::round_5|ultrachat_510971::round_1|e8bfacec_2::round_3|e8bfacec_2::round_5|21ef2d05_1::round_2|87e8ec02::round_5,21ef2d05_1|21ef2d05_1|e8bfacec_2|e8bfacec_2|612e23f1|ultrachat_510971|e8bfacec_2|e8bfacec_2|21ef2d05_1|87e8ec02,5057,256,480235.9148999676,480235.9899999674,"The information is insufficient to provide a specific answer. However, I can suggest some general tips to help improve your phone's battery life:

1. **Adjust your screen brightness**: Lowering your screen brightness can significantly reduce battery consumption.
2. **Turn off unnecessary features**: Disable features like Bluetooth, GPS, and Wi-Fi when not in use to conserve battery life.
3. **Use power-saving modes**: Enable your phone's power-saving mode or low-battery mode to limit background activity and reduce battery consumption.
4. **Update your operating system**: Ensure your phone's operating system is up-to-date, as newer versions often include battery life improvements.
5. **Charge your phone correctly**: Avoid overcharging your phone, as this can reduce battery lifespan. Try to keep your phone's battery level between 20% and 80% if possible.
6. **Monitor your battery usage**: Check your phone's battery usage statistics to identify which apps and features are consuming the most power.
7. **Consider a battery case or external battery**: If you're frequently running low on battery, consider investing in a battery case or external battery to provide extra power on the go.

To provide a more specific answer, I would need more information about your phone's model, operating system, and",,,meta-llama/Llama-3.1-8B-Instruct,0e9e39f249a16976918f6564b8830bc894c89659,4bit,auto,256,42,d77bffc343e13d365ba4005b9d0e5d31ce4f60306e935bc1b768d54f88c8e1ec
09d032c9,IE,single-session-preference,2023/05/30 (Tue) 16:42,hybrid_rrf,10,0.0,0.0,0.0,0.0,0.07540000024164328,5422,5422,242,1,1,True,0,0,0,0,432.3719008264463,855,94,0.3884297520661157,0.6219628871965014,0.0281883351763628,0.5698862671852112,0.7105406522750854,0.5,0.29047125036293864,0.0,1.0,False,False,True,True,10047737856,612e23f1::round_5|87e8ec02::round_5|21ef2d05_1::round_4|21ef2d05_1::round_3|e8bfacec_2::round_4|e8bfacec_2::round_0|612e23f1::round_2|e8bfacec_2::round_3|e8bfacec_2::round_5|f27e27f9_2::round_5,612e23f1|87e8ec02|21ef2d05_1|21ef2d05_1|e8bfacec_2|e8bfacec_2|612e23f1|e8bfacec_2|e8bfacec_2|f27e27f9_2,5518,256,662900.3939999966,662900.4693999968,"Insufficient information is available to provide a specific answer to your question about battery life. However, I can offer some general tips that might be helpful:

1. **Check your battery health**: Make sure your battery is in good condition. If it's old or damaged, it might be affecting your battery life.
2. **Adjust your screen settings**: Lowering your screen brightness, turning off auto-brightness, and adjusting your screen timeout can help conserve battery life.
3. **Turn off unnecessary features**: Disable features like Bluetooth, GPS, and location services when not in use to save battery power.
4. **Update your phone's software**: Ensure your phone's operating system and apps are up-to-date, as newer versions often include battery life improvements.
5. **Charge your phone correctly**: Avoid overcharging your phone, as this can reduce its battery life over time. Try to keep your battery level between 20% and 80% if possible.
6. **Use power-saving modes**: Enable your phone's power-saving mode or low-power mode to limit background activity and reduce battery consumption.
7. **Monitor your battery usage**: Check your phone's battery usage statistics to identify which apps and features are consuming the most power.

If you could provide more information about your phone",,,meta-llama/Llama-3.1-8B-Instruct,0e9e39f249a16976918f6564b8830bc894c89659,4bit,auto,256,42,c389316d89f10c6621a44811c98a986ed7a26d6bdbeb77e54be5c76afdcecf91
07b6f563,IE,single-session-preference,2023/05/30 (Tue) 21:46,semantic,5,0.5,1.0,1.0,0.5,0.07900000036897836,2569,2569,264,2,1,True,0,0,0,0,397.3333333333333,1409,93,0.3522727272727273,0.6493888452197566,0.028693612438215943,0.5709480047225952,0.7202887535095215,0.5,0.2903210519972787,0.0,1.0,False,False,True,True,10047737856,66ab6260::round_3|answer_d03098f9::round_1|39358a85_2::round_5|0ac1a6f9_2::round_4|55c267aa::round_5,66ab6260|answer_d03098f9|39358a85_2|0ac1a6f9_2|55c267aa,2658,256,247022.34889997635,247022.42789997673,"Based on the memories, I can suggest some useful accessories for your phone. 

1. **Phone wallet case**: Consider a high-quality wallet case from brands like Nomad, Fossil, Bellroy, or Spigen. These cases offer a stylish and functional design, with features like card slots, cash storage, and RFID-blocking material.
2. **Screen protector**: Look into official screen protectors from your phone's manufacturer or reputable brands like Zagg or TechArmor. These protectors provide a clear, scratch-resistant layer for your phone's screen.
3. **Power bank**: A portable power bank can be a lifesaver when you're on the go. Consider a high-capacity power bank from brands like Anker or Mophie, which can charge your phone multiple times.
4. **Wireless earbuds**: Wireless earbuds like Apple AirPods or Samsung Galaxy Buds offer a convenient and wireless listening experience. Look for earbuds with good sound quality, long battery life, and a compact design.
5. **Phone stand**: A phone stand can be useful for watching videos, browsing recipes, or making video calls. Consider a stand with a compact design, adjustable height, and a non-slip base.

These accessories can enhance your phone",,,meta-llama/Llama-3.1-8B-Instruct,0e9e39f249a16976918f6564b8830bc894c89659,4bit,auto,256,42,d06de2925404af7ec877ba69675a21f81c778e110b7c2b2015aebfe72428294b
07b6f563,IE,single-session-preference,2023/05/30 (Tue) 21:46,hybrid_raw,5,0.0,0.0,0.0,0.0,0.07809999988239724,1992,1992,264,2,1,True,0,0,0,0,397.3333333333333,1409,93,0.3522727272727273,0.6493888452197566,0.028693612438215943,0.5709480047225952,0.7202887535095215,0.5,0.2903210519972787,0.0,1.0,False,False,True,True,10047737856,0ac1a6f9_2::round_4|ultrachat_392007::round_2|sharegpt_HPZHo9C_0::round_0|0ac1a6f9_2::round_5|fd18e0dd_2::round_5,0ac1a6f9_2|ultrachat_392007|sharegpt_HPZHo9C_0|0ac1a6f9_2|fd18e0dd_2,2081,156,146056.77460005973,146056.8527000596,"Based on the conversation, I don't have any specific information about your phone or its model. However, I can suggest some general accessories that are popular and useful for many phones:

1. **Phone case**: A protective case can help prevent scratches and drops.
2. **Screen protector**: A screen protector can help prevent scratches and cracks on your phone's screen.
3. **Portable charger**: A portable charger can help keep your phone charged on the go.
4. **Wireless earbuds**: Wireless earbuds can provide a convenient and hands-free listening experience.
5. **Power bank**: A power bank can help charge your phone when you're away from a power outlet.

Please let me know if you have any specific preferences or requirements for your phone accessories.",,,meta-llama/Llama-3.1-8B-Instruct,0e9e39f249a16976918f6564b8830bc894c89659,4bit,auto,256,42,5a5ae365ceb3261eee6c6fda4f6288cf77321a4bd5c81da980ae72faeb850cb9
07b6f563,IE,single-session-preference,2023/05/30 (Tue) 21:46,hybrid_minmax,5,0.5,1.0,1.0,0.5,0.08519999937561806,1777,1777,264,2,1,True,0,0,0,0,397.3333333333333,1409,93,0.3522727272727273,0.6493888452197566,0.028693612438215943,0.5709480047225952,0.7202887535095215,0.5,0.2903210519972787,0.0,1.0,False,False,True,True,10047737856,0ac1a6f9_2::round_4|55c267aa::round_5|ultrachat_573623::round_2|ultrachat_573623::round_1|answer_d03098f9::round_1,0ac1a6f9_2|55c267aa|ultrachat_573623|ultrachat_573623|answer_d03098f9,1866,256,264318.02240002435,264318.10760002374,"Based on our previous conversations, I'd be happy to suggest some useful accessories for your phone. Since you're looking for a phone wallet case, I'll recommend some additional accessories that complement your existing needs.

Considering your interest in emergency preparedness, I'll suggest some accessories that can help you stay connected and prepared during power outages:

1. **Portable power bank**: A portable power bank can help you charge your phone on the go, ensuring you stay connected during power outages.
2. **Solar charger**: A solar charger can provide a sustainable way to charge your phone, especially during outdoor activities or in areas with limited power access.
3. **Backup power source**: A backup power source, such as a battery pack or a UPS (uninterruptible power supply), can help you keep your phone and other devices powered during extended power outages.

Additionally, since you're interested in fitness tracking, I'll suggest some accessories that can enhance your fitness experience:

1. **Fitness tracker accessories**: Consider adding a fitness tracker accessory, such as a heart rate monitor or a GPS watch, to enhance your fitness tracking experience.
2. **Wireless earbuds**: Wireless earbuds can provide a convenient way to listen to music or podcasts during your workouts, without the hassle",,,meta-llama/Llama-3.1-8B-Instruct,0e9e39f249a16976918f6564b8830bc894c89659,4bit,auto,256,42,0ae43d58dbccaa5e20a73dc832358b5b11428db3eeca8930a01ed1df66cd559d
07b6f563,IE,single-session-preference,2023/05/30 (Tue) 21:46,hybrid_rrf,5,0.5,1.0,1.0,0.5,0.0835999999253545,1777,1777,264,2,1,True,0,0,0,0,397.3333333333333,1409,93,0.3522727272727273,0.6493888452197566,0.028693612438215943,0.5709480047225952,0.7202887535095215,0.5,0.2903210519972787,0.0,1.0,False,False,True,True,10047737856,0ac1a6f9_2::round_4|55c267aa::round_5|ultrachat_573623::round_2|answer_d03098f9::round_1|ultrachat_573623::round_1,0ac1a6f9_2|55c267aa|ultrachat_573623|answer_d03098f9|ultrachat_573623,1866,256,251925.14919990208,251925.232799902,"Based on our previous conversations, I'd be happy to suggest some useful accessories for your phone. Since you're looking for a phone wallet case, I'll recommend some additional accessories that complement your existing needs.

Considering your interest in emergency preparedness, I'll suggest some accessories that can help you stay connected and prepared during power outages:

1. **Portable power bank**: A portable power bank can help you charge your phone on the go, ensuring you stay connected during power outages.
2. **Solar charger**: A solar charger can provide a sustainable way to charge your phone, especially during outdoor activities or in areas with limited power access.
3. **Backup power source**: A backup power source, such as a battery pack or a UPS (uninterruptible power supply), can help you keep your phone and other devices powered during extended power outages.

Additionally, since you're interested in fitness tracking, I'll suggest some accessories that can enhance your fitness experience:

1. **Fitness tracker accessories**: Consider adding a fitness tracker accessory, such as a heart rate monitor or a GPS watch, to enhance your fitness tracking experience.
2. **Wireless earbuds**: Wireless earbuds can provide a convenient way to listen to music or podcasts during your workouts, without the hassle",,,meta-llama/Llama-3.1-8B-Instruct,0e9e39f249a16976918f6564b8830bc894c89659,4bit,auto,256,42,0ae43d58dbccaa5e20a73dc832358b5b11428db3eeca8930a01ed1df66cd559d
07b6f563,IE,single-session-preference,2023/05/30 (Tue) 21:46,recency,10,0.0,0.0,0.0,0.0,0.017299999854003545,4396,4396,264,2,1,True,0,0,0,0,397.3333333333333,1409,93,0.3522727272727273,0.6493888452197566,0.028693612438215943,0.5709480047225952,0.7202887535095215,0.5,0.2903210519972787,0.0,1.0,False,False,True,True,10047737856,sharegpt_HPZHo9C_0::round_0|ultrachat_392007::round_2|ultrachat_392007::round_1|ultrachat_392007::round_0|0ac1a6f9_2::round_5|0ac1a6f9_2::round_4|0ac1a6f9_2::round_3|0ac1a6f9_2::round_2|0ac1a6f9_2::round_1|0ac1a6f9_2::round_0,sharegpt_HPZHo9C_0|ultrachat_392007|ultrachat_392007|ultrachat_392007|0ac1a6f9_2|0ac1a6f9_2|0ac1a6f9_2|0ac1a6f9_2|0ac1a6f9_2|0ac1a6f9_2,4485,233,241241.5584999835,241241.57579998337,"Based on the conversation, I'd be happy to suggest some useful accessories for your phone. Here are a few ideas:

1. **Phone case with a built-in wallet**: A phone case with a built-in wallet can help you stay organized and keep your cards and cash within reach.
2. **Portable power bank**: A portable power bank can ensure that your phone stays charged on the go, even when you're away from a power outlet.
3. **Wireless earbuds**: Wireless earbuds can provide a convenient and hands-free way to listen to music or take calls.
4. **Phone stand with a built-in charging dock**: A phone stand with a built-in charging dock can help you keep your phone charged and organized, while also providing a convenient way to watch videos or browse the web.
5. **Screen protector with a built-in tempered glass**: A screen protector with a built-in tempered glass can provide an extra layer of protection for your phone's screen, while also reducing glare and improving visibility.

These are just a few ideas, but there are many other useful accessories available for phones. What type of accessory are you looking for?",,,meta-llama/Llama-3.1-8B-Instruct,0e9e39f249a16976918f6564b8830bc894c89659,4bit,auto,256,42,6b156dc3b8ad56b4df60068a406f5d0ab6204f4a62250d0ee403667dc9d0fb23
07b6f563,IE,single-session-preference,2023/05/30 (Tue) 21:46,semantic,10,0.5,1.0,1.0,0.5,0.08230000003095483,4728,4728,264,2,1,True,0,0,0,0,397.3333333333333,1409,93,0.3522727272727273,0.6493888452197566,0.028693612438215943,0.5709480047225952,0.7202887535095215,0.5,0.2903210519972787,0.0,1.0,False,False,True,True,10047737856,66ab6260::round_3|answer_d03098f9::round_1|39358a85_2::round_5|0ac1a6f9_2::round_4|55c267aa::round_5|9baddc74::round_4|bbccfe79::round_4|bbccfe79::round_5|dcc7f430_1::round_1|66ab6260::round_5,66ab6260|answer_d03098f9|39358a85_2|0ac1a6f9_2|55c267aa|9baddc74|bbccfe79|bbccfe79|dcc7f430_1|66ab6260,4817,256,282251.1532000499,282251.2355000499,"Based on our previous conversations, I'd be happy to suggest some useful accessories for your phone.

Considering your interest in phone wallet cases, I'd recommend exploring the following options:

1. **Screen protectors**: Invest in a high-quality screen protector to safeguard your phone's display from scratches and cracks.
2. **Phone cases with card slots**: Look for cases with built-in card slots or cash storage to keep your essentials organized and within reach.
3. **Wireless charging pads**: Consider a wireless charging pad for convenient and clutter-free charging.
4. **Phone grips or stands**: Explore phone grips or stands that can help you prop up your phone for hands-free viewing or typing.
5. **Power banks**: Invest in a portable power bank to ensure you have a backup power source on the go.

Some popular brands for phone accessories include:

1. **Spigen**: Known for their high-quality phone cases and screen protectors.
2. **OtterBox**: Offers a range of phone cases and accessories with advanced features like drop protection and card slots.
3. **Anker**: Provides affordable and reliable phone accessories, including power banks and wireless charging pads.
4. **Case-Mate**: Offers a variety of phone cases and accessories with a focus on style and functionality.",,,meta-llama/Llama-3.1-8B-Instruct,0e9e39f249a16976918f6564b8830bc894c89659,4bit,auto,256,42,4db116714ceac777d6ae05b5778379c1014c6e9259fc66b9cc2d499dab3beef3
07b6f563,IE,single-session-preference,2023/05/30 (Tue) 21:46,hybrid_raw,10,0.0,0.0,0.0,0.0,0.08040000011533266,4310,4310,264,2,1,True,0,0,0,0,397.3333333333333,1409,93,0.3522727272727273,0.6493888452197566,0.028693612438215943,0.5709480047225952,0.7202887535095215,0.5,0.2903210519972787,0.0,1.0,False,False,True,True,10047737856,0ac1a6f9_2::round_4|ultrachat_392007::round_2|sharegpt_HPZHo9C_0::round_0|0ac1a6f9_2::round_5|fd18e0dd_2::round_5|ultrachat_392007::round_1|ultrachat_392007::round_0|0ac1a6f9_2::round_0|0ac1a6f9_2::round_3|0ac1a6f9_2::round_1,0ac1a6f9_2|ultrachat_392007|sharegpt_HPZHo9C_0|0ac1a6f9_2|fd18e0dd_2|ultrachat_392007|ultrachat_392007|0ac1a6f9_2|0ac1a6f9_2|0ac1a6f9_2,4399,234,267434.2760000145,267434.3564000146,"Based on the conversation, I'd be happy to suggest some useful accessories for your phone. Here are a few ideas:

1. **Phone case with a built-in wallet**: A phone case with a built-in wallet can help you stay organized and keep your cards and cash within easy reach.
2. **Portable power bank**: A portable power bank can ensure that your phone stays charged on the go, even when you're away from a power outlet.
3. **Wireless earbuds**: Wireless earbuds can provide a convenient and hands-free way to listen to music or take calls.
4. **Phone stand with a built-in charging dock**: A phone stand with a built-in charging dock can help you keep your phone charged and organized, while also providing a convenient way to watch videos or browse the web.
5. **Screen protector with a built-in tempered glass**: A screen protector with a built-in tempered glass can provide an extra layer of protection for your phone's screen, while also reducing glare and improving visibility.

These are just a few ideas, but there are many other useful accessories available for phones. What type of accessory are you looking for?",,,meta-llama/Llama-3.1-8B-Instruct,0e9e39f249a16976918f6564b8830bc894c89659,4bit,auto,256,42,53f02bf29221dcf7fe77b4690c2a321285b3db8533583dc027bf26a92b704b37
07b6f563,IE,single-session-preference,2023/05/30 (Tue) 21:46,hybrid_minmax,10,0.5,1.0,1.0,0.5,0.0839000003907131,3786,3786,264,2,1,True,0,0,0,0,397.3333333333333,1409,93,0.3522727272727273,0.6493888452197566,0.028693612438215943,0.5709480047225952,0.7202887535095215,0.5,0.2903210519972787,0.0,1.0,False,False,True,True,10047737856,0ac1a6f9_2::round_4|55c267aa::round_5|ultrachat_573623::round_2|ultrachat_573623::round_1|answer_d03098f9::round_1|ultrachat_573623::round_0|fd18e0dd_2::round_5|39358a85_2::round_5|ultrachat_392007::round_2|answer_d03098f9::round_4,0ac1a6f9_2|55c267aa|ultrachat_573623|ultrachat_573623|answer_d03098f9|ultrachat_573623|fd18e0dd_2|39358a85_2|ultrachat_392007|answer_d03098f9,3875,256,117478.90029998962,117478.98419999001,"Based on our previous conversation, I'd be happy to suggest some useful accessories for your phone.

Considering your interest in a phone wallet case, I'd recommend exploring the following options:

1. **Screen protectors**: A good screen protector can help prevent scratches and cracks on your phone's screen. You can consider a tempered glass screen protector or a film-based one.
2. **Phone cases with card slots**: If you want to carry your cards and cash with you, consider a phone case with built-in card slots. This can help keep your cards organized and within reach.
3. **Wireless charging pads**: If you have a wireless charging-enabled phone, consider investing in a wireless charging pad. This can make charging your phone more convenient and clutter-free.
4. **Portable power banks**: As we discussed earlier, a portable power bank can be a lifesaver when you're on the go. Look for a power bank with a high capacity and fast charging capabilities.
5. **Phone grips or stands**: A phone grip or stand can help you take better photos or videos, and also provide a comfortable viewing experience when watching videos or browsing the web.

Some popular brands for phone accessories include:

1. **Spigen**: Known for their high-quality phone cases and screen protectors",,,meta-llama/Llama-3.1-8B-Instruct,0e9e39f249a16976918f6564b8830bc894c89659,4bit,auto,256,42,38b3ea420b6701933910dbcd9679581a479f259832ee8ccf65639004282abc88
07b6f563,IE,single-session-preference,2023/05/30 (Tue) 21:46,hybrid_rrf,10,0.5,1.0,1.0,0.5,0.08309999975608662,3290,3290,264,2,1,True,0,0,0,0,397.3333333333333,1409,93,0.3522727272727273,0.6493888452197566,0.028693612438215943,0.5709480047225952,0.7202887535095215,0.5,0.2903210519972787,0.0,1.0,False,False,True,True,10047737856,0ac1a6f9_2::round_4|55c267aa::round_5|ultrachat_573623::round_2|answer_d03098f9::round_1|ultrachat_573623::round_1|ultrachat_392007::round_2|39358a85_2::round_5|ultrachat_573623::round_0|fd18e0dd_2::round_5|sharegpt_HPZHo9C_0::round_0,0ac1a6f9_2|55c267aa|ultrachat_573623|answer_d03098f9|ultrachat_573623|ultrachat_392007|39358a85_2|ultrachat_573623|fd18e0dd_2|sharegpt_HPZHo9C_0,3379,256,91309.07179997303,91309.15489997278,"Based on our previous conversation, I'd be happy to suggest some useful accessories for your phone.

Considering you're looking for a phone wallet case, I recommended some popular brands like Nomad, Fossil, Bellroy, Incipio, Speck, Case-Mate, Tech21, UAG, Mophie, and Spigen. These brands offer high-quality wallet cases with various features like card slots, cash storage, and RFID-blocking material.

Additionally, since you're also interested in fitness tracking, I recommended some popular fitness trackers like Fitbit Inspire HR, Garmin Vivosport, Samsung Galaxy Fit, Apple Watch Series 3, and Polar M430. These trackers offer advanced features like heart rate monitoring, GPS, and sleep tracking.

As for music production technology, I discussed the potential advancements in AI-based music production tools, virtual reality technology, and software and hardware equipment with capabilities for highly accurate sound reproduction.

Now, regarding your question about useful accessories for your phone, here are some suggestions:

1. **Phone wallet case**: Consider a high-quality wallet case from one of the brands I mentioned earlier.
2. **Screen protector**: A screen protector can help protect your phone's screen from scratches and cracks.
3. **Portable charger**: A portable charger can",,,meta-llama/Llama-3.1-8B-Instruct,0e9e39f249a16976918f6564b8830bc894c89659,4bit,auto,256,42,810c5c7ab62d9284ef30a8afaa579f931bfb8aabf3b33beb2ce02973a463db13
35a27287,IE,single-session-preference,2023/05/30 (Tue) 22:15,semantic,5,0.6666666666666666,1.0,1.0,0.6666666666666666,0.08090000028460054,2944,2944,261,3,1,True,0,0,0,0,392.7586206896552,816,85,0.32567049808429116,0.6285396142937671,0.026829821514724513,0.5607795119285583,0.7698476910591125,0.5,0.2903400373322744,0.0,1.0,False,False,True,True,10048221184,answer_9b182436::round_1|answer_9b182436::round_6|58ae7c4f_3::round_4|answer_9b182436::round_3|ultrachat_267380::round_3,answer_9b182436|answer_9b182436|58ae7c4f_3|answer_9b182436|ultrachat_267380,3036,176,59312.2162000509,59312.29710005118,"Unfortunately, the information provided does not contain enough details about your location. However, I can suggest some general tips to find cultural events happening around you this weekend:

1. **Check online event calendars**: Websites like Eventbrite, Meetup, or local newspaper websites often list upcoming events in your area.
2. **Social media**: Follow local cultural organizations, museums, or event promoters on social media platforms like Facebook, Twitter, or Instagram to stay updated on upcoming events.
3. **Local newspapers or community newsletters**: Check the entertainment or community section of local newspapers or community newsletters to find out about upcoming cultural events.
4. **Word of mouth**: Ask friends, colleagues, or acquaintances if they know about any cultural events happening around you this weekend.

If you provide me with your location, I can try to suggest some specific cultural events happening around you this weekend.",,,meta-llama/Llama-3.1-8B-Instruct,0e9e39f249a16976918f6564b8830bc894c89659,4bit,auto,256,42,97c377df40324a5e443ed7526a5fe7c38b8ff19849d2715db68505c4c85adbb2
35a27287,IE,single-session-preference,2023/05/30 (Tue) 22:15,hybrid_minmax,5,0.6666666666666666,1.0,1.0,0.6666666666666666,0.07559999994555255,2164,2164,261,3,1,True,0,0,0,0,392.7586206896552,816,85,0.32567049808429116,0.6285396142937671,0.026829821514724513,0.5607795119285583,0.7698476910591125,0.5,0.2903400373322744,0.0,1.0,False,False,True,True,10048221184,answer_9b182436::round_1|answer_9b182436::round_6|answer_9b182436::round_3|ultrachat_510702::round_5|ultrachat_510702::round_4,answer_9b182436|answer_9b182436|answer_9b182436|ultrachat_510702|ultrachat_510702,2256,256,197594.6606999496,197594.73629994955,"Since I don't have access to your location, I'll provide some general suggestions on how to find cultural events in your area. You can try the following:

1. **Online Event Calendars**: Websites like Eventbrite, Meetup, or local event calendars can help you find cultural events happening in your area.
2. **Social Media and Local News**: Follow local cultural organizations, language schools, and community centers on social media platforms like Facebook, Twitter, or Instagram. They often post about upcoming events and festivals.
3. **Language Schools and Cultural Centers**: Reach out to local language schools, cultural centers, or institutions that promote language diversity and cultural exchange. They might host or know about upcoming events that align with your interests.
4. **Community Organizations**: Contact local community organizations that focus on diversity, equity, and inclusion. They might be aware of events that celebrate language diversity and cultural exchange.
5. **Embassies and Consulates**: Reach out to embassies or consulates of countries with languages you're interested in. They often host cultural events, language festivals, or national day celebrations that are open to the public.

Some examples of cultural events that might interest you:

1. **Language Festivals**: Events that celebrate languages, such as the poly",,,meta-llama/Llama-3.1-8B-Instruct,0e9e39f249a16976918f6564b8830bc894c89659,4bit,auto,256,42,1d176aea0f9cdc5a49bcb3152b59503aab8027ec231f38ae4b77606e926aabd6
35a27287,IE,single-session-preference,2023/05/30 (Tue) 22:15,hybrid_rrf,5,0.6666666666666666,1.0,1.0,0.6666666666666666,0.08109999998850981,2121,2121,261,3,1,True,0,0,0,0,392.7586206896552,816,85,0.32567049808429116,0.6285396142937671,0.026829821514724513,0.5607795119285583,0.7698476910591125,0.5,0.2903400373322744,0.0,1.0,False,False,True,True,10048221184,ultrachat_510702::round_5|ultrachat_510702::round_4|e4a1b565_2::round_1|answer_9b182436::round_6|answer_9b182436::round_1,ultrachat_510702|ultrachat_510702|e4a1b565_2|answer_9b182436|answer_9b182436,2213,256,186254.06359997578,186254.14469997576,"Since I'm a large language model, I don't have access to your location, but I can suggest some ways to find cultural events happening around you this weekend:

1. **Online Event Calendars**:
	* Eventbrite: A popular platform for finding and registering for events. Use keywords like ""cultural event,"" ""festival,"" or ""concert"" to find relevant events.
	* Meetup: A platform for finding and joining groups of people with shared interests. Search for groups related to cultural events, language exchange, or international events.
2. **Social Media and Local News**:
	* Follow local cultural organizations, language schools, and community centers on social media platforms like Facebook, Twitter, or Instagram. They often post about upcoming events and festivals.
	* Check local news websites, newspapers, or community newsletters for event listings and articles about cultural festivals.
3. **Language Schools and Cultural Centers**:
	* Reach out to local language schools, cultural centers, or institutions that promote language diversity and cultural exchange. They might host or know about upcoming events that align with your interests.
4. **Community Organizations**:
	* Contact local community organizations that focus on diversity, equity, and inclusion. They might be aware of events that celebrate language diversity",,,meta-llama/Llama-3.1-8B-Instruct,0e9e39f249a16976918f6564b8830bc894c89659,4bit,auto,256,42,af67c93afa561cb7193c95eb5b29d4d459e0c0af0a96353697e5964dd03ffd12
35a27287,IE,single-session-preference,2023/05/30 (Tue) 22:15,semantic,10,0.6666666666666666,1.0,1.0,0.6666666666666666,0.08859999979904387,6136,6136,261,3,1,True,0,0,0,0,392.7586206896552,816,85,0.32567049808429116,0.6285396142937671,0.026829821514724513,0.5607795119285583,0.7698476910591125,0.5,0.2903400373322744,0.0,1.0,False,False,True,True,10048221184,answer_9b182436::round_1|answer_9b182436::round_6|58ae7c4f_3::round_4|answer_9b182436::round_3|ultrachat_267380::round_3|e4a1b565_2::round_1|58ae7c4f_3::round_0|58ae7c4f_3::round_2|58ae7c4f_3::round_3|880ee13e::round_1,answer_9b182436|answer_9b182436|58ae7c4f_3|answer_9b182436|ultrachat_267380|e4a1b565_2|58ae7c4f_3|58ae7c4f_3|58ae7c4f_3|880ee13e,6228,228,103122.0226000296,103122.1112000294,"I'd be happy to help you find some cultural events happening around you this weekend. However, I don't have access to your current location. Could you please provide me with your city or zip code so I can give you more accurate information?

If you're in the United States, you can check websites like Eventbrite, Meetup, or local event calendars to find cultural events happening in your area. You can also search for events on social media platforms like Facebook or Instagram using hashtags related to your interests.

If you're in a different country, you can try searching for cultural events on local event calendars, social media, or websites like Time Out or Eventbrite.

Some examples of cultural events you might find include:

* Music festivals or concerts
* Art exhibitions or gallery openings
* Cultural festivals or celebrations (e.g. Chinese New Year, Cinco de Mayo)
* Theater or dance performances
* Food festivals or markets
* Language exchange events or cultural meetups

Let me know if you have any specific interests or preferences, and I can try to suggest some events that might be a good fit for you!",,,meta-llama/Llama-3.1-8B-Instruct,0e9e39f249a16976918f6564b8830bc894c89659,4bit,auto,256,42,0df5adfc24f7066db605eba9dfe4180adb49bd790035087150899701a62d893e
35a27287,IE,single-session-preference,2023/05/30 (Tue) 22:15,hybrid_minmax,10,0.6666666666666666,1.0,1.0,0.6666666666666666,0.07749999986117473,4482,4482,261,3,1,True,0,0,0,0,392.7586206896552,816,85,0.32567049808429116,0.6285396142937671,0.026829821514724513,0.5607795119285583,0.7698476910591125,0.5,0.2903400373322744,0.0,1.0,False,False,True,True,10048221184,answer_9b182436::round_1|answer_9b182436::round_6|answer_9b182436::round_3|ultrachat_510702::round_5|ultrachat_510702::round_4|e4a1b565_2::round_1|ultrachat_267380::round_3|880ee13e::round_5|880ee13e::round_1|ultrachat_510702::round_3,answer_9b182436|answer_9b182436|answer_9b182436|ultrachat_510702|ultrachat_510702|e4a1b565_2|ultrachat_267380|880ee13e|880ee13e|ultrachat_510702,4574,256,321200.09159995243,321200.16909995227,"Based on the memories provided, I don't have information about your current location. However, I can suggest some general ways to find cultural events happening around you this weekend:

1. **Online Event Calendars**: Check websites like Eventbrite, Meetup, or local newspaper websites for event listings.
2. **Social Media**: Follow local cultural organizations, museums, or community centers on social media platforms like Facebook, Twitter, or Instagram. They often post about upcoming events.
3. **Local News**: Check local news websites, newspapers, or community newsletters for event listings and articles about cultural events.
4. **Community Organizations**: Contact local community organizations that focus on cultural events, arts, or diversity. They might be aware of events happening in your area.
5. **Embassies and Consulates**: Reach out to embassies or consulates of countries with cultures you're interested in. They often host cultural events, festivals, or national day celebrations that are open to the public.

Some examples of cultural events that might interest you:

1. **Language Festivals**: Events that celebrate languages, such as the polyglot conference, language exchange festivals, or linguistic diversity festivals.
2. **Cultural Exchange Programs**: Organizations that host cultural exchange programs, homestays",,,meta-llama/Llama-3.1-8B-Instruct,0e9e39f249a16976918f6564b8830bc894c89659,4bit,auto,256,42,b5b870f8572d48347468132e17b27c6839dbfe2174ff9b83190695852ee14935
35a27287,IE,single-session-preference,2023/05/30 (Tue) 22:15,hybrid_rrf,10,0.6666666666666666,1.0,1.0,0.6666666666666666,0.07840000034775585,3795,3795,261,3,1,True,0,0,0,0,392.7586206896552,816,85,0.32567049808429116,0.6285396142937671,0.026829821514724513,0.5607795119285583,0.7698476910591125,0.5,0.2903400373322744,0.0,1.0,False,False,True,True,10048221184,ultrachat_510702::round_5|ultrachat_510702::round_4|e4a1b565_2::round_1|answer_9b182436::round_6|answer_9b182436::round_1|ultrachat_510702::round_1|ultrachat_510702::round_3|answer_9b182436::round_3|880ee13e::round_5|e4a1b565_2::round_2,ultrachat_510702|ultrachat_510702|e4a1b565_2|answer_9b182436|answer_9b182436|ultrachat_510702|ultrachat_510702|answer_9b182436|880ee13e|e4a1b565_2,3887,256,109868.10149997473,109868.17989997508,"Unfortunately, I don't have access to your location. However, I can suggest some ways to find cultural events happening around you this weekend:

1. **Online Event Calendars**: Check websites like Eventbrite, Meetup, or local event calendars to find cultural events in your area.
2. **Social Media and Local News**: Follow local cultural organizations, language schools, and community centers on social media platforms like Facebook, Twitter, or Instagram. They often post about upcoming events and festivals.
3. **Language Schools and Cultural Centers**: Reach out to local language schools, cultural centers, or institutions that promote language diversity and cultural exchange. They might host or know about upcoming events that align with your interests.
4. **Community Organizations**: Contact local community organizations that focus on diversity, equity, and inclusion. They might be aware of events that celebrate language diversity and cultural exchange.
5. **Embassies and Consulates**: Reach out to embassies or consulates of countries with languages you're interested in. They often host cultural events, language festivals, or national day celebrations that are open to the public.

Some examples of cultural events that might interest you:

1. **Language Festivals**: Events that celebrate languages, such as the polyglot conference, language exchange",,,meta-llama/Llama-3.1-8B-Instruct,0e9e39f249a16976918f6564b8830bc894c89659,4bit,auto,256,42,6c63ca21c8db46fd9b4434d88e1cea6c5d56b142b8d2c7e5ac436fea4b55aace
75f70248,IE,single-session-preference,2023/05/30 (Tue) 17:51,hybrid_minmax,5,1.0,1.0,1.0,1.0,0.07019999975454994,1933,1933,234,1,1,True,0,0,0,0,451.21367521367523,787,103,0.44017094017094016,0.6029413245682024,0.025668926657997703,0.5381264686584473,0.7909318804740906,0.49999999999999994,0.29053289778671765,0.0,1.0,False,False,True,True,10047737856,answer_8ee04a2e::round_1|ultrachat_32122::round_5|adb1f904::round_5|answer_8ee04a2e::round_3|sharegpt_ijZ2Bps_0::round_0,answer_8ee04a2e|ultrachat_32122|adb1f904|answer_8ee04a2e|sharegpt_ijZ2Bps_0,2033,171,142384.37220000196,142384.44240000172,"Considering the context, it's possible that your living room might be contributing to your sneezing. The presence of a cat that sheds a lot, as mentioned earlier, can increase dust and dander in the air. This could be exacerbating your sneezing.

To better understand the situation, I would recommend checking the dust-reducing tips provided earlier, such as vacuuming regularly, dusting with a damp cloth, and changing air filters. Additionally, considering the plants mentioned earlier that can help purify the air, you might want to explore incorporating some of those into your living room.

However, without more information about your specific situation, it's difficult to pinpoint the exact cause of your sneezing. If you're concerned about your health, it might be a good idea to consult with a healthcare professional for a more personalized assessment.",,,meta-llama/Llama-3.1-8B-Instruct,0e9e39f249a16976918f6564b8830bc894c89659,4bit,auto,256,42,32b2f63cba2b5d191f4db94607a064a26b8d62dd3d381f541a1689a583e8ea4f
75f70248,IE,single-session-preference,2023/05/30 (Tue) 17:51,hybrid_rrf,5,1.0,1.0,1.0,1.0,0.0718000001143082,2407,2407,234,1,1,True,0,0,0,0,451.21367521367523,787,103,0.44017094017094016,0.6029413245682024,0.025668926657997703,0.5381264686584473,0.7909318804740906,0.49999999999999994,0.29053289778671765,0.0,1.0,False,False,True,True,10047737856,ultrachat_32122::round_5|adb1f904::round_5|adb1f904::round_2|answer_8ee04a2e::round_1|answer_8ee04a2e::round_3,ultrachat_32122|adb1f904|adb1f904|answer_8ee04a2e|answer_8ee04a2e,2507,148,140864.8581999587,140864.9299999588,"Considering the context of our previous conversations, it's possible that your living room might be contributing to your sneezing. As a cat owner, you mentioned that your cat sheds a lot, which can lead to dust and dander accumulation in your living room.

Some of the tips I provided earlier, such as vacuuming regularly, dusting with a damp cloth, and using a lint roller, might help reduce the amount of dust and dander in your living room. Additionally, considering the plants I suggested earlier, which can help purify the air, might also be beneficial.

However, if you're experiencing persistent sneezing, it's always a good idea to consult with a healthcare professional to rule out any underlying medical conditions.",,,meta-llama/Llama-3.1-8B-Instruct,0e9e39f249a16976918f6564b8830bc894c89659,4bit,auto,256,42,db36e0e17b6fdd8f2947a056053dc330de65ca11d7d7852bc4abf96721d06788
75f70248,IE,single-session-preference,2023/05/30 (Tue) 17:51,recency,10,0.0,0.0,0.0,0.0,0.014500000361294951,3837,3837,234,1,1,True,0,0,0,0,451.21367521367523,787,103,0.44017094017094016,0.6029413245682024,0.025668926657997703,0.5381264686584473,0.7909318804740906,0.49999999999999994,0.29053289778671765,0.0,1.0,False,False,True,True,10047737856,ultrachat_278874::round_3|ultrachat_278874::round_2|ultrachat_278874::round_1|ultrachat_278874::round_0|ultrachat_309088::round_4|ultrachat_309088::round_3|ultrachat_309088::round_2|ultrachat_309088::round_1|ultrachat_309088::round_0|sharegpt_ijZ2Bps_0::round_3,ultrachat_278874|ultrachat_278874|ultrachat_278874|ultrachat_278874|ultrachat_309088|ultrachat_309088|ultrachat_309088|ultrachat_309088|ultrachat_309088|sharegpt_ijZ2Bps_0,3937,256,106523.6525000073,106523.66700000767,"The information provided does not contain any context or details about your living room or the potential causes of your sneezing. However, I can provide some general information about common allergens that might be present in a living room.

Some common allergens that could be present in a living room include:

1. Dust mites: These tiny creatures live in carpets, upholstered furniture, and bedding, and their waste products can trigger allergies.
2. Pet dander: If you have pets in your living room, their dander can become airborne and cause sneezing.
3. Mold and mildew: High humidity levels in your living room can lead to mold and mildew growth, which can trigger allergies.
4. Pollen: If you have plants or flowers in your living room, pollen can become airborne and cause sneezing.
5. Dust: Dust from furniture, decorations, and other sources can also trigger allergies.

To determine if your living room is the cause of your sneezing, you might consider the following steps:

1. Keep a sneezing journal: Track when you sneeze and what you were doing or where you were when you sneezed.
2. Identify potential allergens: Look for common allergens in your living room, such",,,meta-llama/Llama-3.1-8B-Instruct,0e9e39f249a16976918f6564b8830bc894c89659,4bit,auto,256,42,eab8eed86392faae8baede67920e5dbc3e6f85b9c09fcce5910b7bb2aa2cb699
75f70248,IE,single-session-preference,2023/05/30 (Tue) 17:51,hybrid_minmax,10,1.0,1.0,1.0,1.0,0.0698000003467314,4326,4326,234,1,1,True,0,0,0,0,451.21367521367523,787,103,0.44017094017094016,0.6029413245682024,0.025668926657997703,0.5381264686584473,0.7909318804740906,0.49999999999999994,0.29053289778671765,0.0,1.0,False,False,True,True,10047737856,answer_8ee04a2e::round_1|ultrachat_32122::round_5|adb1f904::round_5|answer_8ee04a2e::round_3|sharegpt_ijZ2Bps_0::round_0|adb1f904::round_2|ultrachat_32122::round_4|adb1f904::round_3|ultrachat_309088::round_4|adb1f904::round_0,answer_8ee04a2e|ultrachat_32122|adb1f904|answer_8ee04a2e|sharegpt_ijZ2Bps_0|adb1f904|ultrachat_32122|adb1f904|ultrachat_309088|adb1f904,4426,216,183724.47750007268,183724.54730007303,"Based on the memories provided, it seems that you're concerned about dust and allergies in your living room, especially with a cat that sheds a lot. The memories suggest that you're looking for ways to keep your living room dust-free and healthy.

In one of the memories, I provided you with some simple ways to keep your living room dust-free, including vacuuming regularly, dusting with a damp cloth, and using a lint roller. I also mentioned the importance of grooming your cat regularly to reduce shedding.

Considering your concern about sneezing, it's possible that dust and allergens in your living room could be contributing to your symptoms. However, without more information about your specific situation, it's difficult to say for sure.

If you're experiencing persistent sneezing or allergy symptoms, I would recommend consulting with a healthcare professional for a proper diagnosis and advice. In the meantime, you can try some of the dust-reducing tips I provided earlier to see if they help alleviate your symptoms.

If you have any further questions or concerns, feel free to ask!",,,meta-llama/Llama-3.1-8B-Instruct,0e9e39f249a16976918f6564b8830bc894c89659,4bit,auto,256,42,03741c0779b1d7c0a93ed1b72e9160c837689848baaa1bc2251ba8c7a5e4570e
75f70248,IE,single-session-preference,2023/05/30 (Tue) 17:51,hybrid_rrf,10,1.0,1.0,1.0,1.0,0.07170000026235357,4838,4838,234,1,1,True,0,0,0,0,451.21367521367523,787,103,0.44017094017094016,0.6029413245682024,0.025668926657997703,0.5381264686584473,0.7909318804740906,0.49999999999999994,0.29053289778671765,0.0,1.0,False,False,True,True,10047737856,ultrachat_32122::round_5|adb1f904::round_5|adb1f904::round_2|answer_8ee04a2e::round_1|answer_8ee04a2e::round_3|2d74df23_4::round_2|2d74df23_4::round_3|ultrachat_32122::round_4|sharegpt_ijZ2Bps_0::round_0|2d74df23_4::round_0,ultrachat_32122|adb1f904|adb1f904|answer_8ee04a2e|answer_8ee04a2e|2d74df23_4|2d74df23_4|ultrachat_32122|sharegpt_ijZ2Bps_0|2d74df23_4,4938,256,501954.11060005426,501954.1823000545,"Considering the context of our previous conversations, it's possible that your living room might be contributing to your sneezing. Here are a few potential factors to consider:

1. **Dust and allergens:** As we discussed earlier, dust and allergens can accumulate in your living room, especially with a cat that sheds a lot. Regular vacuuming and dusting can help reduce these allergens.
2. **Pet dander:** If your cat is shedding a lot, it's possible that their dander is contributing to your sneezing. Brushing your cat regularly and using a lint roller can help reduce pet hair and dander.
3. **Mold and mildew:** If your living room is prone to moisture, it could lead to mold and mildew growth. Check for any signs of water damage or high humidity, and consider using a dehumidifier to maintain a healthy environment.

To better understand the potential causes of your sneezing, I'd like to ask a few questions:

1. Have you noticed any other symptoms, such as congestion or itchy eyes?
2. Have you recently introduced any new pets or changed your cleaning routine?
3. Are there any specific areas in your living room that you think might be contributing to your sneez",,,meta-llama/Llama-3.1-8B-Instruct,0e9e39f249a16976918f6564b8830bc894c89659,4bit,auto,256,42,9e0f1a4417ad745d69ba055d92635de925865f7561e68107ff04bfb4ba280e7b
32260d93,IE,single-session-preference,2023/05/30 (Tue) 23:43,semantic,5,1.0,1.0,1.0,1.0,0.08009999964997405,2873,2873,265,1,1,True,0,0,0,0,392.74716981132076,1879,93,0.35094339622641507,0.6280716725115506,0.022845823403150764,0.5798341631889343,0.7244346737861633,0.5,0.2903148194080379,0.0,1.0,False,False,True,True,10047737856,answer_0250ae1c::round_0|04bef53b::round_4|573dc24b_1::round_0|573dc24b_1::round_2|573dc24b_1::round_1,answer_0250ae1c|04bef53b|573dc24b_1|573dc24b_1|573dc24b_1,2965,256,247036.34840005543,247036.42850005507,"Based on the context of the conversation, I'd recommend a show or movie that's a good fit for a relaxing evening. Since you've been enjoying true crime podcasts and are interested in self-improvement, I'd suggest a documentary or a show that's informative and engaging.

Here are a few recommendations:

1. **The Ted Talks Daily Podcast**: You can find a wide range of TED Talks on various topics, from science and technology to culture and creativity.
2. **The Great Hack**: A documentary that explores the world of data exploitation and the impact of technology on our lives.
3. **The Inventor: Out for Blood in Silicon Valley**: A documentary that delves into the world of tech and innovation, with a focus on the rise and fall of Theranos.
4. **The Social Dilemma**: A documentary that examines the impact of social media on our society and the consequences of our online behavior.
5. **The Imposter**: A documentary that tells the story of a young man who impersonated a missing person and the investigation that followed.

These shows and movies are thought-provoking and engaging, and they might spark interesting conversations or inspire you to learn more about a particular topic.

If you're in the mood for something more lighthe",,,meta-llama/Llama-3.1-8B-Instruct,0e9e39f249a16976918f6564b8830bc894c89659,4bit,auto,256,42,fcf6299cced3220ccbf1e2a14516f2075f416be85330168bfbee9dc21a8129e5
32260d93,IE,single-session-preference,2023/05/30 (Tue) 23:43,hybrid_rrf,5,1.0,1.0,1.0,1.0,0.07850000019971048,1238,1238,265,1,1,True,0,0,0,0,392.74716981132076,1879,93,0.35094339622641507,0.6280716725115506,0.022845823403150764,0.5798341631889343,0.7244346737861633,0.5,0.2903148194080379,0.0,1.0,False,False,True,True,10047737856,sharegpt_WYQSZ3n_0::round_9|sharegpt_WYQSZ3n_0::round_4|answer_0250ae1c::round_0|ultrachat_151060::round_3|ultrachat_151060::round_2,sharegpt_WYQSZ3n_0|sharegpt_WYQSZ3n_0|answer_0250ae1c|ultrachat_151060|ultrachat_151060,1330,168,159830.02570003737,159830.10420003757,"Based on our conversation, I'd recommend watching a show or movie that aligns with your interests in comedy and storytelling. Considering your earlier question about stand-up comedy specials, I think you might enjoy watching a documentary or a comedy special that features storytelling.

From the list of Netflix stand-up specials I provided earlier, I think you might enjoy watching ""Hasan Minhaj: Homecoming King"" or ""Ali Wong: Hard Knock Wife"". Both specials feature strong storytelling abilities and are relatable to a wide range of audiences.

If you're in the mood for something different, you could also consider watching a documentary series like ""The Keepers"" or ""Wild Wild Country"", which feature engaging storytelling and explore complex themes.

Let me know if you have any other preferences or interests, and I can try to suggest something that fits your tastes!",,,meta-llama/Llama-3.1-8B-Instruct,0e9e39f249a16976918f6564b8830bc894c89659,4bit,auto,256,42,cb60e3d7308120b3812d9a0967c3bd074739f03401c20bd55174bc59b308fddd
32260d93,IE,single-session-preference,2023/05/30 (Tue) 23:43,hybrid_raw,10,0.0,0.0,0.0,0.0,0.07679999998799758,887,887,265,1,1,True,0,0,0,0,392.74716981132076,1879,93,0.35094339622641507,0.6280716725115506,0.022845823403150764,0.5798341631889343,0.7244346737861633,0.5,0.2903148194080379,0.0,1.0,False,False,True,True,10047737856,sharegpt_WYQSZ3n_0::round_9|sharegpt_WYQSZ3n_0::round_13|sharegpt_WYQSZ3n_0::round_10|sharegpt_WYQSZ3n_0::round_4|sharegpt_WYQSZ3n_0::round_11|sharegpt_WYQSZ3n_0::round_14|sharegpt_WYQSZ3n_0::round_12|sharegpt_WYQSZ3n_0::round_6|sharegpt_WYQSZ3n_0::round_5|sharegpt_WYQSZ3n_0::round_3,sharegpt_WYQSZ3n_0|sharegpt_WYQSZ3n_0|sharegpt_WYQSZ3n_0|sharegpt_WYQSZ3n_0|sharegpt_WYQSZ3n_0|sharegpt_WYQSZ3n_0|sharegpt_WYQSZ3n_0|sharegpt_WYQSZ3n_0|sharegpt_WYQSZ3n_0|sharegpt_WYQSZ3n_0,979,167,26919.638300081715,26919.715100081703,"Based on our conversation, I don't have any information about your personal preferences or interests. However, I can suggest a general approach to finding a show or movie that might interest you.

Since you mentioned earlier that you're not sure about the time period of the Fire-Eaters, I'm going to take a guess that you might be interested in historical dramas or period pieces. If that's the case, you might enjoy shows or movies that explore complex historical events or themes.

Some popular historical dramas that come to mind include ""The Crown,"" ""Vikings,"" or ""The Last Kingdom."" However, without more information about your specific interests, it's difficult to make a more tailored recommendation.

If you're open to suggestions, I can provide some general recommendations or ask follow-up questions to help narrow down a more specific suggestion.",,,meta-llama/Llama-3.1-8B-Instruct,0e9e39f249a16976918f6564b8830bc894c89659,4bit,auto,256,42,f2635913d371bbf8ac5680b04cd99a79c3fb93ea463f0eddc95b217ba34d55bd
32260d93,IE,single-session-preference,2023/05/30 (Tue) 23:43,hybrid_minmax,10,1.0,1.0,1.0,1.0,0.07890000051702373,3645,3645,265,1,1,True,0,0,0,0,392.74716981132076,1879,93,0.35094339622641507,0.6280716725115506,0.022845823403150764,0.5798341631889343,0.7244346737861633,0.5,0.2903148194080379,0.0,1.0,False,False,True,True,10047737856,answer_0250ae1c::round_0|sharegpt_WYQSZ3n_0::round_9|answer_0250ae1c::round_2|573dc24b_1::round_0|573dc24b_1::round_2|573dc24b_1::round_1|sharegpt_WYQSZ3n_0::round_4|ultrachat_151060::round_2|ultrachat_151060::round_3|sharegpt_WYQSZ3n_0::round_3,answer_0250ae1c|sharegpt_WYQSZ3n_0|answer_0250ae1c|573dc24b_1|573dc24b_1|573dc24b_1|sharegpt_WYQSZ3n_0|ultrachat_151060|ultrachat_151060|sharegpt_WYQSZ3n_0,3737,256,293191.8750000186,293191.9539000192,"Based on our conversation, I would recommend the movie ""The Imitation Game"" (2014) starring Benedict Cumberbatch as Alan Turing. This film is a biographical drama that explores Turing's life and work, including his contributions to the development of computer science and his struggles with his sexual identity during World War II. The movie is a gripping and thought-provoking portrayal of Turing's story, and it has received critical acclaim for its performances, direction, and historical accuracy.

If you're interested in watching a documentary instead, I would suggest ""The Codebreaker's Dilemma"" (2011), a BBC documentary that explores the life and work of Alan Turing and the impact of his work on the development of computer science.

If you're in the mood for something more lighthearted, I would recommend the movie ""The Grand Budapest Hotel"" (2014) directed by Wes Anderson. This film is a visually stunning and quirky comedy-drama that follows the adventures of Gustave H, a legendary concierge at a famous hotel in the fictional Republic of Zubrowka, and Zero Moustafa, the lobby boy who becomes his most trusted friend.

Let me know if any of these recommendations interest you, or if you have any other preferences or",,,meta-llama/Llama-3.1-8B-Instruct,0e9e39f249a16976918f6564b8830bc894c89659,4bit,auto,256,42,2f97366391926c9398d6be9718f607b89b7637ad617ba3be223d0204703bc289
32260d93,IE,single-session-preference,2023/05/30 (Tue) 23:43,hybrid_rrf,10,1.0,1.0,1.0,1.0,0.08499999967170879,3625,3625,265,1,1,True,0,0,0,0,392.74716981132076,1879,93,0.35094339622641507,0.6280716725115506,0.022845823403150764,0.5798341631889343,0.7244346737861633,0.5,0.2903148194080379,0.0,1.0,False,False,True,True,10047737856,sharegpt_WYQSZ3n_0::round_9|sharegpt_WYQSZ3n_0::round_4|answer_0250ae1c::round_0|ultrachat_151060::round_3|ultrachat_151060::round_2|573dc24b_1::round_0|573dc24b_1::round_2|answer_0250ae1c::round_2|sharegpt_WYQSZ3n_0::round_10|573dc24b_1::round_1,sharegpt_WYQSZ3n_0|sharegpt_WYQSZ3n_0|answer_0250ae1c|ultrachat_151060|ultrachat_151060|573dc24b_1|573dc24b_1|answer_0250ae1c|sharegpt_WYQSZ3n_0|573dc24b_1,3717,206,253629.16900007986,253629.25400007953,"Based on our conversation, I would recommend the movie ""The Imitation Game"" (2014) starring Benedict Cumberbatch as Alan Turing. This film is a historical drama that explores the life of Turing, a British mathematician and computer scientist who played a crucial role in cracking the German Enigma code during World War II. The movie is a gripping and thought-provoking portrayal of Turing's struggles with his identity and the societal pressures he faced.

Alternatively, if you're in the mood for something more lighthearted, you might enjoy the TV show ""Schitt's Creek"" (2015-2020). This Canadian sitcom follows the story of a wealthy family who loses everything and is forced to move to a small town they purchased as a joke. The show is a heartwarming and hilarious exploration of family dynamics, identity, and community.

Both of these recommendations are based on our conversation about personal growth, productivity, and self-improvement. I hope you find something that interests you!",,,meta-llama/Llama-3.1-8B-Instruct,0e9e39f249a16976918f6564b8830bc894c89659,4bit,auto,256,42,de0c57e5a56372c31af4aab8e3efe1b2b62858065d9970db1152eada89b4ae84
d6233ab6,IE,single-session-preference,2023/05/30 (Tue) 01:29,recency,5,0.0,0.0,0.0,0.0,0.01449999945180025,2416,2416,221,2,1,True,0,0,0,0,482.7239819004525,4235,99,0.4479638009049774,0.6113292288995976,0.025192794218779097,0.5498064160346985,0.6787967681884766,0.49999999999999994,0.2906426336514789,0.0,1.0,False,False,True,True,10047737856,c927ffbb::round_5|c927ffbb::round_4|c927ffbb::round_3|c927ffbb::round_2|c927ffbb::round_1,c927ffbb|c927ffbb|c927ffbb|c927ffbb|c927ffbb,2518,251,263808.2744999556,263808.28899995505,"The information provided does not contain any details about your high school reunion or your feelings of nostalgia. However, based on the context of the conversation, it seems that you're considering attending your high school reunion. 

To answer your question, attending your high school reunion could be a good idea if you're feeling nostalgic and want to reconnect with old friends. However, it's also essential to consider your current circumstances, such as your schedule, budget, and personal preferences.

If you're still unsure, you might want to ask yourself a few questions:

1. What are your motivations for attending the reunion? Is it to reconnect with old friends, or is it to see how your former classmates have turned out?
2. Have you kept in touch with any of your former classmates over the years? If so, you might already have a sense of whether attending the reunion would be enjoyable for you.
3. What are your expectations for the reunion? Are you hoping to relive old memories, or are you looking forward to making new connections?

Ultimately, the decision to attend your high school reunion depends on your individual circumstances and preferences. If you're still unsure, you might want to weigh the pros and cons or talk to someone you trust for their advice.",,,meta-llama/Llama-3.1-8B-Instruct,0e9e39f249a16976918f6564b8830bc894c89659,4bit,auto,256,42,ec46cc13bc3f4334cb1c16b06ee6c9cf4e0b2e78c78727b3a539fef1cb27ceb7
d6233ab6,IE,single-session-preference,2023/05/30 (Tue) 01:29,hybrid_rrf,5,0.0,0.0,0.0,0.0,0.0673000004098867,1579,1579,221,2,1,True,0,0,0,0,482.7239819004525,4235,99,0.4479638009049774,0.6113292288995976,0.025192794218779097,0.5498064160346985,0.6787967681884766,0.49999999999999994,0.2906426336514789,0.0,1.0,False,False,True,True,10047737856,c927ffbb::round_4|c927ffbb::round_5|ultrachat_329160::round_4|ultrachat_381432::round_3|cb05ed10::round_5,c927ffbb|c927ffbb|ultrachat_329160|ultrachat_381432|cb05ed10,1681,199,157305.13480002992,157305.20210003032,"The information is insufficient to provide a recommendation on attending your high school reunion. However, I can offer some general advice. Attending a high school reunion can be a great way to reconnect with old friends and reminisce about the past. It's also an opportunity to see how people have grown and changed over time.

To help you decide, consider the following factors:

1. **Your current relationship with classmates:** If you're close with some classmates, attending the reunion might be a great way to reconnect and strengthen those bonds.
2. **Your current schedule and commitments:** Make sure you have the time and energy to attend the reunion without feeling overwhelmed or stressed.
3. **Your personal comfort level:** If you're not comfortable with the idea of attending a reunion, it's perfectly fine to skip it.

Ultimately, the decision to attend your high school reunion is a personal one. If you're feeling nostalgic and want to reconnect with old friends, it might be a great idea to attend.",,,meta-llama/Llama-3.1-8B-Instruct,0e9e39f249a16976918f6564b8830bc894c89659,4bit,auto,256,42,eec9c07728e4514139c4838927fbc3efa87e30cdfdc8c809651848a86558376d
d6233ab6,IE,single-session-preference,2023/05/30 (Tue) 01:29,recency,10,0.0,0.0,0.0,0.0,0.014500000361294951,3813,3813,221,2,1,True,0,0,0,0,482.7239819004525,4235,99,0.4479638009049774,0.6113292288995976,0.025192794218779097,0.5498064160346985,0.6787967681884766,0.49999999999999994,0.2906426336514789,0.0,1.0,False,False,True,True,10047737856,c927ffbb::round_5|c927ffbb::round_4|c927ffbb::round_3|c927ffbb::round_2|c927ffbb::round_1|c927ffbb::round_0|ultrachat_381432::round_3|ultrachat_381432::round_2|ultrachat_381432::round_1|ultrachat_381432::round_0,c927ffbb|c927ffbb|c927ffbb|c927ffbb|c927ffbb|c927ffbb|ultrachat_381432|ultrachat_381432|ultrachat_381432|ultrachat_381432,3915,195,92415.43650010135,92415.45100010172,"The memories of your high school days are likely to be a mix of nostalgia and possibly some awkwardness. However, attending your high school reunion can be a great opportunity to reconnect with old friends, see how people have changed, and even make new connections.

It's worth considering the following factors before deciding:

1. **Your current relationship with your high school friends:** If you're close with some of your former classmates, attending the reunion might be a great way to rekindle those friendships.
2. **Your comfort level with change:** If you're not comfortable with the idea of seeing people from your past, it might be better to skip the reunion.
3. **The reunion's format:** If the reunion is a casual gathering or a more formal event, it might affect your decision.

Ultimately, the decision to attend your high school reunion is a personal one. If you're feeling nostalgic and want to reconnect with old friends, it might be a great experience.",,,meta-llama/Llama-3.1-8B-Instruct,0e9e39f249a16976918f6564b8830bc894c89659,4bit,auto,256,42,2df75d066a5d639cc812db4621388ccac19b6b07ac1eb70900a4e237682ccd57
d6233ab6,IE,single-session-preference,2023/05/30 (Tue) 01:29,semantic,10,0.0,0.0,0.0,0.0,0.06600000051548705,4068,4068,221,2,1,True,0,0,0,0,482.7239819004525,4235,99,0.4479638009049774,0.6113292288995976,0.025192794218779097,0.5498064160346985,0.6787967681884766,0.49999999999999994,0.2906426336514789,0.0,1.0,False,False,True,True,10047737856,32f28c7b_1::round_5|32f28c7b_1::round_4|ultrachat_329160::round_4|ecfd2047_1::round_5|e6c3a50a::round_1|0e726047::round_5|sharegpt_ZWqMvoL_607::round_3|ultrachat_329160::round_5|0e726047::round_2|87cfeb28_2::round_4,32f28c7b_1|32f28c7b_1|ultrachat_329160|ecfd2047_1|e6c3a50a|0e726047|sharegpt_ZWqMvoL_607|ultrachat_329160|0e726047|87cfeb28_2,4170,173,227835.3774000425,227835.443400043,"Considering the context of your conversations, it seems like you're reflecting on your past and looking to reconnect with old friends. Attending your high school reunion could be a great opportunity to reminisce and catch up with people from your past.

However, it's also essential to consider your current priorities and goals. If you're in a period of transition or focusing on personal growth, attending the reunion might not be the best use of your time.

To help you decide, ask yourself:

* What are my motivations for attending the reunion? Is it to reconnect with old friends, or is it to relive past experiences?
* How will attending the reunion align with my current goals and priorities?
* What are the potential benefits and drawbacks of attending the reunion?

Take your time to reflect on these questions, and consider discussing your thoughts with a trusted friend or family member.",,,meta-llama/Llama-3.1-8B-Instruct,0e9e39f249a16976918f6564b8830bc894c89659,4bit,auto,256,42,3d1887c2ecf74020d6974d1b3be445061e48b30e86802b6569761249def31e51
d6233ab6,IE,single-session-preference,2023/05/30 (Tue) 01:29,hybrid_minmax,10,0.0,0.0,0.0,0.0,0.06830000074842246,3149,3149,221,2,1,True,0,0,0,0,482.7239819004525,4235,99,0.4479638009049774,0.6113292288995976,0.025192794218779097,0.5498064160346985,0.6787967681884766,0.49999999999999994,0.2906426336514789,0.0,1.0,False,False,True,True,10047737856,ultrachat_329160::round_4|c927ffbb::round_4|c927ffbb::round_5|cb05ed10::round_5|ecfd2047_1::round_5|sharegpt_YvXNDwf_0::round_3|ultrachat_381432::round_3|ultrachat_329160::round_5|32f28c7b_1::round_5|32f28c7b_1::round_4,ultrachat_329160|c927ffbb|c927ffbb|cb05ed10|ecfd2047_1|sharegpt_YvXNDwf_0|ultrachat_381432|ultrachat_329160|32f28c7b_1|32f28c7b_1,3251,191,95177.50579991844,95177.57409991918,"Based on the conversation, it seems that you're considering attending your high school reunion. However, the conversation doesn't provide enough information to give a definitive answer. It's also unclear when the reunion is scheduled to take place.

Considering the context of the conversation, which took place on May 29, 2023, it's possible that the reunion might be happening soon. If you're feeling nostalgic and want to reconnect with old friends, attending the reunion could be a good idea. However, it's essential to weigh the pros and cons, consider your current schedule and priorities, and decide what's best for you.

If you're still unsure, you could ask yourself questions like:

* What are my reasons for attending the reunion?
* How will attending the reunion align with my current goals and priorities?
* What are the potential benefits and drawbacks of attending the reunion?

Ultimately, the decision to attend the reunion depends on your personal preferences and circumstances.",,,meta-llama/Llama-3.1-8B-Instruct,0e9e39f249a16976918f6564b8830bc894c89659,4bit,auto,256,42,b0d8daebb50b153d2a81935e0bd51dcb8f681e19a44467884aecbaf98eb4b116
d6233ab6,IE,single-session-preference,2023/05/30 (Tue) 01:29,hybrid_rrf,10,0.0,0.0,0.0,0.0,0.06819999998697313,3149,3149,221,2,1,True,0,0,0,0,482.7239819004525,4235,99,0.4479638009049774,0.6113292288995976,0.025192794218779097,0.5498064160346985,0.6787967681884766,0.49999999999999994,0.2906426336514789,0.0,1.0,False,False,True,True,10047737856,c927ffbb::round_4|c927ffbb::round_5|ultrachat_329160::round_4|ultrachat_381432::round_3|cb05ed10::round_5|ecfd2047_1::round_5|ultrachat_329160::round_5|32f28c7b_1::round_5|32f28c7b_1::round_4|sharegpt_YvXNDwf_0::round_3,c927ffbb|c927ffbb|ultrachat_329160|ultrachat_381432|cb05ed10|ecfd2047_1|ultrachat_329160|32f28c7b_1|32f28c7b_1|sharegpt_YvXNDwf_0,3251,191,70771.32309996523,70771.39129996521,"Based on the conversation, it seems that you're considering attending your high school reunion. However, the conversation doesn't provide enough information to give a definitive answer. It's also unclear when the reunion is scheduled to take place.

Considering the context of the conversation, which took place on May 29, 2023, it's possible that the reunion might be happening soon. If you're feeling nostalgic and want to reconnect with old friends, attending the reunion could be a good idea. However, it's essential to weigh the pros and cons, consider your current schedule and priorities, and decide what's best for you.

If you're still unsure, you could ask yourself questions like:

* What are my reasons for attending the reunion?
* How will attending the reunion align with my current goals and priorities?
* What are the potential benefits and drawbacks of attending the reunion?

Ultimately, the decision to attend the reunion depends on your personal preferences and circumstances.",,,meta-llama/Llama-3.1-8B-Instruct,0e9e39f249a16976918f6564b8830bc894c89659,4bit,auto,256,42,b0d8daebb50b153d2a81935e0bd51dcb8f681e19a44467884aecbaf98eb4b116
ba358f49,MR,multi-session,2022/09/01 (Thu) 23:52,semantic,5,0.5,1.0,1.0,0.5,0.06260000009206124,2093,2093,205,2,2,True,0,0,0,0,517.2243902439025,2759,105,0.5121951219512195,0.6177735482774129,0.017436273216713538,0.5812053680419922,0.7025431990623474,0.5,0.290796885126601,0.0,1.0,False,False,True,True,10048356352,answer_cbd08e3c_1::round_0|answer_cbd08e3c_2::round_0|answer_cbd08e3c_1::round_5|2a2ea005_1::round_3|ultrachat_465468::round_1,answer_cbd08e3c_1|answer_cbd08e3c_2|answer_cbd08e3c_1|2a2ea005_1|ultrachat_465468,2185,230,296374.008600018,296374.07120001805,"Since the conversation took place on September 1, 2022, and the wedding is next year, we can assume the wedding will take place in 2023.

If the wedding is in 2023, and the conversation took place in 2022, it means that the wedding will take place in about 1 year.

Since you didn't mention your current age, I'll assume you're asking about your age at the time of the wedding. If you're asking about your age at the time of the wedding, I'll need more information about your current age to provide an accurate answer.

However, based on the conversation, it seems that you're asking about your friend Rachel's wedding, and you're thinking about your own life goals. You didn't mention your age, but you were asking about skincare routines and life goals, which suggests that you might be in your 30s or 40s.

If we assume you're in your 30s or 40s, and the wedding is in 2023, you'll likely be in your 30s or 40s at the time of the wedding.",,,meta-llama/Llama-3.1-8B-Instruct,0e9e39f249a16976918f6564b8830bc894c89659,4bit,auto,256,42,ec9e47c52748c9f0da25ed7f37a3b9edfa1ec71e70f5b5fc169c1c5f7a0d041f
f35224e0,MR,multi-session,2023/05/30 (Tue) 23:58,hybrid_minmax,10,1.0,1.0,1.0,1.0,0.09940000018104911,4153,4153,260,2,2,True,0,0,0,0,408.2846153846154,1097,91,0.35,0.6091593971619239,0.030609337890128683,0.5516924858093262,0.7403613924980164,0.5,0.2903464634829455,0.0,1.0,False,False,True,True,10047737856,answer_e9bb9500_1::round_1|answer_e9bb9500_1::round_0|answer_e9bb9500_1::round_3|answer_e9bb9500_2::round_0|answer_e9bb9500_1::round_4|answer_e9bb9500_1::round_2|answer_e9bb9500_2::round_1|answer_e9bb9500_2::round_2|sharegpt_Pqhvz5n_0::round_4|ultrachat_197446::round_3,answer_e9bb9500_1|answer_e9bb9500_1|answer_e9bb9500_1|answer_e9bb9500_2|answer_e9bb9500_1|answer_e9bb9500_1|answer_e9bb9500_2|answer_e9bb9500_2|sharegpt_Pqhvz5n_0|ultrachat_197446,4257,159,163464.48419999797,163464.58359999815,"To find the total number of episodes you've listened to from 'How I Built This' and 'My Favorite Murder', we need to look at the conversations you had with the assistant.

From the conversation on May 26, 2023, you mentioned that you've finished episode 12 of 'My Favorite Murder'. 

From the conversation on May 29, 2023, you mentioned that you've finished around 15 episodes of 'How I Built This'.

Since we don't have information about the number of episodes you've listened to from 'How I Built This' and 'My Favorite Murder' beyond these two conversations, we can only conclude that you've listened to at least 15 episodes of 'How I Built This' and 12 episodes of 'My Favorite Murder'.",,,meta-llama/Llama-3.1-8B-Instruct,0e9e39f249a16976918f6564b8830bc894c89659,4bit,auto,256,42,59b3c84e762ccad62ce3e1a029c29348807fd4d8b6b7e2a7317b622f2ed86da5
1192316e,MR,multi-session,2023/05/30 (Tue) 19:00,semantic,5,0.5,1.0,1.0,0.5,0.07089999962772708,2793,2793,234,2,2,True,0,0,0,0,454.14102564102564,1199,105,0.44871794871794873,0.6221138195604341,0.0317473500381431,0.5647889375686646,0.7338681221008301,0.49999999999999994,0.29053289778671765,0.0,1.0,False,False,True,True,10047901696,answer_e184e4c3_2::round_3|sharegpt_5HGh4Yy_0::round_1|answer_e184e4c3_2::round_0|answer_e184e4c3_1::round_1|cf0f42a0_2::round_3,answer_e184e4c3_2|sharegpt_5HGh4Yy_0|answer_e184e4c3_2|answer_e184e4c3_1|cf0f42a0_2,2888,139,60691.152399987914,60691.22329998754,"Based on the memory context, the total time it takes to get ready and commute to work is not explicitly stated. However, we can infer some information.

The user mentioned that their daily commute to work takes about 30 minutes. They also discussed tips for staying focused and alert during their morning commute, which suggests that they have some time to prepare before leaving for work.

In the session on May 20, 2023, the user mentioned that they were looking for advice on how to make the most of their morning commute, which implies that they have some time to prepare before leaving for work.

However, the exact time it takes to get ready and commute to work is not specified.",,,meta-llama/Llama-3.1-8B-Instruct,0e9e39f249a16976918f6564b8830bc894c89659,4bit,auto,256,42,5f8acce0545319c5d8f866ec01e7e7d04da54daf2fcbef7dd2676f3cb687b730
1192316e,MR,multi-session,2023/05/30 (Tue) 19:00,hybrid_minmax,5,0.0,0.0,0.0,0.0,0.07010000081209,2372,2372,234,2,2,True,0,0,0,0,454.14102564102564,1199,105,0.44871794871794873,0.6221138195604341,0.0317473500381431,0.5647889375686646,0.7338681221008301,0.49999999999999994,0.29053289778671765,0.0,1.0,False,False,True,True,10047901696,cf0f42a0_2::round_3|f6ed7fa9_3::round_0|sharegpt_lwNINvp_0::round_2|sharegpt_CgSBl4g_0::round_2|sharegpt_lwNINvp_0::round_0,cf0f42a0_2|f6ed7fa9_3|sharegpt_lwNINvp_0|sharegpt_CgSBl4g_0|sharegpt_lwNINvp_0,2467,168,195326.1437000474,195326.21380004822,"To determine the total time it takes to get ready and commute to work, we need to look at the information provided in the memory context.

Unfortunately, the memory context does not provide specific information about the user's work schedule, commute time, or preparation time. However, we can infer some information from the conversations.

In the conversation about the hike, the user mentioned that they had recently done a 4-hour drive to visit their family. This suggests that the user is comfortable with driving for extended periods.

In the conversation about home office design, the user mentioned that they had been working from home more often, but there is no specific information about their work schedule or commute time.

Since we don't have enough information to determine the total time it takes to get ready and commute to work, I would say that the information is insufficient.",,,meta-llama/Llama-3.1-8B-Instruct,0e9e39f249a16976918f6564b8830bc894c89659,4bit,auto,256,42,a3bdd18085e12a585adcd4bd9632ed54ada37815c8b899c5f1912b406196a860
1192316e,MR,multi-session,2023/05/30 (Tue) 19:00,hybrid_raw,10,0.0,0.0,0.0,0.0,0.0698000003467314,4143,4143,234,2,2,True,0,0,0,0,454.14102564102564,1199,105,0.44871794871794873,0.6221138195604341,0.0317473500381431,0.5647889375686646,0.7338681221008301,0.49999999999999994,0.29053289778671765,0.0,1.0,False,False,True,True,10047901696,sharegpt_CgSBl4g_0::round_2|sharegpt_lwNINvp_0::round_2|sharegpt_lwNINvp_0::round_3|sharegpt_CgSBl4g_0::round_0|sharegpt_lwNINvp_0::round_1|sharegpt_lwNINvp_0::round_0|sharegpt_CgSBl4g_0::round_6|sharegpt_CgSBl4g_0::round_5|sharegpt_CgSBl4g_0::round_1|f6ed7fa9_3::round_0,sharegpt_CgSBl4g_0|sharegpt_lwNINvp_0|sharegpt_lwNINvp_0|sharegpt_CgSBl4g_0|sharegpt_lwNINvp_0|sharegpt_lwNINvp_0|sharegpt_CgSBl4g_0|sharegpt_CgSBl4g_0|sharegpt_CgSBl4g_0|f6ed7fa9_3,4238,147,82287.57909999695,82287.6488999973,"To calculate the total time it takes to get ready and commute to work, we need to know the time it takes for each activity.

From the memory context, we can see that the user started planning to update their home office on 2023/05/30 (Tue) 09:09. They also had a session with the assistant at 2023/05/30 (Tue) 14:51 and another session at 2023/05/30 (Tue) 15:42.

However, we don't have information about the user's daily routine, including the time it takes to get ready and commute to work.

Since the information is insufficient, I cannot provide a specific answer to the question.",,,meta-llama/Llama-3.1-8B-Instruct,0e9e39f249a16976918f6564b8830bc894c89659,4bit,auto,256,42,02dc5e7432f5b64340aa1350099060bff66a970bd63dc625176953ca3a79fc08
gpt4_2f91af09,MR,multi-session,2023/05/30 (Tue) 17:14,semantic,5,1.0,1.0,1.0,1.0,0.08070000058069127,3245,3245,260,3,3,True,0,0,0,0,407.3192307692308,967,96,0.36923076923076925,0.6277556731150701,0.033817763290863,0.5720580816268921,0.7695981860160828,0.5,0.2903464634829455,0.0,1.0,False,False,True,True,10047737856,answer_669318cf_3::round_0|answer_669318cf_1::round_0|answer_669318cf_2::round_0|answer_669318cf_2::round_2|answer_669318cf_2::round_4,answer_669318cf_3|answer_669318cf_1|answer_669318cf_2|answer_669318cf_2|answer_669318cf_2,3355,256,81095.12810001615,81095.20880001673,"You completed 5 short stories before the conversation started on May 21, 2023. 

During the conversation, you mentioned that you wrote 17 poems in the past two weeks. 

You also participated in a writing challenge and wrote a piece titled ""The Smell of Old Books"" in response to the prompt ""forgotten memories"". 

Additionally, you mentioned that you've been writing a lot lately, but the exact number of pieces is not specified. However, we can calculate the total number of pieces you completed since you started writing again three weeks ago.

Since you started writing again on May 14, 2023 (three weeks before the conversation on May 21, 2023), you wrote 17 poems in the past two weeks. 

You also completed 5 short stories before the conversation started on May 21, 2023. 

You wrote a piece titled ""The Smell of Old Books"" for the writing challenge. 

However, the exact number of pieces you completed before May 14, 2023, is not specified. 

Assuming you wrote the 5 short stories before May 14, 2023, and the 17 poems in the past two weeks, and the piece for the writing challenge, the total",,,meta-llama/Llama-3.1-8B-Instruct,0e9e39f249a16976918f6564b8830bc894c89659,4bit,auto,256,42,d370ae1d97e1a0b55841c0280da73e0a87a4e850db3bb0287ab3bb430a69bd28
gpt4_2f91af09,MR,multi-session,2023/05/30 (Tue) 17:14,hybrid_raw,5,0.3333333333333333,1.0,0.3333333333333333,0.3333333333333333,0.07749999986117473,3582,3582,260,3,3,True,0,0,0,0,407.3192307692308,967,96,0.36923076923076925,0.6277556731150701,0.033817763290863,0.5720580816268921,0.7695981860160828,0.5,0.2903464634829455,0.0,1.0,False,False,True,True,10047737856,answer_669318cf_3::round_0|answer_669318cf_3::round_4|answer_669318cf_3::round_5|answer_669318cf_3::round_2|answer_669318cf_3::round_3,answer_669318cf_3|answer_669318cf_3|answer_669318cf_3|answer_669318cf_3|answer_669318cf_3,3693,155,137259.128900012,137259.20640001187,"Since the memory context does not contain enough information about the number of pieces you completed before the session on 2023/05/30, I will only consider the information provided in the session.

In the session on 2023/05/30, you mentioned that you wrote a piece titled ""The Smell of Old Books"" for the writing challenge prompt ""forgotten memories"". You also mentioned that you were going to start using Evernote and Trello to organize your writing files and track your progress.

However, the memory context does not contain any information about the number of pieces you completed before writing ""The Smell of Old Books"". Therefore, I can only conclude that you have completed at least one piece of writing since you started writing again three weeks ago.",,,meta-llama/Llama-3.1-8B-Instruct,0e9e39f249a16976918f6564b8830bc894c89659,4bit,auto,256,42,cf96777313871c7035ee4b837d4f688085c4d958b5f580cac11f74799d4525dd
gpt4_2f91af09,MR,multi-session,2023/05/30 (Tue) 17:14,hybrid_minmax,5,0.6666666666666666,1.0,0.6666666666666666,0.6666666666666666,0.08160000015777769,3609,3609,260,3,3,True,0,0,0,0,407.3192307692308,967,96,0.36923076923076925,0.6277556731150701,0.033817763290863,0.5720580816268921,0.7695981860160828,0.5,0.2903464634829455,0.0,1.0,False,False,True,True,10047737856,answer_669318cf_3::round_0|answer_669318cf_1::round_0|answer_669318cf_3::round_2|answer_669318cf_3::round_4|answer_669318cf_3::round_3,answer_669318cf_3|answer_669318cf_1|answer_669318cf_3|answer_669318cf_3|answer_669318cf_3,3720,247,197647.7295999648,197647.81119996496,"To determine the total number of pieces of writing you've completed, we need to consider the information provided in the memory context.

You mentioned that you've written five short stories so far. Additionally, you participated in a writing challenge on a social media platform, where you wrote a piece titled ""The Smell of Old Books"" in response to the prompt ""forgotten memories"".

Since you started writing again three weeks ago, and considering the dates provided in the memory context (2023/05/28 and 2023/05/30), it's likely that you wrote the five short stories and the piece for the writing challenge within this timeframe.

Assuming that you wrote the piece for the writing challenge within the last week (since the prompt was ""forgotten memories"" and you mentioned that you wrote a piece titled ""The Smell of Old Books""), we can estimate that you've completed a total of six pieces of writing since you started writing again three weeks ago:

1. Five short stories
2. One piece for the writing challenge (""The Smell of Old Books"")

However, it's also possible that you wrote additional pieces within the last week, but the memory context doesn't provide enough information to confirm this.",,,meta-llama/Llama-3.1-8B-Instruct,0e9e39f249a16976918f6564b8830bc894c89659,4bit,auto,256,42,44ac401a4fc8e7d9cb2bb76f38041c5e15e004c887202068da062c04d08482dd
gpt4_2f91af09,MR,multi-session,2023/05/30 (Tue) 17:14,hybrid_rrf,5,0.3333333333333333,1.0,0.3333333333333333,0.3333333333333333,0.08830000024317997,3582,3582,260,3,3,True,0,0,0,0,407.3192307692308,967,96,0.36923076923076925,0.6277556731150701,0.033817763290863,0.5720580816268921,0.7695981860160828,0.5,0.2903464634829455,0.0,1.0,False,False,True,True,10047737856,answer_669318cf_3::round_0|answer_669318cf_3::round_4|answer_669318cf_3::round_2|answer_669318cf_3::round_3|answer_669318cf_3::round_5,answer_669318cf_3|answer_669318cf_3|answer_669318cf_3|answer_669318cf_3|answer_669318cf_3,3693,155,138480.41820002254,138480.50650002278,"Since the memory context does not contain enough information about the number of pieces you completed before the session on 2023/05/30, I will only consider the information provided in the session.

In the session on 2023/05/30, you mentioned that you wrote a piece titled ""The Smell of Old Books"" for the writing challenge prompt ""forgotten memories"". You also mentioned that you were going to start using Evernote and Trello to organize your writing files and track your progress.

However, the memory context does not contain any information about the number of pieces you completed before writing ""The Smell of Old Books"". Therefore, I can only conclude that you have completed at least one piece of writing since you started writing again three weeks ago.",,,meta-llama/Llama-3.1-8B-Instruct,0e9e39f249a16976918f6564b8830bc894c89659,4bit,auto,256,42,cf96777313871c7035ee4b837d4f688085c4d958b5f580cac11f74799d4525dd
gpt4_2f91af09,MR,multi-session,2023/05/30 (Tue) 17:14,recency,10,0.3333333333333333,1.0,0.3333333333333333,0.3333333333333333,0.022400000489142258,6860,6860,260,3,3,True,0,0,0,0,407.3192307692308,967,96,0.36923076923076925,0.6277556731150701,0.033817763290863,0.5720580816268921,0.7695981860160828,0.5,0.2903464634829455,0.0,1.0,False,False,True,True,10047737856,sharegpt_yoSUjfa_5::round_2|sharegpt_yoSUjfa_5::round_1|sharegpt_yoSUjfa_5::round_0|answer_669318cf_3::round_5|answer_669318cf_3::round_4|answer_669318cf_3::round_3|answer_669318cf_3::round_2|answer_669318cf_3::round_1|answer_669318cf_3::round_0|sharegpt_7jNclxT_45::round_10,sharegpt_yoSUjfa_5|sharegpt_yoSUjfa_5|sharegpt_yoSUjfa_5|answer_669318cf_3|answer_669318cf_3|answer_669318cf_3|answer_669318cf_3|answer_669318cf_3|answer_669318cf_3|sharegpt_7jNclxT_45,6971,176,101378.75759997405,101378.77999997453,"Since the memories do not contain enough information about the number of pieces you completed before the writing challenge, I will only consider the pieces you completed since the challenge started.

You mentioned that you completed a piece titled ""The Smell of Old Books"" for the writing challenge prompt ""forgotten memories"". 

You also mentioned that you started participating in a writing challenge on a social media platform, where you're given a prompt every week and have to write a short piece in response. However, the memories do not contain enough information about the number of pieces you completed for the challenge before the prompt ""forgotten memories"".

Since the memories do not contain enough information about the number of pieces you completed before the writing challenge, I will only consider the pieces you completed since the challenge started. 

However, you did not provide information about the number of pieces you completed since the challenge started.",,,meta-llama/Llama-3.1-8B-Instruct,0e9e39f249a16976918f6564b8830bc894c89659,4bit,auto,256,42,56740089852cc9768a953823b709f0d2c08b009f9bc9b89fca447e8a0b4fd6b1
gpt4_2f91af09,MR,multi-session,2023/05/30 (Tue) 17:14,semantic,10,1.0,1.0,1.0,1.0,0.08780000007391209,6468,6468,260,3,3,True,0,0,0,0,407.3192307692308,967,96,0.36923076923076925,0.6277556731150701,0.033817763290863,0.5720580816268921,0.7695981860160828,0.5,0.2903464634829455,0.0,1.0,False,False,True,True,10047737856,answer_669318cf_3::round_0|answer_669318cf_1::round_0|answer_669318cf_2::round_0|answer_669318cf_2::round_2|answer_669318cf_2::round_4|answer_669318cf_1::round_2|answer_669318cf_2::round_3|answer_669318cf_3::round_2|answer_669318cf_2::round_5|answer_669318cf_3::round_4,answer_669318cf_3|answer_669318cf_1|answer_669318cf_2|answer_669318cf_2|answer_669318cf_2|answer_669318cf_1|answer_669318cf_2|answer_669318cf_3|answer_669318cf_2|answer_669318cf_3,6579,151,79005.92899997719,79006.01679997725,"You completed 17 poems in the past two weeks (as mentioned in the initial conversation on 2023/05/21). You also mentioned that you've written five short stories so far. Additionally, you've been participating in a writing challenge, and you wrote a piece titled ""The Smell of Old Books"" for the prompt ""forgotten memories"". 

Since you started writing again three weeks ago, you've completed:

17 poems (in the past two weeks)
5 short stories (as mentioned earlier)
1 piece for the writing challenge (""The Smell of Old Books"")

So, the total number of pieces of writing you've completed since you started writing again three weeks ago is 17 + 5 + 1 = 23.",,,meta-llama/Llama-3.1-8B-Instruct,0e9e39f249a16976918f6564b8830bc894c89659,4bit,auto,256,42,06c293dcd8510cf403bd63aca144858d067c5fe86ad58fface1f4c20fafda889
gpt4_2f91af09,MR,multi-session,2023/05/30 (Tue) 17:14,hybrid_raw,10,0.3333333333333333,1.0,0.3333333333333333,0.3333333333333333,0.07499999992433004,6860,6860,260,3,3,True,0,0,0,0,407.3192307692308,967,96,0.36923076923076925,0.6277556731150701,0.033817763290863,0.5720580816268921,0.7695981860160828,0.5,0.2903464634829455,0.0,1.0,False,False,True,True,10047737856,answer_669318cf_3::round_0|answer_669318cf_3::round_4|answer_669318cf_3::round_5|answer_669318cf_3::round_2|answer_669318cf_3::round_3|answer_669318cf_3::round_1|sharegpt_yoSUjfa_5::round_2|sharegpt_7jNclxT_45::round_10|sharegpt_yoSUjfa_5::round_0|sharegpt_yoSUjfa_5::round_1,answer_669318cf_3|answer_669318cf_3|answer_669318cf_3|answer_669318cf_3|answer_669318cf_3|answer_669318cf_3|sharegpt_yoSUjfa_5|sharegpt_7jNclxT_45|sharegpt_yoSUjfa_5|sharegpt_yoSUjfa_5,6971,176,101218.33960001823,101218.41460001815,"Since the memories do not contain enough information about the number of pieces you completed before the writing challenge, I will only consider the pieces you completed since the challenge started.

You mentioned that you completed a piece titled ""The Smell of Old Books"" for the writing challenge prompt ""forgotten memories"". 

You also mentioned that you started participating in a writing challenge on a social media platform, where you're given a prompt every week and have to write a short piece in response. However, the memories do not contain enough information about the number of pieces you completed for the challenge before the prompt ""forgotten memories"".

Since the memories do not contain enough information about the number of pieces you completed before the writing challenge, I will only consider the pieces you completed since the challenge started. 

However, you did not provide information about the number of pieces you completed since the challenge started.",,,meta-llama/Llama-3.1-8B-Instruct,0e9e39f249a16976918f6564b8830bc894c89659,4bit,auto,256,42,56740089852cc9768a953823b709f0d2c08b009f9bc9b89fca447e8a0b4fd6b1
gpt4_2f91af09,MR,multi-session,2023/05/30 (Tue) 17:14,hybrid_minmax,10,0.6666666666666666,1.0,0.6666666666666666,0.6666666666666666,0.07759999971312936,6424,6424,260,3,3,True,0,0,0,0,407.3192307692308,967,96,0.36923076923076925,0.6277556731150701,0.033817763290863,0.5720580816268921,0.7695981860160828,0.5,0.2903464634829455,0.0,1.0,False,False,True,True,10047737856,answer_669318cf_3::round_0|answer_669318cf_1::round_0|answer_669318cf_3::round_2|answer_669318cf_3::round_4|answer_669318cf_3::round_3|answer_669318cf_3::round_5|answer_669318cf_3::round_1|answer_669318cf_1::round_2|sharegpt_7jNclxT_45::round_10|answer_669318cf_1::round_1,answer_669318cf_3|answer_669318cf_1|answer_669318cf_3|answer_669318cf_3|answer_669318cf_3|answer_669318cf_3|answer_669318cf_3|answer_669318cf_1|sharegpt_7jNclxT_45|answer_669318cf_1,6535,256,248949.1066999035,248949.18429990322,"To determine the total number of pieces of writing you've completed, we need to consider the following:

1. You mentioned that you've written five short stories so far.
2. You've also been participating in a writing challenge, where you're given a prompt every week and have to write a short piece in response.
3. You mentioned that you've completed a piece titled ""The Smell of Old Books"" for the writing challenge.

Since you started writing again three weeks ago, and you've been participating in the writing challenge, it's likely that you've completed at least one piece per week for the challenge. However, we don't have exact information on the number of pieces you've completed for the challenge.

Assuming you've completed one piece per week for the challenge, that would be 3 pieces (since you started three weeks ago). However, this is an estimate, and the actual number could be higher or lower.

Considering the five short stories you've written, and the estimated 3 pieces for the writing challenge, the total number of pieces you've completed since starting to write again three weeks ago would be:

5 (short stories) + 3 (estimated pieces for the writing challenge) = 8

However, this is an estimate, and the",,,meta-llama/Llama-3.1-8B-Instruct,0e9e39f249a16976918f6564b8830bc894c89659,4bit,auto,256,42,dad3c8bd4e2ee47e99d689c58428d97cf53e10555c8b833161c57dce4e4bd9e2
gpt4_2f91af09,MR,multi-session,2023/05/30 (Tue) 17:14,hybrid_rrf,10,0.3333333333333333,1.0,0.3333333333333333,0.3333333333333333,0.08539999998902204,5078,5078,260,3,3,True,0,0,0,0,407.3192307692308,967,96,0.36923076923076925,0.6277556731150701,0.033817763290863,0.5720580816268921,0.7695981860160828,0.5,0.2903464634829455,0.0,1.0,False,False,True,True,10047737856,answer_669318cf_3::round_0|answer_669318cf_3::round_4|answer_669318cf_3::round_2|answer_669318cf_3::round_3|answer_669318cf_3::round_5|answer_669318cf_3::round_1|sharegpt_7jNclxT_45::round_10|sharegpt_7jNclxT_45::round_7|sharegpt_7jNclxT_45::round_8|sharegpt_7jNclxT_45::round_2,answer_669318cf_3|answer_669318cf_3|answer_669318cf_3|answer_669318cf_3|answer_669318cf_3|answer_669318cf_3|sharegpt_7jNclxT_45|sharegpt_7jNclxT_45|sharegpt_7jNclxT_45|sharegpt_7jNclxT_45,5189,225,106649.22600006685,106649.31140006683,"To determine the total number of pieces of writing you've completed since you started writing again three weeks ago, we need to look at the writing challenge submissions and the short stories and poetry collections.

You mentioned that you've been participating in a writing challenge on a social media platform, where you're given a prompt every week and have to write a short piece in response. You also mentioned that you've been writing short stories and poetry.

Since you started writing again three weeks ago, you've had three weeks to work on your writing challenge submissions. Assuming you've been participating in the challenge every week, that means you've completed at least three pieces for the writing challenge.

You also mentioned that you've been working on short stories and poetry collections. However, we don't have a specific number of pieces you've completed for these collections.

To give a more accurate answer, I would need more information about the number of pieces you've completed for your short stories and poetry collections. If you could provide that information, I could give you a more accurate total number of pieces you've completed since you started writing again three weeks ago.",,,meta-llama/Llama-3.1-8B-Instruct,0e9e39f249a16976918f6564b8830bc894c89659,4bit,auto,256,42,080c2b99fa1cc6510792e9b97f712755782dccaad2a37e260a4fd415cfebb18b
gpt4_372c3eed,MR,multi-session,2021/08/20 (Fri) 23:34,hybrid_minmax,5,0.0,0.0,0.3333333333333333,0.0,0.07099999947968172,2011,2011,236,3,3,True,0,0,0,0,446.7330508474576,2321,92,0.3898305084745763,0.6052763702000602,0.01873469777334594,0.5647989511489868,0.6704496741294861,0.49999999999999994,0.2905170925735878,0.0,1.0,False,False,True,True,10047877120,afffd8ec_3::round_0|sharegpt_6VqlSoL_25::round_1|afffd8ec_3::round_1|answer_35c5419d_1::round_0|afffd8ec_3::round_2,afffd8ec_3|sharegpt_6VqlSoL_25|afffd8ec_3|answer_35c5419d_1|afffd8ec_3,2113,128,101234.23860000912,101234.3096000086,"Based on the memories provided, it is insufficient to determine the exact number of years you spent in formal education from high school to the completion of your Bachelor's degree. However, we can make an educated estimate.

Since you are considering pursuing a Master's degree in Computer Science, it is likely that you have already completed your Bachelor's degree. Assuming a typical undergraduate program takes 4 years to complete, and considering that you are now in 2021, it is possible that you completed your Bachelor's degree in the past 4 years.

However, without more information about your educational background, it is difficult to provide an exact answer.",,,meta-llama/Llama-3.1-8B-Instruct,0e9e39f249a16976918f6564b8830bc894c89659,4bit,auto,256,42,4432efb5081c22792b0ed29cd251b40dba5c462c293d8252cee3de603908511d
55241a1f,MR,multi-session,2023/05/30 (Tue) 21:57,hybrid_minmax,10,0.0,0.0,0.5,0.0,0.08290000005217735,5005,5005,260,2,2,True,0,0,0,0,409.5269230769231,1330,100,0.38461538461538464,0.6248169259383128,0.0295746938242413,0.563083827495575,0.7669510245323181,0.5,0.2903464634829455,0.0,1.0,False,False,True,True,10047737856,sharegpt_TzwvePR_0::round_6|sharegpt_TzwvePR_0::round_7|answer_fa08bf49_2::round_0|46e4a8eb_2::round_0|46e4a8eb_2::round_1|d117e2da::round_5|sharegpt_U392mnO_22::round_0|46e4a8eb_2::round_2|sharegpt_TzwvePR_0::round_9|sharegpt_TzwvePR_0::round_3,sharegpt_TzwvePR_0|sharegpt_TzwvePR_0|answer_fa08bf49_2|46e4a8eb_2|46e4a8eb_2|d117e2da|sharegpt_U392mnO_22|46e4a8eb_2|sharegpt_TzwvePR_0|sharegpt_TzwvePR_0,5104,160,206973.4697000822,206973.55260008224,"To answer your question, I need to access the information about your recent Facebook Live session and your most popular YouTube video. However, I don't have that information available to me.

But I can suggest some possible ways to find the total number of comments:

1. Check your Facebook page or YouTube channel directly to see the number of comments on your recent Facebook Live session and your most popular YouTube video.
2. Use Facebook Insights or YouTube Analytics to get detailed information about your content, including the number of comments.
3. If you have a social media management tool or a third-party analytics platform connected to your social media accounts, you can check the analytics dashboard to see the number of comments.

I hope this helps! If you have any further questions or need more assistance, feel free to ask.",,,meta-llama/Llama-3.1-8B-Instruct,0e9e39f249a16976918f6564b8830bc894c89659,4bit,auto,256,42,34d941abac99340967570956ce5964ca5e3ffcd90af4db24fbe6a8251eb22e53
gpt4_7fce9456,MR,multi-session,2023/03/08 (Wed) 23:58,semantic,5,0.16666666666666666,1.0,0.8,0.16666666666666666,0.07580000055895653,2620,2620,253,6,5,True,0,0,0,0,417.0197628458498,851,86,0.33992094861660077,0.60879379746471,0.02853498522112355,0.5627561807632446,0.7473875880241394,0.5000000000000001,0.2903928741067686,0.0,1.0,False,False,True,True,10047737856,answer_a679a86a_5::round_0|answer_a679a86a_5::round_5|answer_a679a86a_1::round_1|answer_a679a86a_3::round_1|answer_a679a86a_2::round_4,answer_a679a86a_5|answer_a679a86a_5|answer_a679a86a_1|answer_a679a86a_3|answer_a679a86a_2,2719,152,112932.23040003795,112932.30620003851,"You mentioned that you saw the 3-bedroom townhouse in the Brookside neighborhood on February 22nd, and you put in an offer on February 25th. However, you also mentioned that you had been house hunting for a while and had seen some properties that just didn't fit your budget, like the one in Cedar Creek on February 1st.

Since you didn't specify the exact number of properties you viewed, I can only infer that you viewed at least one property in Cedar Creek on February 1st, and then you saw the townhouse in Brookside on February 22nd. However, I don't have enough information to determine the exact number of properties you viewed before making an offer on the townhouse in Brookside.",,,meta-llama/Llama-3.1-8B-Instruct,0e9e39f249a16976918f6564b8830bc894c89659,4bit,auto,256,42,9ebd6f37f87ab2ef4676ae64a5670299b316c311adb7e42e3416a97c97834727
c18a7dc8,MR,multi-session,2023/05/30 (Tue) 23:37,hybrid_minmax,10,0.0,0.0,0.5,0.0,0.0763000007282244,5848,5848,257,2,2,True,0,0,0,0,409.55252918287937,1132,92,0.35797665369649806,0.6102895342422366,0.021689365724827527,0.5698814392089844,0.7041901350021362,0.5,0.29036604306434277,0.0,1.0,False,False,True,True,10048258048,1c177942_1::round_1|answer_2e2085fa_1::round_3|4ea4f02f_1::round_5|1c177942_1::round_5|4ea4f02f_1::round_2|4f52229e::round_3|sharegpt_ysMparQ_13::round_2|1c177942_1::round_0|sharegpt_ErOTMZ3_149::round_1|4ea4f02f_1::round_0,1c177942_1|answer_2e2085fa_1|4ea4f02f_1|1c177942_1|4ea4f02f_1|4f52229e|sharegpt_ysMparQ_13|1c177942_1|sharegpt_ErOTMZ3_149|4ea4f02f_1,5940,256,126799.34090003371,126799.41720003444,"To determine how many years older you are than when you graduated from college, I would need to know the year you graduated from college and the current year.

Since the memory context only provides the year 2023, I will assume that you graduated from college in 2023 or earlier.

If you graduated from college in 2023, then you are the same age as when you graduated from college.

If you graduated from college in 2022 or earlier, then you are one year older than when you graduated from college.

If you graduated from college in 2021 or earlier, then you are two years older than when you graduated from college.

If you graduated from college in 2020 or earlier, then you are three years older than when you graduated from college.

If you graduated from college in 2019 or earlier, then you are four years older than when you graduated from college.

If you graduated from college in 2018 or earlier, then you are five years older than when you graduated from college.

If you graduated from college in 2017 or earlier, then you are six years older than when you graduated from college.

If you graduated from college in 2016 or earlier, then you are seven years older than when you graduated from college.",,,meta-llama/Llama-3.1-8B-Instruct,0e9e39f249a16976918f6564b8830bc894c89659,4bit,auto,256,42,2c5404487e3d874b19bd248d470c7752229072c984ad40bd5494f86dee1b3852
2b8f3739,MR,multi-session,2023/06/01 (Thu) 23:37,semantic,10,1.0,1.0,1.0,1.0,0.08019999950192869,4693,4693,246,3,3,True,0,0,0,0,435.2926829268293,1689,94,0.3821138211382114,0.6048156548806323,0.020560081317804183,0.5678390264511108,0.6778314113616943,0.5000000000000001,0.2904419358795335,0.0,1.0,False,False,True,True,10047967232,67d6f18f_1::round_1|answer_23759615_1::round_0|answer_23759615_2::round_0|67d6f18f_1::round_0|sharegpt_UqYdS88_0::round_0|answer_23759615_2::round_5|answer_23759615_3::round_2|sharegpt_UqYdS88_0::round_1|answer_23759615_1::round_3|answer_23759615_3::round_0,67d6f18f_1|answer_23759615_1|answer_23759615_2|67d6f18f_1|sharegpt_UqYdS88_0|answer_23759615_2|answer_23759615_3|sharegpt_UqYdS88_0|answer_23759615_1|answer_23759615_3,4789,163,153248.01619991194,153248.09639991145,"To calculate the total amount of money you earned from selling your products at the markets, we need to add up the amounts you mentioned:

1. At the Homemade and Handmade Market on May 29th, you sold 15 jars of your homemade jam and earned $225.
2. At the Summer Solstice Market, you sold 20 potted herb plants for $7.5 each, earning a total of $150.
3. At the farmers' market on May 15th, you sold 12 bunches of fresh organic herbs for $10 each, earning a total of $120.

Adding these amounts together, we get:

$225 + $150 + $120 = $495

So, the total amount of money you earned from selling your products at the markets is $495.",,,meta-llama/Llama-3.1-8B-Instruct,0e9e39f249a16976918f6564b8830bc894c89659,4bit,auto,256,42,604e5acd63e69157ba30fade7c9c60db3decad1f406ac8a9fa0c889d795982fe
6d550036,MR,multi-session,2023/05/30 (Tue) 23:32,semantic,5,0.0,0.0,0.0,0.0,0.0760000002628658,2024,2024,256,4,4,True,0,0,0,0,387.59765625,897,79,0.30859375,0.6182940553408116,0.025223694671080762,0.5707034468650818,0.7433280348777771,0.5,0.2903726719354734,0.0,1.0,False,False,True,True,10047910912,2e4430d8_2::round_2|2e4430d8_2::round_5|sharegpt_zciCXP1_12::round_3|2e4430d8_2::round_1|sharegpt_zciCXP1_12::round_2,2e4430d8_2|2e4430d8_2|sharegpt_zciCXP1_12|2e4430d8_2|sharegpt_zciCXP1_12,2114,205,152233.97659999318,152234.05259999345,"Based on the memories provided, it appears that you have led at least one project, which is the Ethereum Mexico project, and are currently leading another project that you mentioned earlier. However, the exact number of projects you have led or are currently leading is not specified.

In the memory dated 2023/05/28 (Sun) 03:42, you mentioned that you have been leading the team and have a good understanding of their strengths and weaknesses. This suggests that you are currently leading a project.

Additionally, in the memory dated 2023/05/27 (Sat) 02:54, you mentioned that you previously applied to host events during The Merge and successfully hosted three events in three different cities. This suggests that you have led at least one project in the past.

Therefore, based on the memories provided, it appears that you have led at least two projects: one current project and one past project. However, the exact number of projects you have led or are currently leading may be higher.",,,meta-llama/Llama-3.1-8B-Instruct,0e9e39f249a16976918f6564b8830bc894c89659,4bit,auto,256,42,5c7f93dc8dfd1411b53e91dd6216fc6c362fa2706db8aefaa26398391082d67f
6c49646a,MR,multi-session,2023/05/30 (Tue) 22:17,semantic,5,0.5,1.0,1.0,0.5,0.06610000036744168,2676,2676,216,2,2,True,0,0,0,0,493.15277777777777,1369,113,0.5231481481481481,0.615016329895567,0.02801689645148315,0.5667783617973328,0.7601678371429443,0.5,0.2906883719441813,0.0,1.0,False,False,True,True,10047904768,answer_cc1ced21_1::round_0|answer_cc1ced21_2::round_0|9f220c66_1::round_0|answer_cc1ced21_1::round_4|answer_cc1ced21_2::round_2,answer_cc1ced21_1|answer_cc1ced21_2|9f220c66_1|answer_cc1ced21_1|answer_cc1ced21_2,2768,253,161717.96539996285,161718.03149996322,"To find the total distance covered in your four road trips, we need to add up the distances mentioned in the conversations.

1. From Denver to Aspen: The drive is approximately 160 miles.
2. From Denver to Mount Rushmore: The drive is approximately 570 miles.
3. From Denver to Jackson, Wyoming (for the Yellowstone trip): The drive is approximately 300 miles on the first day.
4. From California to Florida: The drive is approximately 2,796 miles (via Route 66), 2,460 miles (via I-10 East), or 2,550 miles (via I-40 East).

Since you didn't specify which route you took from California to Florida, I'll use the longest route (Route 66) for this calculation.

Total distance covered = 160 + 570 + 300 + 2796 = 3826 miles

However, you mentioned that you drove around 1,200 miles in 4 days for the Yellowstone trip. To avoid double-counting, let's subtract this distance from the total.

Total distance covered = 3826 - 1200 = 2626 miles

So, the total distance covered in your four road trips is approximately 2626 miles.",,,meta-llama/Llama-3.1-8B-Instruct,0e9e39f249a16976918f6564b8830bc894c89659,4bit,auto,256,42,5ce4dc9cc204e7b46188e5b36e57399c64799d9c2f3f2d107251d361c96065fa
6c49646a,MR,multi-session,2023/05/30 (Tue) 22:17,hybrid_minmax,5,0.5,1.0,1.0,0.5,0.0638999999864609,2155,2155,216,2,2,True,0,0,0,0,493.15277777777777,1369,113,0.5231481481481481,0.615016329895567,0.02801689645148315,0.5667783617973328,0.7601678371429443,0.5,0.2906883719441813,0.0,1.0,False,False,True,True,10047904768,answer_cc1ced21_1::round_0|9f220c66_1::round_0|answer_cc1ced21_1::round_4|answer_cc1ced21_2::round_0|sharegpt_G9RAbBH_0::round_2,answer_cc1ced21_1|9f220c66_1|answer_cc1ced21_1|answer_cc1ced21_2|sharegpt_G9RAbBH_0,2248,235,181781.66750003584,181781.73140003582,"To calculate the total distance covered in the four road trips, we need to add up the distances mentioned in the conversations.

1. Denver to Aspen: 160 miles
2. Denver to Mount Rushmore: 570 miles
3. Yellowstone trip (first day): 300 miles
4. California to Florida: The distances for this trip are not explicitly mentioned, but we can estimate the distances for the routes mentioned:
   - Route 66: approximately 2,796 miles
   - I-10 East: approximately 2,460 miles
   - I-40 East: approximately 2,550 miles

Since the distances for the California to Florida trip are not explicitly mentioned, we will use the estimated distances for the routes mentioned. However, since the user asked for the total distance covered in the four road trips, we will assume the user is referring to the distances mentioned in the conversations.

The total distance covered in the four road trips is:
160 + 570 + 300 = 1030 miles

Note: This calculation only includes the distances mentioned in the conversations and does not account for the estimated distances for the California to Florida trip.",,,meta-llama/Llama-3.1-8B-Instruct,0e9e39f249a16976918f6564b8830bc894c89659,4bit,auto,256,42,074df7d20e3cff39e6f9479d371d7828a1d059d267d050c6a8b14a4afb54896f
6c49646a,MR,multi-session,2023/05/30 (Tue) 22:17,hybrid_rrf,5,0.5,1.0,0.5,0.5,0.06600000051548705,2238,2238,216,2,2,True,0,0,0,0,493.15277777777777,1369,113,0.5231481481481481,0.615016329895567,0.02801689645148315,0.5667783617973328,0.7601678371429443,0.5,0.2906883719441813,0.0,1.0,False,False,True,True,10047904768,answer_cc1ced21_1::round_0|9f220c66_1::round_0|sharegpt_G9RAbBH_0::round_2|answer_cc1ced21_1::round_4|3a5f63f4::round_5,answer_cc1ced21_1|9f220c66_1|sharegpt_G9RAbBH_0|answer_cc1ced21_1|3a5f63f4,2330,203,153441.92040001508,153441.9864000156,"To find the total distance covered in your four road trips, we need to add up the distances covered in each trip.

1. Yellowstone trip: 1,200 miles
2. Drive from Denver to Mount Rushmore: 570 miles
3. Drive from California to Florida: The exact distance is not specified, but we can consider the approximate distance of the routes mentioned:
   - Route 66: 2,796 miles
   - I-10 East: 2,460 miles
   - I-40 East: 2,550 miles
   Let's assume you took the most direct route, I-10 East, which is approximately 2,460 miles.
4. Drive from Denver to Jackson, Wyoming: 300 miles

Now, let's add up the distances:
1,200 + 570 + 2,460 + 300 = 4,630 miles

So, the total distance covered in your four road trips is approximately 4,630 miles.",,,meta-llama/Llama-3.1-8B-Instruct,0e9e39f249a16976918f6564b8830bc894c89659,4bit,auto,256,42,24a54f9f3140c123f94a6a3def43922e6018ab91b34133ac50448443d2c05e37
6c49646a,MR,multi-session,2023/05/30 (Tue) 22:17,semantic,10,0.5,1.0,1.0,0.5,0.06439999924623407,4702,4702,216,2,2,True,0,0,0,0,493.15277777777777,1369,113,0.5231481481481481,0.615016329895567,0.02801689645148315,0.5667783617973328,0.7601678371429443,0.5,0.2906883719441813,0.0,1.0,False,False,True,True,10047904768,answer_cc1ced21_1::round_0|answer_cc1ced21_2::round_0|9f220c66_1::round_0|answer_cc1ced21_1::round_4|answer_cc1ced21_2::round_2|8acb29f9_2::round_2|answer_cc1ced21_2::round_1|8acb29f9_2::round_3|sharegpt_G9RAbBH_0::round_2|ultrachat_565061::round_1,answer_cc1ced21_1|answer_cc1ced21_2|9f220c66_1|answer_cc1ced21_1|answer_cc1ced21_2|8acb29f9_2|answer_cc1ced21_2|8acb29f9_2|sharegpt_G9RAbBH_0|ultrachat_565061,4795,130,130356.04840004817,130356.11280004741,"**OG Title 1:** 4-Day Yellowstone Adventure
**OG Description 1:** Explore the breathtaking landscapes of Yellowstone National Park with 1,200 miles of scenic drives and unforgettable experiences.

**OG Title 2:** Road Tripping from Denver to Mount Rushmore
**OG Description 2:** Discover the best route from Denver to Mount Rushmore, covering 570 miles of stunning mountain vistas and charming towns.

**OG Title 3:** California to Florida Road Trip
**OG Description 3:** Plan your epic road trip from California to Florida, covering 2,500 miles of diverse landscapes, iconic cities, and unforgettable experiences.",,,meta-llama/Llama-3.1-8B-Instruct,0e9e39f249a16976918f6564b8830bc894c89659,4bit,auto,256,42,039d025adb78f703da08c539077014b492274b96bc0e5f852c0205a8e0f3eee0
6c49646a,MR,multi-session,2023/05/30 (Tue) 22:17,hybrid_rrf,10,0.5,1.0,0.5,0.5,0.06830000074842246,4069,4069,216,2,2,True,0,0,0,0,493.15277777777777,1369,113,0.5231481481481481,0.615016329895567,0.02801689645148315,0.5667783617973328,0.7601678371429443,0.5,0.2906883719441813,0.0,1.0,False,False,True,True,10047904768,answer_cc1ced21_1::round_0|9f220c66_1::round_0|sharegpt_G9RAbBH_0::round_2|answer_cc1ced21_1::round_4|3a5f63f4::round_5|sharegpt_bFrMEV2_0::round_4|0e6e2ba5::round_5|sharegpt_G9RAbBH_0::round_1|answer_cc1ced21_1::round_3|0e6e2ba5::round_2,answer_cc1ced21_1|9f220c66_1|sharegpt_G9RAbBH_0|answer_cc1ced21_1|3a5f63f4|sharegpt_bFrMEV2_0|0e6e2ba5|sharegpt_G9RAbBH_0|answer_cc1ced21_1|0e6e2ba5,4161,256,230597.2300999565,230597.29839995725,"To find the total distance you covered in your four road trips, we need to add up the distances from each trip.

From the conversation, we know that you covered 1,200 miles in your trip to Yellowstone National Park. We also know that you drove around 300 miles on the first day to reach Jackson, Wyoming, but we don't know the total distance for this trip.

However, since you mentioned that you're planning a trip to Mount Rushmore, we can use the information provided in the conversation to estimate the total distance for this trip. The suggested route from Denver to Mount Rushmore is approximately 570 miles.

Since we don't have enough information to calculate the total distance for the trip to Mount Rushmore, let's assume that you'll be driving the same route as suggested. We can also assume that you'll be driving the same route for the trip to Jackson, Wyoming.

To calculate the total distance, let's add up the distances from each trip:

1,200 miles (Yellowstone trip) + 300 miles (Jackson, Wyoming trip) + 570 miles (Mount Rushmore trip) = 2,070 miles

However, this is an estimate, and the actual total distance may be higher or lower, depending on the specific routes",,,meta-llama/Llama-3.1-8B-Instruct,0e9e39f249a16976918f6564b8830bc894c89659,4bit,auto,256,42,25fb2ec0554dfb8240d17ded35f693283ec2b6da78a4a280c73294fd694f595e
gpt4_e05b82a6,MR,multi-session,2023/11/04 (Sat) 23:49,semantic,5,0.5,1.0,0.75,0.5,0.07470000036846614,1370,1370,250,4,4,True,0,0,0,0,423.492,960,95,0.38,0.6159866704940796,0.023666462727223135,0.5640443563461304,0.685212254524231,0.5,0.2904135629172241,0.0,1.0,False,False,True,True,10048129024,ultrachat_480545::round_5|answer_6350aa4f_1::round_5|answer_6350aa4f_2::round_3|answer_6350aa4f_3::round_0|ultrachat_480545::round_4,ultrachat_480545|answer_6350aa4f_1|answer_6350aa4f_2|answer_6350aa4f_3|ultrachat_480545,1469,156,82670.21080001723,82670.2855000176,"To determine the total number of times you rode rollercoasters, we need to analyze the information provided in the memory context.

From the memory context, we know that you rode the Revenge of the Mummy rollercoaster three times in a row at Universal Studios Hollywood on October 15th. 

Additionally, you mentioned that you rode Space Mountain: Ghost Galaxy three times at Disneyland on September 24th during Mickey's Halloween Party.

There is no information about you riding any other rollercoasters during the events you attended from July to October.

Therefore, the total number of times you rode rollercoasters across all the events you attended from July to October is 6 (3 times on the Revenge of the Mummy and 3 times on Space Mountain: Ghost Galaxy).",,,meta-llama/Llama-3.1-8B-Instruct,0e9e39f249a16976918f6564b8830bc894c89659,4bit,auto,256,42,5831554cefa1c279e35aef53428a50aa255f17772d09284ac9f416cf348cb6d7
gpt4_e05b82a6,MR,multi-session,2023/11/04 (Sat) 23:49,semantic,10,0.75,1.0,0.75,0.75,0.07639999967068434,4683,4683,250,4,4,True,0,0,0,0,423.492,960,95,0.38,0.6159866704940796,0.023666462727223135,0.5640443563461304,0.685212254524231,0.5,0.2904135629172241,0.0,1.0,False,False,True,True,10048129024,ultrachat_480545::round_5|answer_6350aa4f_1::round_5|answer_6350aa4f_2::round_3|answer_6350aa4f_3::round_0|ultrachat_480545::round_4|answer_6350aa4f_3::round_1|answer_6350aa4f_2::round_0|78251a43_2::round_2|answer_6350aa4f_2::round_2|229a293b_1::round_1,ultrachat_480545|answer_6350aa4f_1|answer_6350aa4f_2|answer_6350aa4f_3|ultrachat_480545|answer_6350aa4f_3|answer_6350aa4f_2|78251a43_2|answer_6350aa4f_2|229a293b_1,4782,151,145428.37199999485,145428.44839999452,"To determine the total number of times you rode rollercoasters, let's break down the information provided:

1. You rode the Xcelerator rollercoaster at Knott's Berry Farm on October 8th.
2. You rode the Revenge of the Mummy rollercoaster three times in a row at Universal Studios Hollywood on October 15th.
3. You rode Space Mountain: Ghost Galaxy three times at Disneyland on September 24th during Mickey's Halloween Party.

Adding these instances together, you rode rollercoasters a total of 1 (Xcelerator) + 3 (Revenge of the Mummy) + 3 (Space Mountain: Ghost Galaxy) = 7 times.

So, the answer is 7.",,,meta-llama/Llama-3.1-8B-Instruct,0e9e39f249a16976918f6564b8830bc894c89659,4bit,auto,256,42,1d9aa6ffeed47a58627cfacc21a27ec365eb8ce12223098f670e1a0e5dbe0566
gpt4_731e37d7,MR,multi-session,2023/02/26 (Sun) 23:35,semantic,5,0.0,0.0,0.5,0.0,0.07880000066506909,1773,1773,265,4,4,True,0,0,0,0,398.44150943396227,3642,87,0.3283018867924528,0.6157519738629179,0.022638991193339276,0.571901798248291,0.7027233839035034,0.5,0.2903148194080379,0.0,1.0,False,False,True,True,10047969280,267a912c::round_2|answer_826d51da_1::round_5|answer_826d51da_4::round_2|267a912c::round_5|267a912c::round_4,267a912c|answer_826d51da_1|answer_826d51da_4|267a912c|267a912c,1868,256,166314.3643999938,166314.44319999445,"To calculate the total money spent on attending workshops in the last four months, we need to consider the following information:

- You attended a two-day writing workshop in November, which cost $200.
- You attended five workshops in the last three months (January, February, and March).
- You attended a digital marketing workshop in the last month (February or March, but the exact date is not specified).

Since the exact dates of the five workshops in the last three months are not specified, we can assume that the most recent workshop (digital marketing workshop) was attended in February or March.

However, we can't determine the exact dates of the other four workshops. Assuming that the five workshops were attended in the last three months (January, February, and March), we can estimate the total money spent.

Let's assume that the five workshops were attended in the last three months, with the most recent one being the digital marketing workshop.

- The writing workshop in November cost $200.
- The digital marketing workshop (most recent one) cost an unknown amount.
- The other four workshops in the last three months (January, February, and March) cost an unknown amount each.

Since the exact dates and costs of the five workshops are not specified, we can't calculate the total",,,meta-llama/Llama-3.1-8B-Instruct,0e9e39f249a16976918f6564b8830bc894c89659,4bit,auto,256,42,97051b3823913fab9911059faae4efe4667337356e048e197b04bc6e6e27bc36
gpt4_731e37d7,MR,multi-session,2023/02/26 (Sun) 23:35,hybrid_minmax,10,0.0,0.0,0.5,0.0,0.07869999990361976,3724,3724,265,4,4,True,0,0,0,0,398.44150943396227,3642,87,0.3283018867924528,0.6157519738629179,0.022638991193339276,0.571901798248291,0.7027233839035034,0.5,0.2903148194080379,0.0,1.0,False,False,True,True,10047969280,baa5b468_3::round_1|261235d1::round_2|answer_826d51da_1::round_5|267a912c::round_2|66081c0f_1::round_4|sharegpt_Yuw2LhQ_25::round_5|66081c0f_1::round_2|267a912c::round_5|3acb50ef_5::round_5|answer_826d51da_4::round_2,baa5b468_3|261235d1|answer_826d51da_1|267a912c|66081c0f_1|sharegpt_Yuw2LhQ_25|66081c0f_1|267a912c|3acb50ef_5|answer_826d51da_4,3819,146,150724.95599999093,150725.03469999082,"To calculate the total amount spent on attending workshops in the last four months, we need to consider the information provided in the conversation.

You mentioned attending five workshops in the last three months, with the most recent one being a digital marketing workshop. You also mentioned attending at least one workshop a month, which implies that you attended a total of five workshops in the last four months.

However, the conversation does not provide the exact cost of each workshop. You mentioned that the two-day writing workshop you attended in November cost $200, but the cost of the other four workshops is not specified.

Since the cost of the other four workshops is not provided, we cannot calculate the total amount spent on attending workshops in the last four months.",,,meta-llama/Llama-3.1-8B-Instruct,0e9e39f249a16976918f6564b8830bc894c89659,4bit,auto,256,42,64a850a11c49c5f129590e538f11f002506e52ac83e7f64e2fe45f6b8ad97e73
8cf4d046,MR,multi-session,2023/05/30 (Tue) 18:42,hybrid_raw,5,0.5,1.0,0.5,0.5,0.07170000026235357,3064,3064,236,2,2,True,0,0,0,0,444.40677966101697,4623,93,0.3940677966101695,0.590777496412649,0.01963720895919392,0.5413368344306946,0.6722760200500488,0.49999999999999994,0.2905170925735878,0.0,1.0,False,False,True,True,10047737856,answer_e2278b24_2::round_0|sharegpt_WjpyexI_15::round_4|answer_e2278b24_2::round_5|sharegpt_WjpyexI_15::round_2|sharegpt_WjpyexI_15::round_1,answer_e2278b24_2|sharegpt_WjpyexI_15|answer_e2278b24_2|sharegpt_WjpyexI_15|sharegpt_WjpyexI_15,3155,227,135953.55839992408,135953.63009992434,"To calculate the average GPA, we need to know the GPAs of both your undergraduate and graduate studies.

From the information provided earlier, we know that:

* Your undergraduate GPA is 3.86 out of 4.0.
* Your graduate GPA is not explicitly mentioned, but we can infer that it is 3.86 out of 4.0 as well, since you mentioned that your strong foundation in computer science from your undergraduate studies has helped you understand the technical aspects of data science and machine learning.

However, since the information about your graduate GPA is not explicitly mentioned, I will assume that the GPA of your graduate studies is also 3.86 out of 4.0.

To calculate the average GPA, we can use the following formula:

Average GPA = (Undergraduate GPA + Graduate GPA) / 2

Plugging in the values, we get:

Average GPA = (3.86 + 3.86) / 2
Average GPA = 3.86

So, the average GPA of your undergraduate and graduate studies is 3.86 out of 4.0.",,,meta-llama/Llama-3.1-8B-Instruct,0e9e39f249a16976918f6564b8830bc894c89659,4bit,auto,256,42,19655b357aaa8d0dad17df04f6b9f6e23148255f8e71dfa0bfdc5ca0fd114988
8cf4d046,MR,multi-session,2023/05/30 (Tue) 18:42,hybrid_minmax,5,0.5,1.0,0.5,0.5,0.07349999941652641,3064,3064,236,2,2,True,0,0,0,0,444.40677966101697,4623,93,0.3940677966101695,0.590777496412649,0.01963720895919392,0.5413368344306946,0.6722760200500488,0.49999999999999994,0.2905170925735878,0.0,1.0,False,False,True,True,10047737856,answer_e2278b24_2::round_0|sharegpt_WjpyexI_15::round_4|sharegpt_WjpyexI_15::round_1|sharegpt_WjpyexI_15::round_2|answer_e2278b24_2::round_5,answer_e2278b24_2|sharegpt_WjpyexI_15|sharegpt_WjpyexI_15|sharegpt_WjpyexI_15|answer_e2278b24_2,3155,227,122922.94530000072,122923.01880000014,"To calculate the average GPA, we need to know the GPAs of both your undergraduate and graduate studies.

From the information provided earlier, we know that:

* Your undergraduate GPA is 3.86 out of 4.0.
* Your graduate GPA is not explicitly mentioned, but we can infer that it is 3.86 out of 4.0 as well, since you mentioned that your strong foundation in computer science from your undergraduate studies has helped you understand the technical aspects of data science and machine learning.

However, since the information about your graduate GPA is not explicitly mentioned, I will assume that the GPA of your graduate studies is also 3.86 out of 4.0.

To calculate the average GPA, we can use the following formula:

Average GPA = (Undergraduate GPA + Graduate GPA) / 2

Plugging in the values, we get:

Average GPA = (3.86 + 3.86) / 2
Average GPA = 3.86

So, the average GPA of your undergraduate and graduate studies is 3.86 out of 4.0.",,,meta-llama/Llama-3.1-8B-Instruct,0e9e39f249a16976918f6564b8830bc894c89659,4bit,auto,256,42,19655b357aaa8d0dad17df04f6b9f6e23148255f8e71dfa0bfdc5ca0fd114988
8cf4d046,MR,multi-session,2023/05/30 (Tue) 18:42,hybrid_rrf,5,0.5,1.0,0.5,0.5,0.07949999962875154,3064,3064,236,2,2,True,0,0,0,0,444.40677966101697,4623,93,0.3940677966101695,0.590777496412649,0.01963720895919392,0.5413368344306946,0.6722760200500488,0.49999999999999994,0.2905170925735878,0.0,1.0,False,False,True,True,10047737856,answer_e2278b24_2::round_0|sharegpt_WjpyexI_15::round_4|answer_e2278b24_2::round_5|sharegpt_WjpyexI_15::round_1|sharegpt_WjpyexI_15::round_2,answer_e2278b24_2|sharegpt_WjpyexI_15|answer_e2278b24_2|sharegpt_WjpyexI_15|sharegpt_WjpyexI_15,3155,227,123595.14959994704,123595.22909994666,"To calculate the average GPA, we need to know the GPAs of both your undergraduate and graduate studies.

From the information provided earlier, we know that:

* Your undergraduate GPA is 3.86 out of 4.0.
* Your graduate GPA is not explicitly mentioned, but we can infer that it is 3.86 out of 4.0 as well, since you mentioned that your strong foundation in computer science from your undergraduate studies has helped you understand the technical aspects of data science and machine learning.

However, since the information about your graduate GPA is not explicitly mentioned, I will assume that the GPA of your graduate studies is also 3.86 out of 4.0.

To calculate the average GPA, we can use the following formula:

Average GPA = (Undergraduate GPA + Graduate GPA) / 2

Plugging in the values, we get:

Average GPA = (3.86 + 3.86) / 2
Average GPA = 3.86

So, the average GPA of your undergraduate and graduate studies is 3.86 out of 4.0.",,,meta-llama/Llama-3.1-8B-Instruct,0e9e39f249a16976918f6564b8830bc894c89659,4bit,auto,256,42,19655b357aaa8d0dad17df04f6b9f6e23148255f8e71dfa0bfdc5ca0fd114988
8cf4d046,MR,multi-session,2023/05/30 (Tue) 18:42,hybrid_minmax,10,0.5,1.0,0.5,0.5,0.077699999565084,5312,5312,236,2,2,True,0,0,0,0,444.40677966101697,4623,93,0.3940677966101695,0.590777496412649,0.01963720895919392,0.5413368344306946,0.6722760200500488,0.49999999999999994,0.2905170925735878,0.0,1.0,False,False,True,True,10047737856,answer_e2278b24_2::round_0|sharegpt_WjpyexI_15::round_4|sharegpt_WjpyexI_15::round_1|sharegpt_WjpyexI_15::round_2|answer_e2278b24_2::round_5|sharegpt_WjpyexI_15::round_0|sharegpt_WjpyexI_15::round_3|answer_e2278b24_2::round_2|c9489af0_2::round_5|answer_e2278b24_2::round_3,answer_e2278b24_2|sharegpt_WjpyexI_15|sharegpt_WjpyexI_15|sharegpt_WjpyexI_15|answer_e2278b24_2|sharegpt_WjpyexI_15|sharegpt_WjpyexI_15|answer_e2278b24_2|c9489af0_2|answer_e2278b24_2,5403,146,198368.3417000575,198368.41940005706,"To calculate the average GPA, we need to know the GPAs of both your undergraduate and graduate studies.

From the information provided earlier, we know that:

* Your undergraduate GPA is 3.86/4.0 (First-Class distinction in Computer Science from the University of Mumbai).
* Your graduate GPA is not explicitly mentioned, but we can infer that it is likely to be high, given that you completed a Master's degree in Data Science from the University of Illinois at Urbana-Champaign.

However, since the exact GPA of your graduate studies is not provided, we cannot calculate the average GPA accurately.

If you could provide the GPA of your graduate studies, I would be happy to help you calculate the average GPA.",,,meta-llama/Llama-3.1-8B-Instruct,0e9e39f249a16976918f6564b8830bc894c89659,4bit,auto,256,42,99bc2ce9b1e21a022c4d065fe83eb79eb0d1f973534d245db57a603e6758b6cd
8cf4d046,MR,multi-session,2023/05/30 (Tue) 18:42,hybrid_rrf,10,0.5,1.0,0.5,0.5,0.07980000009411015,5312,5312,236,2,2,True,0,0,0,0,444.40677966101697,4623,93,0.3940677966101695,0.590777496412649,0.01963720895919392,0.5413368344306946,0.6722760200500488,0.49999999999999994,0.2905170925735878,0.0,1.0,False,False,True,True,10047737856,answer_e2278b24_2::round_0|sharegpt_WjpyexI_15::round_4|answer_e2278b24_2::round_5|sharegpt_WjpyexI_15::round_1|sharegpt_WjpyexI_15::round_2|sharegpt_WjpyexI_15::round_3|sharegpt_WjpyexI_15::round_0|answer_e2278b24_2::round_2|answer_e2278b24_2::round_3|c9489af0_2::round_5,answer_e2278b24_2|sharegpt_WjpyexI_15|answer_e2278b24_2|sharegpt_WjpyexI_15|sharegpt_WjpyexI_15|sharegpt_WjpyexI_15|sharegpt_WjpyexI_15|answer_e2278b24_2|answer_e2278b24_2|c9489af0_2,5403,146,224777.65999990515,224777.73979990525,"To calculate the average GPA, we need to know the GPAs of both your undergraduate and graduate studies.

From the information provided earlier, we know that:

* Your undergraduate GPA is 3.86/4.0 (First-Class distinction in Computer Science from the University of Mumbai).
* Your graduate GPA is not explicitly mentioned, but we can infer that it is likely to be high, given that you completed a Master's degree in Data Science from the University of Illinois at Urbana-Champaign.

However, since the exact GPA of your graduate studies is not provided, we cannot calculate the average GPA accurately.

If you could provide the GPA of your graduate studies, I would be happy to help you calculate the average GPA.",,,meta-llama/Llama-3.1-8B-Instruct,0e9e39f249a16976918f6564b8830bc894c89659,4bit,auto,256,42,99bc2ce9b1e21a022c4d065fe83eb79eb0d1f973534d245db57a603e6758b6cd
0ddfec37,KU,knowledge-update,2024/01/08 (Mon) 09:27,hybrid_minmax,5,0.5,1.0,0.5,0.5,0.07400000049528899,3174,3174,244,2,2,False,0,0,2,0,424.66803278688525,1401,92,0.3770491803278688,0.6010107048710839,0.022805077735610583,0.5644687414169312,0.7851219177246094,0.5,0.29045647252614326,0.0,1.0,False,False,True,True,10048147456,answer_a22b654d_2::round_4|answer_a22b654d_2::round_0|sharegpt_h0fDljQ_12::round_0|147ab7e9_7::round_3|ca58e7e9::round_4,answer_a22b654d_2|answer_a22b654d_2|sharegpt_h0fDljQ_12|147ab7e9_7|ca58e7e9,3273,250,88842.15419995598,88842.22819995647,"You mentioned that you've added 20 autographed baseballs to your collection in the past few months. Since the exact date of starting your collection is not specified, I'll assume that the ""past few months"" refers to the period from the start of your collection to the session date of 2023/12/30 (Sat) 02:28.

To determine the exact number of months, we need to know the exact start date of your collection. However, based on the information provided, we can make an educated estimate.

Assuming that the ""past few months"" is approximately 3 months, and considering that you've added 20 autographed baseballs in this period, we can infer that you've been actively collecting and adding to your collection for at least 3 months.

Since the exact start date is not specified, I'll provide an estimate based on the information provided. If you've been collecting for approximately 3 months, and you've added 20 autographed baseballs in this period, it's likely that you've added around 6-7 autographed baseballs per month on average.

Please note that this is an estimate and may not be entirely accurate without knowing the exact start date of your collection.",,,meta-llama/Llama-3.1-8B-Instruct,0e9e39f249a16976918f6564b8830bc894c89659,4bit,auto,256,42,6f7de13253bc58c4c52672c5ddd0f333b70a356007fef1bdb16b9b80413e11f8
0ddfec37,KU,knowledge-update,2024/01/08 (Mon) 09:27,semantic,10,1.0,1.0,1.0,1.0,0.07339999956457177,5370,5370,244,2,2,False,0,0,2,0,424.66803278688525,1401,92,0.3770491803278688,0.6010107048710839,0.022805077735610583,0.5644687414169312,0.7851219177246094,0.5,0.29045647252614326,0.0,1.0,False,False,True,True,10048147456,answer_a22b654d_2::round_4|answer_a22b654d_2::round_0|answer_a22b654d_1::round_0|60f9246d::round_0|sharegpt_KEY6ZsZ_0::round_1|answer_a22b654d_2::round_2|answer_a22b654d_1::round_3|ca58e7e9::round_4|sharegpt_eXTj7GX_13::round_3|sharegpt_h0fDljQ_12::round_0,answer_a22b654d_2|answer_a22b654d_2|answer_a22b654d_1|60f9246d|sharegpt_KEY6ZsZ_0|answer_a22b654d_2|answer_a22b654d_1|ca58e7e9|sharegpt_eXTj7GX_13|sharegpt_h0fDljQ_12,5469,135,230522.7111999411,230522.78459994067,"You mentioned earlier that you started collecting autographed baseballs three months ago and had 15 autographed baseballs in your collection at that time. You also mentioned that you had added 20 autographed baseballs to your collection in the past few months. 

To find the number of autographed baseballs you added in the first three months, we need to subtract the initial number of autographed baseballs (15) from the total number of autographed baseballs you had after three months (15 + 20 = 35).

35 - 15 = 20

So, you added 20 autographed baseballs to your collection in the first three months.",,,meta-llama/Llama-3.1-8B-Instruct,0e9e39f249a16976918f6564b8830bc894c89659,4bit,auto,256,42,0b8594bdad3ef4d27d80406e6a6810a4f9f1124edb6e4f14f2c5043b09b480df
0ddfec37,KU,knowledge-update,2024/01/08 (Mon) 09:27,hybrid_minmax,10,0.5,1.0,0.5,0.5,0.0749000000723754,4932,4932,244,2,2,False,0,0,2,0,424.66803278688525,1401,92,0.3770491803278688,0.6010107048710839,0.022805077735610583,0.5644687414169312,0.7851219177246094,0.5,0.29045647252614326,0.0,1.0,False,False,True,True,10048147456,answer_a22b654d_2::round_4|answer_a22b654d_2::round_0|sharegpt_h0fDljQ_12::round_0|147ab7e9_7::round_3|ca58e7e9::round_4|ultrachat_139747::round_6|147ab7e9_7::round_0|sharegpt_QJYt7XW_0::round_1|ultrachat_139747::round_5|sharegpt_QJYt7XW_0::round_0,answer_a22b654d_2|answer_a22b654d_2|sharegpt_h0fDljQ_12|147ab7e9_7|ca58e7e9|ultrachat_139747|147ab7e9_7|sharegpt_QJYt7XW_0|ultrachat_139747|sharegpt_QJYt7XW_0,5031,141,236228.56900002807,236228.64390002814,"According to the conversation, you mentioned that you've added 20 autographed baseballs to your collection in the past few months. However, the exact time frame is not specified. Since the conversation started on December 30, 2023, and you mentioned ""the past few months"", it's difficult to determine the exact number of autographed baseballs added in the first three months of collection.

To provide a more accurate answer, I would need more information about the time frame you're referring to. If you could provide the exact dates when you started collecting autographed baseballs and when you added the 20 baseballs, I could help you determine the number added in the first three months.",,,meta-llama/Llama-3.1-8B-Instruct,0e9e39f249a16976918f6564b8830bc894c89659,4bit,auto,256,42,a177fb131e4bbbdf1deb09b72130c100da855d205be7d00826a0e34653055aa5
0ddfec37,KU,knowledge-update,2024/01/08 (Mon) 09:27,hybrid_rrf,10,0.5,1.0,0.5,0.5,0.07619999996677507,5179,5179,244,2,2,False,0,0,2,0,424.66803278688525,1401,92,0.3770491803278688,0.6010107048710839,0.022805077735610583,0.5644687414169312,0.7851219177246094,0.5,0.29045647252614326,0.0,1.0,False,False,True,True,10048147456,sharegpt_h0fDljQ_12::round_0|ca58e7e9::round_4|147ab7e9_7::round_3|sharegpt_eXTj7GX_13::round_3|ultrachat_139747::round_6|147ab7e9_7::round_0|ultrachat_139747::round_5|answer_a22b654d_2::round_4|sharegpt_QJYt7XW_0::round_1|answer_a22b654d_2::round_0,sharegpt_h0fDljQ_12|ca58e7e9|147ab7e9_7|sharegpt_eXTj7GX_13|ultrachat_139747|147ab7e9_7|ultrachat_139747|answer_a22b654d_2|sharegpt_QJYt7XW_0|answer_a22b654d_2,5278,210,253958.21860001888,253958.29480001883,"According to the conversation, you added 20 autographed baseballs to your collection in the past few months. Since the exact time frame is not specified, I will assume that the ""past few months"" refers to the period from the start of your collection to the conversation on December 30, 2023.

To estimate the number of autographed baseballs added in the first three months of collection, let's assume that the collection started around September or October 2023 (since the conversation on December 30, 2023, mentions your friend Rachel's book launch event on October 22nd).

If we assume that the collection started around October 2023, the first three months would be October, November, and December 2023.

Since you added 20 autographed baseballs in the ""past few months,"" and considering that the first three months of collection would be approximately October to December 2023, it's likely that you added around 10-15 autographed baseballs in the first three months of collection.",,,meta-llama/Llama-3.1-8B-Instruct,0e9e39f249a16976918f6564b8830bc894c89659,4bit,auto,256,42,6cd8351c19b73c6f24dd54072b7d79cab66b0311a1007d675949684563160a2e
bcbe585f,TR,temporal-reasoning,2023/05/01 (Mon) 23:16,semantic,5,1.0,1.0,1.0,1.0,0.06990000019868603,1965,1965,229,1,1,False,0,0,0,0,455.73799126637556,967,103,0.4497816593886463,0.6151484126086839,0.027559284832988515,0.5729030966758728,0.7776080965995789,0.5000000000000001,0.29057362350376104,0.0,1.0,False,False,True,True,10048129024,answer_43ba3965_1::round_0|answer_43ba3965_1::round_2|answer_43ba3965_1::round_1|5dbe11b9::round_0|answer_43ba3965_1::round_5,answer_43ba3965_1|answer_43ba3965_1|answer_43ba3965_1|5dbe11b9|answer_43ba3965_1,2063,155,125420.76080001425,125420.83070001446,"You attended the bird watching workshop at the local Audubon society on 2023/04/01 (Sat) 19:22. 

The current date is 2023/05/01 (Mon) 23:16. 

To find out how many weeks ago you attended the workshop, we need to calculate the difference between the two dates.

From 2023/04/01 to 2023/04/01 is 0 days.
From 2023/04/01 to 2023/05/01 is 30 days.

There are 7 days in a week. 
30 days / 7 days per week = 4.29 weeks.

So, you attended the bird watching workshop approximately 4 weeks ago.",,,meta-llama/Llama-3.1-8B-Instruct,0e9e39f249a16976918f6564b8830bc894c89659,4bit,auto,256,42,f3fa1c3c918c05f3c2c55c3b4105f619ef6a179b4a1acc8738619569b9d90ff4
bcbe585f,TR,temporal-reasoning,2023/05/01 (Mon) 23:16,hybrid_minmax,5,1.0,1.0,1.0,1.0,0.06889999986015027,1997,1997,229,1,1,False,0,0,0,0,455.73799126637556,967,103,0.4497816593886463,0.6151484126086839,0.027559284832988515,0.5729030966758728,0.7776080965995789,0.5000000000000001,0.29057362350376104,0.0,1.0,False,False,True,True,10048129024,answer_43ba3965_1::round_0|answer_43ba3965_1::round_2|answer_43ba3965_1::round_1|answer_43ba3965_1::round_5|answer_43ba3965_1::round_3,answer_43ba3965_1|answer_43ba3965_1|answer_43ba3965_1|answer_43ba3965_1|answer_43ba3965_1,2095,164,124733.63829997834,124733.7071999782,"You attended the bird watching workshop at the local Audubon society on the same day as the session, which was on 2023/04/01 (Sat). 

To find out how many weeks ago you attended the workshop, we need to subtract the date of the session from the current date (2023/05/01). 

Since the current date is 2023/05/01 and the session date was 2023/04/01, we can calculate the number of weeks as follows:

2023/05/01 - 2023/04/01 = 30 days

There are approximately 7 days in a week. 

30 days / 7 days per week ≈ 4.29 weeks

So, you attended the bird watching workshop approximately 4 weeks ago.",,,meta-llama/Llama-3.1-8B-Instruct,0e9e39f249a16976918f6564b8830bc894c89659,4bit,auto,256,42,69dfc082af8f5a9874b8986c673cba8853c28ded1f37cf5d592bfa5f69b928c2
bcbe585f,TR,temporal-reasoning,2023/05/01 (Mon) 23:16,hybrid_rrf,5,1.0,1.0,1.0,1.0,0.07000000005064066,1997,1997,229,1,1,False,0,0,0,0,455.73799126637556,967,103,0.4497816593886463,0.6151484126086839,0.027559284832988515,0.5729030966758728,0.7776080965995789,0.5000000000000001,0.29057362350376104,0.0,1.0,False,False,True,True,10048129024,answer_43ba3965_1::round_2|answer_43ba3965_1::round_0|answer_43ba3965_1::round_5|answer_43ba3965_1::round_1|answer_43ba3965_1::round_3,answer_43ba3965_1|answer_43ba3965_1|answer_43ba3965_1|answer_43ba3965_1|answer_43ba3965_1,2095,164,127122.33499996364,127122.40499996369,"You attended the bird watching workshop at the local Audubon society on the same day as the session, which was on 2023/04/01 (Sat). 

To find out how many weeks ago you attended the workshop, we need to subtract the date of the session from the current date (2023/05/01). 

Since the current date is 2023/05/01 and the session date was 2023/04/01, we can calculate the number of weeks as follows:

2023/05/01 - 2023/04/01 = 30 days

There are approximately 7 days in a week. 

30 days / 7 days per week ≈ 4.29 weeks

So, you attended the bird watching workshop approximately 4 weeks ago.",,,meta-llama/Llama-3.1-8B-Instruct,0e9e39f249a16976918f6564b8830bc894c89659,4bit,auto,256,42,69dfc082af8f5a9874b8986c673cba8853c28ded1f37cf5d592bfa5f69b928c2
gpt4_4fc4f797,TR,temporal-reasoning,2023/06/01 (Thu) 21:22,semantic,5,0.5,1.0,1.0,0.5,0.07270000060088933,3433,3433,237,2,2,False,0,0,0,0,449.39240506329116,870,101,0.42616033755274263,0.6122332761056313,0.033937084455769886,0.5535067915916443,0.8231720328330994,0.5,0.29050929038906076,0.0,1.0,False,False,True,True,10048135168,answer_be07688f_1::round_2|answer_be07688f_2::round_1|answer_be07688f_1::round_5|answer_be07688f_1::round_0|answer_be07688f_1::round_3,answer_be07688f_1|answer_be07688f_2|answer_be07688f_1|answer_be07688f_1|answer_be07688f_1,3537,218,206682.02469998505,206682.09739998565,"To find the number of days passed between the day you received feedback about your car's suspension and the day you tested your new suspension setup, we need to calculate the difference between the two dates.

The date you received feedback about your car's suspension is not specified, but we can use the date of the first session (2023/03/17) as a reference point.

The date you tested your new suspension setup is not specified either, but we can use the date of the second session (2023/04/23) as a reference point.

Assuming the first session (2023/03/17) is the day you received feedback about your car's suspension, and the second session (2023/04/23) is the day you tested your new suspension setup, we can calculate the number of days passed as follows:

2023/04/23 - 2023/03/17 = 37 days

Therefore, approximately 37 days passed between the day you received feedback about your car's suspension and the day you tested your new suspension setup.",,,meta-llama/Llama-3.1-8B-Instruct,0e9e39f249a16976918f6564b8830bc894c89659,4bit,auto,256,42,47725c4294f017daec71e37c77a142092fb83d5401e6c2823fc100ad433fc5ca
gpt4_4fc4f797,TR,temporal-reasoning,2023/06/01 (Thu) 21:22,hybrid_raw,5,0.0,0.0,0.5,0.0,0.07000000005064066,1343,1343,237,2,2,False,0,0,0,0,449.39240506329116,870,101,0.42616033755274263,0.6122332761056313,0.033937084455769886,0.5535067915916443,0.8231720328330994,0.5,0.29050929038906076,0.0,1.0,False,False,True,True,10048135168,answer_be07688f_2::round_1|ultrachat_472595::round_4|f5c7d070_2::round_4|ultrachat_472595::round_2|ultrachat_472595::round_1,answer_be07688f_2|ultrachat_472595|f5c7d070_2|ultrachat_472595|ultrachat_472595,1447,164,87167.82109998167,87167.89109998172,"To determine the number of days passed between the day you received feedback about your car's suspension and the day you tested your new suspension setup, we need to look at the dates mentioned in the conversation.

The day you received feedback about your car's suspension was on 2023/04/23 (Sun) 02:44.

However, there is no mention of the day you tested your new suspension setup in the conversation. The conversation only mentions that you were planning to participate in the ""Track Day Frenzy"" event at VIR on May 15th, but it does not provide information about when you tested your new suspension setup.

Therefore, the information is insufficient to determine the number of days passed between the day you received feedback about your car's suspension and the day you tested your new suspension setup.",,,meta-llama/Llama-3.1-8B-Instruct,0e9e39f249a16976918f6564b8830bc894c89659,4bit,auto,256,42,3122a89a76dabb5b7b4ebaee24a0fcd1a82dd7b61157d471561a4b38191c0982
gpt4_4fc4f797,TR,temporal-reasoning,2023/06/01 (Thu) 21:22,hybrid_minmax,5,1.0,1.0,1.0,1.0,0.07120000009308569,3164,3164,237,2,2,False,0,0,0,0,449.39240506329116,870,101,0.42616033755274263,0.6122332761056313,0.033937084455769886,0.5535067915916443,0.8231720328330994,0.5,0.29050929038906076,0.0,1.0,False,False,True,True,10048135168,answer_be07688f_2::round_1|answer_be07688f_2::round_0|answer_be07688f_1::round_2|answer_be07688f_1::round_5|answer_be07688f_2::round_3,answer_be07688f_2|answer_be07688f_2|answer_be07688f_1|answer_be07688f_1|answer_be07688f_2,3268,159,56460.30849998351,56460.379699983605,"To find the number of days passed between the day you received feedback about your car's suspension and the day you tested your new suspension setup, we need to know the exact dates.

From the memory context, we know that you received feedback about your car's suspension on 2023/03/17 (Friday) and tested your new suspension setup on 2023/04/23 (Sunday).

To find the number of days passed, we can subtract the date you received feedback from the date you tested your new suspension setup:

2023/04/23 (Sunday) - 2023/03/17 (Friday) = 37 days

So, 37 days passed between the day you received feedback about your car's suspension and the day you tested your new suspension setup.",,,meta-llama/Llama-3.1-8B-Instruct,0e9e39f249a16976918f6564b8830bc894c89659,4bit,auto,256,42,ad3212f1c155f71e57cfcab1f1d4109b36e86d761fa1bc00ed75f25143c2dbf7
gpt4_4fc4f797,TR,temporal-reasoning,2023/06/01 (Thu) 21:22,semantic,10,1.0,1.0,1.0,1.0,0.07100000038917642,6665,6665,237,2,2,False,0,0,0,0,449.39240506329116,870,101,0.42616033755274263,0.6122332761056313,0.033937084455769886,0.5535067915916443,0.8231720328330994,0.5,0.29050929038906076,0.0,1.0,False,False,True,True,10048135168,answer_be07688f_1::round_2|answer_be07688f_2::round_1|answer_be07688f_1::round_5|answer_be07688f_1::round_0|answer_be07688f_1::round_3|answer_be07688f_2::round_0|answer_be07688f_1::round_1|answer_be07688f_2::round_3|answer_be07688f_2::round_4|08834bf2_1::round_1,answer_be07688f_1|answer_be07688f_2|answer_be07688f_1|answer_be07688f_1|answer_be07688f_1|answer_be07688f_2|answer_be07688f_1|answer_be07688f_2|answer_be07688f_2|08834bf2_1,6769,142,145788.1726999767,145788.24369997712,"To find the number of days passed between the day you received feedback about your car's suspension and the day you tested your new suspension setup, we need to know the exact dates.

From the memory context, we know that you received feedback about your car's suspension on 2023/03/17 (Friday) and tested your new suspension setup on 2023/04/23 (Sunday).

Let's calculate the number of days passed:

2023/04/23 (Sunday) - 2023/03/17 (Friday) = 38 days

So, 38 days passed between the day you received feedback about your car's suspension and the day you tested your new suspension setup.",,,meta-llama/Llama-3.1-8B-Instruct,0e9e39f249a16976918f6564b8830bc894c89659,4bit,auto,256,42,a7afc82a86fc34801dab4b505f2724df78478c98a288d78489c6c076a5639f84
gpt4_4fc4f797,TR,temporal-reasoning,2023/06/01 (Thu) 21:22,hybrid_raw,10,0.0,0.0,0.5,0.0,0.07120000009308569,3519,3519,237,2,2,False,0,0,0,0,449.39240506329116,870,101,0.42616033755274263,0.6122332761056313,0.033937084455769886,0.5535067915916443,0.8231720328330994,0.5,0.29050929038906076,0.0,1.0,False,False,True,True,10048135168,answer_be07688f_2::round_1|ultrachat_472595::round_4|f5c7d070_2::round_4|ultrachat_472595::round_2|ultrachat_472595::round_1|f5c7d070_2::round_3|ultrachat_472595::round_5|f5c7d070_2::round_1|ultrachat_472595::round_3|f5c7d070_2::round_0,answer_be07688f_2|ultrachat_472595|f5c7d070_2|ultrachat_472595|ultrachat_472595|f5c7d070_2|ultrachat_472595|f5c7d070_2|ultrachat_472595|f5c7d070_2,3623,140,128969.75289995316,128969.82409995326,"To find the number of days passed between the day you received feedback about your car's suspension and the day you tested your new suspension setup, we need to know the exact dates of both events.

From the memory context, we know that you received feedback about your car's suspension on April 23, 2023. However, we don't know the exact date when you tested your new suspension setup.

Since the question is asked on June 1, 2023, we can assume that you tested your new suspension setup sometime between April 23, 2023, and June 1, 2023.

Without the exact date of testing, we can't provide an accurate answer.",,,meta-llama/Llama-3.1-8B-Instruct,0e9e39f249a16976918f6564b8830bc894c89659,4bit,auto,256,42,1945660ed8b2d2b9dd52655c25f93edb38bbe48d8f7553a4dcd437209d261b29
gpt4_4fc4f797,TR,temporal-reasoning,2023/06/01 (Thu) 21:22,hybrid_minmax,10,1.0,1.0,1.0,1.0,0.0718000001143082,5137,5137,237,2,2,False,0,0,0,0,449.39240506329116,870,101,0.42616033755274263,0.6122332761056313,0.033937084455769886,0.5535067915916443,0.8231720328330994,0.5,0.29050929038906076,0.0,1.0,False,False,True,True,10048135168,answer_be07688f_2::round_1|answer_be07688f_2::round_0|answer_be07688f_1::round_2|answer_be07688f_1::round_5|answer_be07688f_2::round_3|answer_be07688f_2::round_4|sharegpt_C2Qfdn8_0::round_0|f5c7d070_2::round_4|answer_be07688f_1::round_0|661e2cf8_2::round_3,answer_be07688f_2|answer_be07688f_2|answer_be07688f_1|answer_be07688f_1|answer_be07688f_2|answer_be07688f_2|sharegpt_C2Qfdn8_0|f5c7d070_2|answer_be07688f_1|661e2cf8_2,5241,167,192034.4326000195,192034.50440001962,"To find the number of days passed between the day you received feedback about your car's suspension and the day you tested your new suspension setup, we need to calculate the difference between the two dates.

The day you received feedback about your car's suspension is March 17, 2023 (Session date: 2023/03/17 (Fri) 15:43).

The day you tested your new suspension setup is April 23, 2023 (Session date: 2023/04/23 (Sun) 02:44).

The difference between the two dates is:

April 23, 2023 - March 17, 2023 = 37 days

So, 37 days passed between the day you received feedback about your car's suspension and the day you tested your new suspension setup.",,,meta-llama/Llama-3.1-8B-Instruct,0e9e39f249a16976918f6564b8830bc894c89659,4bit,auto,256,42,5993bdfeca05d11a91be716e372694fcd7f43b19c954c910e3cea7672ea88ee9
gpt4_4fc4f797,TR,temporal-reasoning,2023/06/01 (Thu) 21:22,hybrid_rrf,10,0.5,1.0,0.5,0.5,0.0804999999672873,4331,4331,237,2,2,False,0,0,0,0,449.39240506329116,870,101,0.42616033755274263,0.6122332761056313,0.033937084455769886,0.5535067915916443,0.8231720328330994,0.5,0.29050929038906076,0.0,1.0,False,False,True,True,10048135168,answer_be07688f_2::round_1|answer_be07688f_2::round_0|answer_be07688f_2::round_3|answer_be07688f_2::round_4|sharegpt_C2Qfdn8_0::round_0|661e2cf8_2::round_2|661e2cf8_2::round_3|f5c7d070_2::round_4|answer_be07688f_2::round_2|661e2cf8_2::round_0,answer_be07688f_2|answer_be07688f_2|answer_be07688f_2|answer_be07688f_2|sharegpt_C2Qfdn8_0|661e2cf8_2|661e2cf8_2|f5c7d070_2|answer_be07688f_2|661e2cf8_2,4435,207,165615.34489993937,165615.42539993935,"To find the number of days passed between the day you received feedback about your car's suspension and the day you tested your new suspension setup, we need to look at the dates mentioned in the conversation.

The day you received feedback about your car's suspension is not explicitly mentioned, but we can infer that it is sometime before April 23, 2023, since you mentioned that you're preparing for an open track day at VIR on April 24, 2023.

However, we do know that you received feedback about your car's suspension on April 23, 2023, since that is the date mentioned in the conversation.

Since you're testing your new suspension setup on April 24, 2023, we can calculate the number of days passed between the two dates.

April 24, 2023, - April 23, 2023 = 1 day

Therefore, 1 day passed between the day you received feedback about your car's suspension and the day you tested your new suspension setup.",,,meta-llama/Llama-3.1-8B-Instruct,0e9e39f249a16976918f6564b8830bc894c89659,4bit,auto,256,42,be18d7db090fcddc0cbc54b29d7c2c49373ecf65e4273cacf19a38dc371b15bd
6e984301,TR,temporal-reasoning,2023/04/01 (Sat) 18:55,semantic,5,1.0,1.0,1.0,1.0,0.07589999950141646,3590,3590,258,2,2,False,0,0,0,0,411.7984496124031,921,91,0.35271317829457366,0.6158919842668282,0.026859680401468838,0.5702004432678223,0.7514157295227051,0.5,0.2903594657633106,0.0,1.0,False,False,True,True,10048276480,answer_88841f26_2::round_1|answer_88841f26_1::round_0|answer_88841f26_2::round_0|answer_88841f26_1::round_1|answer_88841f26_2::round_3,answer_88841f26_2|answer_88841f26_1|answer_88841f26_2|answer_88841f26_1|answer_88841f26_2,3691,136,126960.91350005008,126960.98940004958,"You started taking sculpting classes on 2023/02/11 (Sat) 18:51. You invested in your own set of sculpting tools on 2023/03/04 (Sat) 09:10.

To find the number of weeks, we need to calculate the difference between these two dates.

From 2023/02/11 to 2023/03/04, there are approximately 21 days.

There are 7 days in a week, so 21 days is approximately 3 weeks.

Therefore, you had been taking sculpting classes for approximately 3 weeks when you invested in your own set of sculpting tools.",,,meta-llama/Llama-3.1-8B-Instruct,0e9e39f249a16976918f6564b8830bc894c89659,4bit,auto,256,42,39241f33b6c52575b1159099f25ef2976d71da26efe41cb6555e2be7702c268b
6e984301,TR,temporal-reasoning,2023/04/01 (Sat) 18:55,hybrid_minmax,5,1.0,1.0,1.0,1.0,0.07660000119358301,3590,3590,258,2,2,False,0,0,0,0,411.7984496124031,921,91,0.35271317829457366,0.6158919842668282,0.026859680401468838,0.5702004432678223,0.7514157295227051,0.5,0.2903594657633106,0.0,1.0,False,False,True,True,10048276480,answer_88841f26_2::round_1|answer_88841f26_1::round_0|answer_88841f26_2::round_0|answer_88841f26_2::round_3|answer_88841f26_1::round_1,answer_88841f26_2|answer_88841f26_1|answer_88841f26_2|answer_88841f26_2|answer_88841f26_1,3691,136,124730.67059996538,124730.74719996657,"You started taking sculpting classes on 2023/02/11 (Sat) 18:51. You invested in your own set of sculpting tools on 2023/03/04 (Sat) 09:10.

To find the number of weeks, we need to calculate the difference between these two dates.

From 2023/02/11 to 2023/03/04, there are approximately 21 days.

There are 7 days in a week, so 21 days is approximately 3 weeks.

Therefore, you had been taking sculpting classes for approximately 3 weeks when you invested in your own set of sculpting tools.",,,meta-llama/Llama-3.1-8B-Instruct,0e9e39f249a16976918f6564b8830bc894c89659,4bit,auto,256,42,39241f33b6c52575b1159099f25ef2976d71da26efe41cb6555e2be7702c268b
gpt4_74aed68e,TR,temporal-reasoning,2023/04/01 (Sat) 21:42,semantic,10,1.0,1.0,1.0,1.0,0.07310000000870787,5724,5724,242,2,2,False,0,0,0,0,438.3057851239669,873,90,0.371900826446281,0.6123819900445702,0.026851487233674694,0.5599976778030396,0.7359499931335449,0.5,0.29047125036293864,0.0,1.0,False,False,True,True,10047737856,answer_aed8cf17_2::round_0|answer_aed8cf17_2::round_2|answer_aed8cf17_1::round_0|318048af_2::round_2|answer_aed8cf17_1::round_3|answer_aed8cf17_1::round_4|318048af_2::round_4|answer_aed8cf17_2::round_3|answer_aed8cf17_1::round_5|318048af_2::round_5,answer_aed8cf17_2|answer_aed8cf17_2|answer_aed8cf17_1|318048af_2|answer_aed8cf17_1|answer_aed8cf17_1|318048af_2|answer_aed8cf17_2|answer_aed8cf17_1|318048af_2,5831,158,199168.11590001453,199168.18900001454,"To find the number of days passed between the day you replaced your spark plugs and the day you participated in the Turbocharged Tuesdays auto racking event, we need to look at the dates mentioned in the conversation.

You replaced your spark plugs on 2023/02/14 (Tuesday), and you participated in the Turbocharged Tuesdays auto racking event on 2023/03/15 (Wednesday).

To find the number of days passed, we can subtract the earlier date from the later date:

2023/03/15 (Wednesday) - 2023/02/14 (Tuesday) = 31 days

So, 31 days passed between the day you replaced your spark plugs and the day you participated in the Turbocharged Tuesdays auto racking event.",,,meta-llama/Llama-3.1-8B-Instruct,0e9e39f249a16976918f6564b8830bc894c89659,4bit,auto,256,42,c390cbfe67d5f13585ef04c7c9cc9ef13c1c55a49cf97b9134bb5177836deb3d
gpt4_74aed68e,TR,temporal-reasoning,2023/04/01 (Sat) 21:42,hybrid_rrf,10,0.5,1.0,0.5,0.5,0.09950000094249845,5724,5724,242,2,2,False,0,0,0,0,438.3057851239669,873,90,0.371900826446281,0.6123819900445702,0.026851487233674694,0.5599976778030396,0.7359499931335449,0.5,0.29047125036293864,0.0,1.0,False,False,True,True,10047737856,sharegpt_k1buBRY_0::round_0|470f29c0_1::round_3|470f29c0_1::round_4|470f29c0_1::round_2|answer_aed8cf17_2::round_0|answer_aed8cf17_2::round_2|470f29c0_1::round_5|25b3e36c_2::round_5|answer_aed8cf17_2::round_3|sharegpt_SDJ5YwZ_0::round_0,sharegpt_k1buBRY_0|470f29c0_1|470f29c0_1|470f29c0_1|answer_aed8cf17_2|answer_aed8cf17_2|470f29c0_1|25b3e36c_2|answer_aed8cf17_2|sharegpt_SDJ5YwZ_0,5832,139,181727.99309995025,181728.0925999512,"To find the number of days passed between the day you replaced your spark plugs and the day you participated in the Turbocharged Tuesdays auto racking event, we need to know the exact dates of these events.

From the conversation, we know that:

1. You replaced your spark plugs and noticed a smoother engine performance.
2. You participated in the Turbocharged Tuesdays auto racking event.

However, we don't have the exact dates of these events. The conversation only mentions that the events occurred before the session date, which is 2023/03/15.

Since we don't have the exact dates, we can't calculate the number of days passed between the two events.",,,meta-llama/Llama-3.1-8B-Instruct,0e9e39f249a16976918f6564b8830bc894c89659,4bit,auto,256,42,0e87bc3bae62994903d9fc5b6ff55f03929728217edabd0bde702f802b50fe54
dcfa8644,TR,temporal-reasoning,2023/02/03 (Fri) 17:43,hybrid_minmax,10,0.5,1.0,0.5,0.5,0.07329999971261714,4716,4716,237,2,2,False,0,0,12,0,436.1054852320675,1488,89,0.3755274261603376,0.6126088489963033,0.030971751282154292,0.5697385668754578,0.7529852390289307,0.5,0.29050929038906076,0.0,1.0,False,False,True,True,10047775744,answer_5e3eeb12_2::round_0|answer_5e3eeb12_2::round_4|answer_5e3eeb12_2::round_5|answer_5e3eeb12_2::round_1|30bbae12_2::round_0|answer_5e3eeb12_2::round_3|30bbae12_2::round_4|30bbae12_2::round_1|ultrachat_224195::round_5|answer_5e3eeb12_2::round_2,answer_5e3eeb12_2|answer_5e3eeb12_2|answer_5e3eeb12_2|answer_5e3eeb12_2|30bbae12_2|answer_5e3eeb12_2|30bbae12_2|30bbae12_2|ultrachat_224195|answer_5e3eeb12_2,4825,164,244032.8351999633,244032.908499963,"You bought your Adidas running shoes on February 1st, and one of the shoelaces on your old Converse sneakers had broken on January 24th. 

To find the number of days that had passed, we need to calculate the difference between the two dates.

January has 31 days, so from January 1st to January 24th, there are 24 days.

February 1st is the 1st day of February.

So, the total number of days that had passed is 24 (from January 1st to January 24th) + 1 (February 1st) = 25 days.

Therefore, 25 days had passed since you bought your Adidas running shoes when you realized one of the shoelaces on your old Converse sneakers had broken.",,,meta-llama/Llama-3.1-8B-Instruct,0e9e39f249a16976918f6564b8830bc894c89659,4bit,auto,256,42,32054726e1f4b41b98864674cd6e5e8c3bcbaad32842d04bb5131c8f221e07f4
08f4fc43,TR,temporal-reasoning,2023/02/20 (Mon) 21:26,semantic,5,0.0,0.0,1.0,0.0,0.07240000013553072,2266,2266,241,2,2,False,0,0,2,0,441.3817427385892,1622,101,0.4190871369294606,0.6003364200908613,0.030573208482253394,0.5406554341316223,0.7344852089881897,0.5,0.29047873161131527,0.0,1.0,False,False,True,True,10048049152,answer_6ea1541e_2::round_3|answer_6ea1541e_1::round_2|answer_6ea1541e_2::round_1|ultrachat_292416::round_2|ultrachat_292416::round_0,answer_6ea1541e_2|answer_6ea1541e_1|answer_6ea1541e_2|ultrachat_292416|ultrachat_292416,2369,158,130099.02829991188,130099.10069991201,"To find the number of days between the Sunday mass at St. Mary's Church and the Ash Wednesday service at the cathedral, we need to know the date of the Sunday mass. However, the date of the Sunday mass is not mentioned in the conversation.

We do know that the Ash Wednesday service was on February 1st, 2023. 

Since the conversation took place on February 20, 2023, we can calculate the number of days between February 1st and February 20th.

February has 28 days in 2023. From February 1st to February 20th, there are 19 days.

So, there were 19 days between the Ash Wednesday service at the cathedral and the conversation on February 20, 2023.",,,meta-llama/Llama-3.1-8B-Instruct,0e9e39f249a16976918f6564b8830bc894c89659,4bit,auto,256,42,beff515fe4316a2f6fb5fb8e250b8e572db25f48fffb3a37d4b5846b35786909
08f4fc43,TR,temporal-reasoning,2023/02/20 (Mon) 21:26,hybrid_raw,10,0.0,0.0,0.0,0.0,0.07360000017797574,4696,4696,241,2,2,False,0,0,2,0,441.3817427385892,1622,101,0.4190871369294606,0.6003364200908613,0.030573208482253394,0.5406554341316223,0.7344852089881897,0.5,0.29047873161131527,0.0,1.0,False,False,True,True,10048049152,sharegpt_wXqtiUe_0::round_3|sharegpt_wXqtiUe_0::round_1|sharegpt_wXqtiUe_0::round_2|sharegpt_wXqtiUe_0::round_0|sharegpt_iR0IT8N_0::round_1|f3bd00ec_2::round_5|sharegpt_iR0IT8N_0::round_0|a390c735_1::round_5|a390c735_1::round_3|a390c735_1::round_2,sharegpt_wXqtiUe_0|sharegpt_wXqtiUe_0|sharegpt_wXqtiUe_0|sharegpt_wXqtiUe_0|sharegpt_iR0IT8N_0|f3bd00ec_2|sharegpt_iR0IT8N_0|a390c735_1|a390c735_1|a390c735_1,4799,211,199043.56759996153,199043.6411999617,"Insufficient information is provided to determine the exact dates of the Sunday mass at St. Mary's Church and the Ash Wednesday service at the cathedral. However, based on the general knowledge that Ash Wednesday typically falls 46 days before Easter Sunday, and Easter Sunday is a moveable feast, the exact number of days between the two events can vary from year to year.

However, if we assume that the Sunday mass at St. Mary's Church occurred on a typical Sunday before Ash Wednesday, and the Ash Wednesday service at the cathedral occurred on the first day of Lent, we can estimate the number of days between the two events.

Typically, Ash Wednesday falls on a Wednesday between February 3 and March 10. If we assume that the Sunday mass at St. Mary's Church occurred on the Sunday before Ash Wednesday, the number of days between the two events would be around 7-8 days.

Please note that this is a rough estimate and the actual number of days between the two events can vary depending on the specific dates and the year.",,,meta-llama/Llama-3.1-8B-Instruct,0e9e39f249a16976918f6564b8830bc894c89659,4bit,auto,256,42,d889072725a6b51599714b3e493ee934f1018b960efba1189dadaf066df49929
08f4fc43,TR,temporal-reasoning,2023/02/20 (Mon) 21:26,hybrid_minmax,10,0.5,1.0,0.5,0.5,0.07340000047406647,5045,5045,241,2,2,False,0,0,2,0,441.3817427385892,1622,101,0.4190871369294606,0.6003364200908613,0.030573208482253394,0.5406554341316223,0.7344852089881897,0.5,0.29047873161131527,0.0,1.0,False,False,True,True,10048049152,sharegpt_wXqtiUe_0::round_3|sharegpt_wXqtiUe_0::round_1|answer_6ea1541e_1::round_2|sharegpt_wXqtiUe_0::round_2|sharegpt_wXqtiUe_0::round_0|f3bd00ec_2::round_5|answer_6ea1541e_1::round_0|sharegpt_JJu53iW_0::round_7|ultrachat_292416::round_2|answer_6ea1541e_1::round_3,sharegpt_wXqtiUe_0|sharegpt_wXqtiUe_0|answer_6ea1541e_1|sharegpt_wXqtiUe_0|sharegpt_wXqtiUe_0|f3bd00ec_2|answer_6ea1541e_1|sharegpt_JJu53iW_0|ultrachat_292416|answer_6ea1541e_1,5148,171,219781.48490004241,219781.55830004287,"To determine the number of days between the Sunday mass at St. Mary's Church and the Ash Wednesday service at the cathedral, we need to know the date of the Sunday mass and the date of the Ash Wednesday service.

The Sunday mass at St. Mary's Church was on January 2nd.

Ash Wednesday is the day after Shrove Tuesday, which is the day before the start of the Christian season of Lent. In 2023, Ash Wednesday was on February 22nd.

Since the Sunday mass was on January 2nd and Ash Wednesday was on February 22nd, we can calculate the number of days between the two dates:

February 22nd - January 2nd = 51 days

So, there were 51 days between the Sunday mass at St. Mary's Church and the Ash Wednesday service at the cathedral.",,,meta-llama/Llama-3.1-8B-Instruct,0e9e39f249a16976918f6564b8830bc894c89659,4bit,auto,256,42,db4b66eb962d73abddf5c48ee6e323f8d60c79baee70a87e40cd3fd222661bf5
08f4fc43,TR,temporal-reasoning,2023/02/20 (Mon) 21:26,hybrid_rrf,10,0.5,1.0,0.5,0.5,0.07420000110869296,4577,4577,241,2,2,False,0,0,2,0,441.3817427385892,1622,101,0.4190871369294606,0.6003364200908613,0.030573208482253394,0.5406554341316223,0.7344852089881897,0.5,0.29047873161131527,0.0,1.0,False,False,True,True,10048049152,sharegpt_wXqtiUe_0::round_3|sharegpt_wXqtiUe_0::round_1|sharegpt_wXqtiUe_0::round_2|sharegpt_wXqtiUe_0::round_0|answer_6ea1541e_1::round_2|f3bd00ec_2::round_5|answer_6ea1541e_1::round_0|sharegpt_iR0IT8N_0::round_1|ultrachat_292416::round_2|sharegpt_JJu53iW_0::round_7,sharegpt_wXqtiUe_0|sharegpt_wXqtiUe_0|sharegpt_wXqtiUe_0|sharegpt_wXqtiUe_0|answer_6ea1541e_1|f3bd00ec_2|answer_6ea1541e_1|sharegpt_iR0IT8N_0|ultrachat_292416|sharegpt_JJu53iW_0,4680,160,166059.8081999924,166059.8823999935,"To determine the number of days between the Sunday mass at St. Mary's Church and the Ash Wednesday service at the cathedral, we need to know the date of the Ash Wednesday service.

Since the conversation took place on 2023/02/20, and Ash Wednesday typically falls on a Wednesday in February or March, we can assume that the Ash Wednesday service took place on 2023/02/22.

The Sunday mass at St. Mary's Church took place on 2023/01/02.

To calculate the number of days between the two dates:

2023/02/22 - 2023/01/02 = 51 days

Therefore, 51 days had passed between the Sunday mass at St. Mary's Church and the Ash Wednesday service at the cathedral.",,,meta-llama/Llama-3.1-8B-Instruct,0e9e39f249a16976918f6564b8830bc894c89659,4bit,auto,256,42,ce6b8f3bab63185299d26fb63751171dc81dd1ca23a63085f96a1071576aaa57
gpt4_e072b769,TR,temporal-reasoning,2023/05/06 (Sat) 09:18,semantic,5,1.0,1.0,1.0,1.0,0.06740000026184134,2414,2414,225,1,1,False,0,0,0,0,469.7688888888889,1610,111,0.49333333333333335,0.6144093489646911,0.02995073654884007,0.5623423457145691,0.7817376255989075,0.49999999999999994,0.2906075126404361,0.0,1.0,False,False,True,True,10047737856,answer_c19bd2bf_1::round_5|answer_c19bd2bf_1::round_0|answer_c19bd2bf_1::round_1|answer_c19bd2bf_1::round_2|answer_c19bd2bf_1::round_4,answer_c19bd2bf_1|answer_c19bd2bf_1|answer_c19bd2bf_1|answer_c19bd2bf_1|answer_c19bd2bf_1,2510,231,174183.50209994242,174183.56949994268,"To find out how many weeks ago you started using the cashback app 'Ibotta', we need to determine the date when you started using it.

The conversation started on 2023/04/16 (Sun) 02:19. 

You mentioned that you've just downloaded Ibotta, a cashback app that gives you rebates on certain grocery items. This implies that you started using Ibotta around the time of the conversation.

Since the conversation started on 2023/04/16 (Sun) 02:19, we can assume that you started using Ibotta around this date.

To find out how many weeks ago you started using Ibotta, we can calculate the difference between the current date (2023/05/06) and the date when you started using Ibotta (2023/04/16).

The difference between the two dates is 20 days.

There are 7 days in a week. 

20 days / 7 days per week = 2.86 weeks (approximately)

So, you started using the cashback app 'Ibotta' approximately 2.86 weeks ago.",,,meta-llama/Llama-3.1-8B-Instruct,0e9e39f249a16976918f6564b8830bc894c89659,4bit,auto,256,42,aa5c116177b74926ddd2b5b5d503647ecc53847b995ce6ed808202413405302a
gpt4_e072b769,TR,temporal-reasoning,2023/05/06 (Sat) 09:18,hybrid_minmax,5,1.0,1.0,1.0,1.0,0.0777000004745787,1662,1662,225,1,1,False,0,0,0,0,469.7688888888889,1610,111,0.49333333333333335,0.6144093489646911,0.02995073654884007,0.5623423457145691,0.7817376255989075,0.49999999999999994,0.2906075126404361,0.0,1.0,False,False,True,True,10047737856,sharegpt_1VhiETr_37::round_8|answer_c19bd2bf_1::round_5|sharegpt_ieJJEsz_0::round_0|answer_c19bd2bf_1::round_0|answer_c19bd2bf_1::round_1,sharegpt_1VhiETr_37|answer_c19bd2bf_1|sharegpt_ieJJEsz_0|answer_c19bd2bf_1|answer_c19bd2bf_1,1758,180,111833.36410007905,111833.44180007953,"To determine how many weeks ago you started using the cashback app 'Ibotta', we need to know the date you started using it. Unfortunately, that information is not provided in the memory context.

However, we do know that the session date when you started using the app is 2023/04/16 (Sun) 02:19. 

If we assume that you started using the app on that date, we can calculate the number of weeks that have passed since then.

There are approximately 7 days in a week. 

From 2023/04/16 to 2023/05/06 (the date of the question), there are approximately 20 days.

20 days / 7 days per week = approximately 2.86 weeks.

So, approximately 2.86 weeks have passed since you started using the cashback app 'Ibotta'.",,,meta-llama/Llama-3.1-8B-Instruct,0e9e39f249a16976918f6564b8830bc894c89659,4bit,auto,256,42,c72054fed445e4905a16d68a6192b42a6bf044d0d6c66eedfe2e820c47edb409
gpt4_e072b769,TR,temporal-reasoning,2023/05/06 (Sat) 09:18,semantic,10,1.0,1.0,1.0,1.0,0.06919999941601418,3900,3900,225,1,1,False,0,0,0,0,469.7688888888889,1610,111,0.49333333333333335,0.6144093489646911,0.02995073654884007,0.5623423457145691,0.7817376255989075,0.49999999999999994,0.2906075126404361,0.0,1.0,False,False,True,True,10047737856,answer_c19bd2bf_1::round_5|answer_c19bd2bf_1::round_0|answer_c19bd2bf_1::round_1|answer_c19bd2bf_1::round_2|answer_c19bd2bf_1::round_4|sharegpt_1VhiETr_37::round_8|0dd54b7c_1::round_4|0dd54b7c_1::round_2|0dd54b7c_1::round_0|answer_c19bd2bf_1::round_3,answer_c19bd2bf_1|answer_c19bd2bf_1|answer_c19bd2bf_1|answer_c19bd2bf_1|answer_c19bd2bf_1|sharegpt_1VhiETr_37|0dd54b7c_1|0dd54b7c_1|0dd54b7c_1|answer_c19bd2bf_1,3996,131,64756.32210006006,64756.39130005948,"To determine how many weeks ago you started using the cashback app 'Ibotta', we need to calculate the difference between the current date (2023/05/06) and the date when you started using Ibotta (2023/04/16).

The difference between the two dates is:

2023/05/06 - 2023/04/16 = 20 days

There are 7 days in a week, so:

20 days / 7 days per week = 2.86 weeks (approximately)

So, you started using the cashback app 'Ibotta' approximately 2.86 weeks ago.",,,meta-llama/Llama-3.1-8B-Instruct,0e9e39f249a16976918f6564b8830bc894c89659,4bit,auto,256,42,ecc27e2b66d1388735d888fd64f8001e0673e0d972eec933915992ac9718fac4
gpt4_e072b769,TR,temporal-reasoning,2023/05/06 (Sat) 09:18,hybrid_minmax,10,1.0,1.0,1.0,1.0,0.07130000085453503,2292,2292,225,1,1,False,0,0,0,0,469.7688888888889,1610,111,0.49333333333333335,0.6144093489646911,0.02995073654884007,0.5623423457145691,0.7817376255989075,0.49999999999999994,0.2906075126404361,0.0,1.0,False,False,True,True,10047737856,sharegpt_1VhiETr_37::round_8|answer_c19bd2bf_1::round_5|sharegpt_ieJJEsz_0::round_0|answer_c19bd2bf_1::round_0|answer_c19bd2bf_1::round_1|sharegpt_1VhiETr_37::round_4|sharegpt_1VhiETr_37::round_9|sharegpt_1VhiETr_37::round_2|sharegpt_1VhiETr_37::round_7|sharegpt_1VhiETr_37::round_3,sharegpt_1VhiETr_37|answer_c19bd2bf_1|sharegpt_ieJJEsz_0|answer_c19bd2bf_1|answer_c19bd2bf_1|sharegpt_1VhiETr_37|sharegpt_1VhiETr_37|sharegpt_1VhiETr_37|sharegpt_1VhiETr_37|sharegpt_1VhiETr_37,2388,131,111705.65509994049,111705.72639994134,"The conversation about Ibotta started on 2023/04/16 (Sun) 02:19. To determine how many weeks ago you started using the cashback app 'Ibotta', we need to calculate the difference between the current date (2023/05/06) and the start date (2023/04/16).

The difference between the two dates is approximately 20 days. 

There are 7 days in a week. 

20 days / 7 days per week = 2.86 weeks.

So, you started using the cashback app 'Ibotta' approximately 2.86 weeks ago.",,,meta-llama/Llama-3.1-8B-Instruct,0e9e39f249a16976918f6564b8830bc894c89659,4bit,auto,256,42,4d7ff64e10524ef8006fce2c1805a2a6ddf28596badc6d55b5f9acfe6a1fec00
c8090214,TR,temporal-reasoning,2023/12/10 (Sun) 17:17,hybrid_minmax,5,0.0,0.0,0.0,0.0,0.07050000021990854,2325,2325,231,2,2,False,0,0,17,0,439.038961038961,3307,81,0.35064935064935066,0.6146648113345687,0.027958581748170817,0.567307710647583,0.7438532710075378,0.49999999999999994,0.2905571208104978,0.0,1.0,False,False,True,True,10047923200,ultrachat_345992::round_1|ultrachat_345992::round_2|162ad3bf_1::round_2|d6c6dadf::round_5|d6c6dadf::round_4,ultrachat_345992|ultrachat_345992|162ad3bf_1|d6c6dadf|d6c6dadf,2422,159,136619.08880004194,136619.15930004214,"To determine how many days before you bought the iPhone 13 Pro you attended the Holiday Market, we need to know the date you bought the iPhone 13 Pro and the date you attended the Holiday Market.

Unfortunately, the memories do not contain this information. However, we can infer that the iPhone 13 Pro was released in 2021, and the memories mention the Easter Market, which is typically celebrated in March or April. 

Since the memories were created on December 10, 2023, and the iPhone 13 Pro was released in 2021, it is likely that you bought the iPhone 13 Pro before the memories were created.

Without the exact dates, it is difficult to determine how many days before you bought the iPhone 13 Pro you attended the Holiday Market.",,,meta-llama/Llama-3.1-8B-Instruct,0e9e39f249a16976918f6564b8830bc894c89659,4bit,auto,256,42,50c046a42c8f62011416f8d65844c319c12fb267887f9e1dfdb077ecadc2332e
c8090214,TR,temporal-reasoning,2023/12/10 (Sun) 17:17,semantic,10,0.5,1.0,0.5,0.5,0.07139999979699496,5207,5207,231,2,2,False,0,0,17,0,439.038961038961,3307,81,0.35064935064935066,0.6146648113345687,0.027958581748170817,0.567307710647583,0.7438532710075378,0.49999999999999994,0.2905571208104978,0.0,1.0,False,False,True,True,10047923200,162ad3bf_1::round_2|answer_70dc7d08_1::round_5|ultrachat_345992::round_1|162ad3bf_1::round_3|162ad3bf_1::round_4|162ad3bf_1::round_5|answer_70dc7d08_1::round_4|answer_70dc7d08_1::round_0|162ad3bf_1::round_1|ultrachat_345992::round_2,162ad3bf_1|answer_70dc7d08_1|ultrachat_345992|162ad3bf_1|162ad3bf_1|162ad3bf_1|answer_70dc7d08_1|answer_70dc7d08_1|162ad3bf_1|ultrachat_345992,5304,172,150478.23550004978,150478.30690004956,"You attended the Holiday Market a week before Black Friday. Since the question date is 2023/12/10, and Black Friday is the day after Thanksgiving, which is the fourth Thursday of November, we can assume that Black Friday is around November 25th.

If you attended the Holiday Market a week before Black Friday, that would be around November 18th.

You bought the iPhone 13 Pro on 2023/12/10. To find out how many days before you bought the iPhone 13 Pro you attended the Holiday Market, we need to subtract the date you attended the Holiday Market from the date you bought the iPhone 13 Pro.

2023/12/10 - 2023/11/18 = 22 days

So, you attended the Holiday Market 22 days before you bought the iPhone 13 Pro.",,,meta-llama/Llama-3.1-8B-Instruct,0e9e39f249a16976918f6564b8830bc894c89659,4bit,auto,256,42,b85403fe73b1537df78dddd82e5374ffac56d2704aaa067a46e16d654013675f
gpt4_8e165409,TR,temporal-reasoning,2023/03/26 (Sun) 15:53,hybrid_minmax,5,0.5,1.0,0.5,0.5,0.0729000003047986,2195,2195,242,2,2,False,0,0,0,0,428.900826446281,925,97,0.40082644628099173,0.6081263321982927,0.02813524234913075,0.5622740983963013,0.758263111114502,0.4999999999999999,0.29047125036293864,0.0,1.0,False,False,True,True,10047737856,answer_d97db962_2::round_4|answer_d97db962_2::round_5|0c6c9f4d::round_5|sharegpt_peRemgk_0::round_1|sharegpt_peRemgk_0::round_3,answer_d97db962_2|answer_d97db962_2|0c6c9f4d|sharegpt_peRemgk_0|sharegpt_peRemgk_0,2309,201,155599.96000002138,155600.0329000217,"To find the number of days passed between the day you repotted the previous spider plant and the day you gave your neighbor, Mrs. Johnson, a few cuttings from your spider plant, we need to know the date you repotted the previous spider plant.

Unfortunately, the memory context does not provide this information. The memory context only mentions that you gave your neighbor, Mrs. Johnson, a few cuttings from your spider plant on the day you had a conversation with me (2023/03/18). 

However, we can find the number of days passed between the day you had a conversation with me (2023/03/18) and the day you had another conversation with me (2023/03/26).

The difference between these two dates is 8 days.

So, the number of days passed between the day you gave your neighbor, Mrs. Johnson, a few cuttings from your spider plant and the day you had a conversation with me is 8 days.",,,meta-llama/Llama-3.1-8B-Instruct,0e9e39f249a16976918f6564b8830bc894c89659,4bit,auto,256,42,9a8c48997013ed6836860d320b88cb7e372b330f3021441858a8532b85b2e86b
gpt4_8e165409,TR,temporal-reasoning,2023/03/26 (Sun) 15:53,hybrid_rrf,5,0.0,0.0,0.0,0.0,0.07279999954334926,1984,1984,242,2,2,False,0,0,0,0,428.900826446281,925,97,0.40082644628099173,0.6081263321982927,0.02813524234913075,0.5622740983963013,0.758263111114502,0.4999999999999999,0.29047125036293864,0.0,1.0,False,False,True,True,10047737856,0c6c9f4d::round_5|sharegpt_peRemgk_0::round_1|sharegpt_peRemgk_0::round_3|0c6c9f4d::round_1|ultrachat_77564::round_1,0c6c9f4d|sharegpt_peRemgk_0|sharegpt_peRemgk_0|0c6c9f4d|ultrachat_77564,2098,168,127307.59429989848,127307.66709989803,"Unfortunately, the memories do not contain enough information to determine the exact dates when you repotted the spider plant and gave the cuttings to Mrs. Johnson. However, we can try to find the answer based on the available information.

From the memories, we know that the session date is 2023/03/18 (Sat) 19:25. However, there is no mention of repotting the spider plant or giving the cuttings to Mrs. Johnson on this date.

We also know that the question date is 2023/03/26 (Sun) 15:53. Since the question date is after the session date, it is possible that the events occurred between these two dates.

However, without the exact dates of the events, we cannot determine the number of days that passed between the two events.",,,meta-llama/Llama-3.1-8B-Instruct,0e9e39f249a16976918f6564b8830bc894c89659,4bit,auto,256,42,4de730a71b2927868d5dfc77448182b3d8f8cc0c3ec4d29090278d4cd669cecb
gpt4_8e165409,TR,temporal-reasoning,2023/03/26 (Sun) 15:53,semantic,10,1.0,1.0,1.0,1.0,0.07300000106624793,5493,5493,242,2,2,False,0,0,0,0,428.900826446281,925,97,0.40082644628099173,0.6081263321982927,0.02813524234913075,0.5622740983963013,0.758263111114502,0.4999999999999999,0.29047125036293864,0.0,1.0,False,False,True,True,10047737856,answer_d97db962_2::round_4|answer_d97db962_1::round_0|answer_d97db962_2::round_5|answer_d97db962_1::round_4|answer_d97db962_2::round_2|answer_d97db962_2::round_3|answer_d97db962_2::round_0|answer_d97db962_1::round_2|answer_d97db962_1::round_3|sharegpt_JRQtEcd_115::round_0,answer_d97db962_2|answer_d97db962_1|answer_d97db962_2|answer_d97db962_1|answer_d97db962_2|answer_d97db962_2|answer_d97db962_2|answer_d97db962_1|answer_d97db962_1|sharegpt_JRQtEcd_115,5607,185,268883.4911000449,268883.564100046,"To find the number of days passed between the day you repotted the previous spider plant and the day you gave your neighbor, Mrs. Johnson, a few cuttings from your spider plant, we need to look at the dates mentioned in the conversation.

The day you repotted the previous spider plant is mentioned as ""today"" in the conversation on March 4, 2023.

The day you gave your neighbor, Mrs. Johnson, a few cuttings from your spider plant is mentioned as ""today"" in the conversation on March 18, 2023.

So, the number of days passed between the two dates is:

March 18, 2023 - March 4, 2023 = 14 days

Therefore, 14 days passed between the day you repotted the previous spider plant and the day you gave your neighbor, Mrs. Johnson, a few cuttings from your spider plant.",,,meta-llama/Llama-3.1-8B-Instruct,0e9e39f249a16976918f6564b8830bc894c89659,4bit,auto,256,42,ec178e343fa79c24bd6fb0ba120689164ce2a634e20e3e1c7a1c312c5c8fbebb
9a707b81,TR,temporal-reasoning,2022/04/15 (Fri) 18:46,recency,10,0.5,1.0,0.5,0.5,0.02409999979136046,5928,5928,267,2,2,False,0,0,0,0,405.3333333333333,5746,70,0.26217228464419473,0.6179246706016055,0.02909115993279882,0.5638694763183594,0.713512659072876,0.5,0.290302494770947,0.0,1.0,False,False,True,True,10047737856,6862e478_2::round_5|6862e478_2::round_4|6862e478_2::round_3|6862e478_2::round_2|6862e478_2::round_1|6862e478_2::round_0|sharegpt_9q6K1JO_0::round_0|answer_dba89487_1::round_5|answer_dba89487_1::round_4|answer_dba89487_1::round_3,6862e478_2|6862e478_2|6862e478_2|6862e478_2|6862e478_2|6862e478_2|sharegpt_9q6K1JO_0|answer_dba89487_1|answer_dba89487_1|answer_dba89487_1,6031,149,91324.94099996984,91324.96509996963,"To determine the number of days ago you attended a baking class, we need to know the date of the class and the current date.

From the memory context, we know that the current date is 2022/04/15 (Friday, 18:46). We also know that the session date when you asked about making croissants and banana bread is 2022/04/10 (Sunday, 14:14).

Since the session date is before the current date, we can assume that the baking class was held on or before 2022/04/10.

However, we don't have enough information to determine the exact date of the baking class. Therefore, the information is insufficient to provide a specific answer.",,,meta-llama/Llama-3.1-8B-Instruct,0e9e39f249a16976918f6564b8830bc894c89659,4bit,auto,256,42,ce8ee39381e7c4684ef9423d6f846405253e8a2fc912d408aea4f26ee11ccd6f
9a707b81,TR,temporal-reasoning,2022/04/15 (Fri) 18:46,hybrid_rrf,10,0.5,1.0,0.5,0.5,0.08140000136336312,5532,5532,267,2,2,False,0,0,0,0,405.3333333333333,5746,70,0.26217228464419473,0.6179246706016055,0.02909115993279882,0.5638694763183594,0.713512659072876,0.5,0.290302494770947,0.0,1.0,False,False,True,True,10047737856,6862e478_2::round_3|answer_dba89487_1::round_3|6862e478_2::round_2|answer_dba89487_1::round_5|6862e478_2::round_1|answer_dba89487_1::round_4|answer_dba89487_1::round_0|6862e478_2::round_4|answer_dba89487_1::round_1|sharegpt_sW9QRz1_0::round_0,6862e478_2|answer_dba89487_1|6862e478_2|answer_dba89487_1|6862e478_2|answer_dba89487_1|answer_dba89487_1|6862e478_2|answer_dba89487_1|sharegpt_sW9QRz1_0,5635,217,294262.4907999998,294262.57220000116,"To determine how many days ago you attended a baking class, we need to know the date you attended the class and the date you asked the question.

You mentioned that you baked a chocolate cake for your friend's birthday party today (2022/04/10). However, you also mentioned that you were thinking of making croissants and banana bread for your dinner party, which suggests that the baking class might have been a recent event.

Since the question was asked on 2022/04/10, and you mentioned that you baked the cake for your friend's birthday party today, it's likely that the baking class was held recently. However, the exact date of the baking class is not specified.

If we assume that the baking class was held on the same day you baked the cake (2022/04/10), then the number of days ago you attended the class would be 0 days.

If the baking class was held on a previous day, we would need more information to determine the exact date and calculate the number of days ago you attended the class.",,,meta-llama/Llama-3.1-8B-Instruct,0e9e39f249a16976918f6564b8830bc894c89659,4bit,auto,256,42,8d9e6266556f5fb0f3f6682142ad0771ff3f76c8506597e05395606422e449e3
gpt4_f420262c,TR,temporal-reasoning,2023/03/02 (Thu) 06:11,semantic,10,0.4,1.0,0.6,0.4,0.07429999823216349,4543,4543,249,5,5,False,0,0,0,0,423.8152610441767,2910,90,0.3614457831325301,0.6166516549615975,0.02557256419143747,0.5665223002433777,0.702125608921051,0.5,0.2904205703808051,0.0,1.0,False,False,True,True,10047898624,answer_d8a1af6b_5::round_3|answer_d8a1af6b_5::round_1|answer_d8a1af6b_5::round_0|answer_d8a1af6b_5::round_2|answer_d8a1af6b_5::round_4|sharegpt_3dtASzd_0::round_1|answer_d8a1af6b_3::round_0|sharegpt_3dtASzd_0::round_2|sharegpt_3dtASzd_0::round_0|answer_d8a1af6b_2::round_1,answer_d8a1af6b_5|answer_d8a1af6b_5|answer_d8a1af6b_5|answer_d8a1af6b_5|answer_d8a1af6b_5|sharegpt_3dtASzd_0|answer_d8a1af6b_3|sharegpt_3dtASzd_0|sharegpt_3dtASzd_0|answer_d8a1af6b_2,4638,151,224747.48919997364,224747.56349997187,"Based on the memories provided, the order of airlines you flew with from earliest to latest before today (2023/03/02) is:

1. United Airlines (flight from Boston to Chicago on 2023/01/28)
2. American Airlines (flight from New York to Los Angeles on 2023/01/15)
3. American Airlines (flight from LAX to JFK on 2023/01/15)
4. American Airlines (flight from New York to Los Angeles on February 10th, 2023)
5. JetBlue (flight from Boston to Fort Lauderdale on 2023/02/14)
6. Delta (flight from Fort Lauderdale to Boston on 2023/02/14)",,,meta-llama/Llama-3.1-8B-Instruct,0e9e39f249a16976918f6564b8830bc894c89659,4bit,auto,256,42,f423d7bfd2fd88d0892c8cb7f6105492eab20497f87b0be0c7b6d7bb5de9473f
gpt4_f420262c,TR,temporal-reasoning,2023/03/02 (Thu) 06:11,hybrid_rrf,10,0.6,1.0,0.6,0.6,0.07580000055895653,5637,5637,249,5,5,False,0,0,0,0,423.8152610441767,2910,90,0.3614457831325301,0.6166516549615975,0.02557256419143747,0.5665223002433777,0.702125608921051,0.5,0.2904205703808051,0.0,1.0,False,False,True,True,10047898624,answer_d8a1af6b_5::round_3|answer_d8a1af6b_5::round_1|answer_d8a1af6b_5::round_4|answer_d8a1af6b_5::round_2|answer_d8a1af6b_5::round_0|answer_d8a1af6b_4::round_1|answer_d8a1af6b_4::round_0|answer_d8a1af6b_4::round_3|answer_d8a1af6b_3::round_0|dbf644b3_1::round_5,answer_d8a1af6b_5|answer_d8a1af6b_5|answer_d8a1af6b_5|answer_d8a1af6b_5|answer_d8a1af6b_5|answer_d8a1af6b_4|answer_d8a1af6b_4|answer_d8a1af6b_4|answer_d8a1af6b_3|dbf644b3_1,5732,214,258491.9477000367,258492.02350003726,"To answer your question, I'll need to look at the memories you provided.

From the memories, I can see that you flew with United Airlines from Boston to Chicago on a previous occasion (Session date: 2023/01/28 (Sat) 01:32). 

Later, you flew with American Airlines from New York to Los Angeles (Session date: 2023/02/10 (Fri) 17:40) and then from LAX to JFK (Session date: 2023/02/10 (Fri) 17:40).

Finally, you booked a flight with JetBlue from Boston to Fort Lauderdale (Session date: 2023/02/14 (Tue) 13:31) and a return flight with Delta from Fort Lauderdale to Boston (Session date: 2023/02/14 (Tue) 13:31).

So, the order of airlines you flew with from earliest to latest before today is:

1. United Airlines
2. American Airlines
3. JetBlue
4. Delta",,,meta-llama/Llama-3.1-8B-Instruct,0e9e39f249a16976918f6564b8830bc894c89659,4bit,auto,256,42,727385e0220da39704c415d514f3afe2fbf4f12c85966d2bec63475cc310196d
6613b389,TR,temporal-reasoning,2023/07/07 (Fri) 13:04,semantic,10,0.5,1.0,0.3333333333333333,0.5,0.06860000030428637,4441,4441,226,2,3,False,0,0,18,1,469.3938053097345,841,113,0.5,0.6093466875299943,0.02027557243142501,0.5712745785713196,0.676082968711853,0.5,0.2905989274335237,0.0,1.0,False,False,True,True,10047856640,answer_aaf71ce2_2::round_4|answer_aaf71ce2_2::round_2|f1cc1ddb_1::round_5|ultrachat_80430::round_4|answer_aaf71ce2_2::round_5|f1163e57::round_3|answer_aaf71ce2_2::round_0|answer_aaf71ce2_2::round_1|e3d8da67::round_5|20d6c376_1::round_1,answer_aaf71ce2_2|answer_aaf71ce2_2|f1cc1ddb_1|ultrachat_80430|answer_aaf71ce2_2|f1163e57|answer_aaf71ce2_2|answer_aaf71ce2_2|e3d8da67|20d6c376_1,4531,183,163673.10250003356,163673.17110003385,"Rachel got engaged on May 15th, and your anniversary is on July 22nd. To find out how many months before your anniversary Rachel got engaged, we need to calculate the difference between the two dates.

May has 31 days, so if we assume Rachel got engaged on the 15th, we can count the days from May 15th to July 22nd.

May 15th to May 31st is 16 days.
June is 30 days.
July 1st to July 21st is 21 days.

Adding these days together, we get 16 + 30 + 21 = 67 days.

Since there are approximately 30 days in a month, we can divide 67 by 30 to get the number of months.

67 days ≈ 2.23 months

So, Rachel got engaged approximately 2.23 months before your anniversary.",,,meta-llama/Llama-3.1-8B-Instruct,0e9e39f249a16976918f6564b8830bc894c89659,4bit,auto,256,42,102399cee811dd9ce7b054ea4762839bdc884b22bd115f0e7bb06be287d81d2d
8c18457d,TR,temporal-reasoning,2023/03/29 (Wed) 13:43,hybrid_minmax,5,0.3333333333333333,1.0,1.0,0.3333333333333333,0.0670000008540228,2193,2193,218,3,2,False,0,0,14,2,481.60550458715596,2878,104,0.47706422018348627,0.61477637263613,0.02830026844249988,0.5717529654502869,0.7692341804504395,0.5,0.29066982379167017,0.0,1.0,False,False,True,True,10047886336,98cd882c_2::round_0|answer_124f5dc3_2::round_4|answer_124f5dc3_2::round_3|answer_124f5dc3_1::round_0|answer_124f5dc3_1::round_2,98cd882c_2|answer_124f5dc3_2|answer_124f5dc3_2|answer_124f5dc3_1|answer_124f5dc3_1,2303,141,167144.32670001406,167144.39370001492,"To find the number of days between the day you bought a gift for your brother's graduation ceremony and the day you bought a birthday gift for your best friend, we need to know the exact dates of both events.

The day you bought a gift for your brother's graduation ceremony is 3/8. The day you bought a birthday gift for your best friend is 3/29.

First, we need to find the difference in days between these two dates. 

3/29 - 3/8 = 21 days

So, there were 21 days between the day you bought a gift for your brother's graduation ceremony and the day you bought a birthday gift for your best friend.",,,meta-llama/Llama-3.1-8B-Instruct,0e9e39f249a16976918f6564b8830bc894c89659,4bit,auto,256,42,3dfcf4f498c4eba9239143c9e294600c454c01248982968f776290a770a22b07
8c18457d,TR,temporal-reasoning,2023/03/29 (Wed) 13:43,hybrid_raw,10,0.6666666666666666,1.0,0.5,0.6666666666666666,0.06799999937356915,4722,4722,218,3,2,False,0,0,14,2,481.60550458715596,2878,104,0.47706422018348627,0.61477637263613,0.02830026844249988,0.5717529654502869,0.7692341804504395,0.5,0.29066982379167017,0.0,1.0,False,False,True,True,10047886336,answer_124f5dc3_2::round_4|answer_124f5dc3_2::round_3|b53f447a_1::round_2|answer_124f5dc3_2::round_5|b53f447a_1::round_4|b53f447a_1::round_5|answer_124f5dc3_2::round_0|answer_124f5dc3_2::round_2|b53f447a_1::round_3|c8dcbe7f_1::round_4,answer_124f5dc3_2|answer_124f5dc3_2|b53f447a_1|answer_124f5dc3_2|b53f447a_1|b53f447a_1|answer_124f5dc3_2|answer_124f5dc3_2|b53f447a_1|c8dcbe7f_1,4832,167,382596.2490000529,382596.3170000523,"To determine the number of days between the two events, we need to know the dates of both events.

Unfortunately, the memories provided do not contain the exact dates of the events. However, we can infer some information:

1. The user mentioned getting a gift for their best friend's 30th birthday on the 15th of March.
2. The user also mentioned getting a gift for their brother's graduation ceremony, but the date is not specified.

Since the user mentioned getting a gift for their best friend's 30th birthday on the 15th of March, we can assume that the gift was purchased around that date.

However, without the exact date of the brother's graduation ceremony, we cannot accurately calculate the number of days between the two events.

Therefore, the information is insufficient to provide a precise answer.",,,meta-llama/Llama-3.1-8B-Instruct,0e9e39f249a16976918f6564b8830bc894c89659,4bit,auto,256,42,56ad76be44d67c27a59dade46b3f4f51d52de7e07f4269c3a768fe8b6832c351
gpt4_1d4ab0c9,TR,temporal-reasoning,2023/04/18 (Tue) 10:43,semantic,5,1.0,1.0,1.0,1.0,0.07269999878189992,3211,3211,244,2,2,False,0,0,0,0,429.1516393442623,2419,86,0.3524590163934426,0.6117462713698871,0.032163071553189905,0.5615704655647278,0.8116538524627686,0.4999999999999999,0.29045647252614326,0.0,1.0,False,False,True,True,10047956992,answer_febde667_1::round_0|answer_febde667_2::round_0|answer_febde667_2::round_1|answer_febde667_2::round_2|answer_febde667_1::round_4,answer_febde667_1|answer_febde667_2|answer_febde667_2|answer_febde667_2|answer_febde667_1,3315,160,89497.55510000978,89497.62780000856,"To find the number of days passed between the day you started watering your herb garden and the day you harvested your first batch of fresh herbs, we need to calculate the difference between the two dates.

The day you started watering your herb garden is 2023/03/22 (Wednesday).
The day you harvested your first batch of fresh herbs is 2023/04/15 (Saturday).

First, let's find the difference in days between the two dates:

1. Calculate the difference in days between the two dates:
   2023/04/15 (Saturday) - 2023/03/22 (Wednesday) = 24 days

So, 24 days passed between the day you started watering your herb garden and the day you harvested your first batch of fresh herbs.",,,meta-llama/Llama-3.1-8B-Instruct,0e9e39f249a16976918f6564b8830bc894c89659,4bit,auto,256,42,68a86a82c928adab2278c4593c4401ceccfc958d5f0b6a346089c8910a678b08
gpt4_1d4ab0c9,TR,temporal-reasoning,2023/04/18 (Tue) 10:43,hybrid_raw,5,0.5,1.0,0.5,0.5,0.07299999924725853,2374,2374,244,2,2,False,0,0,0,0,429.1516393442623,2419,86,0.3524590163934426,0.6117462713698871,0.032163071553189905,0.5615704655647278,0.8116538524627686,0.4999999999999999,0.29045647252614326,0.0,1.0,False,False,True,True,10047956992,answer_febde667_2::round_0|ultrachat_562892::round_6|answer_febde667_2::round_1|ultrachat_562892::round_4|answer_febde667_2::round_2,answer_febde667_2|ultrachat_562892|answer_febde667_2|ultrachat_562892|answer_febde667_2,2478,171,188557.84310004674,188557.916100046,"To find the number of days passed between the day you started watering your herb garden and the day you harvested your first batch of fresh herbs, we need to know the exact dates.

Unfortunately, the exact dates are not provided in the memory context. However, we can infer that the user started watering the herb garden on a day before the session date (2023/04/15) and harvested the herbs on the same day (2023/04/15).

Since the user harvested the herbs on the same day they started watering the garden, it is likely that the user started watering the garden on the day before the session date (2023/04/14).

Assuming this is correct, the number of days passed between the day you started watering your herb garden and the day you harvested your first batch of fresh herbs is 1 day.",,,meta-llama/Llama-3.1-8B-Instruct,0e9e39f249a16976918f6564b8830bc894c89659,4bit,auto,256,42,4a7b795d51daa6f98dc38e8e88a7c1f5f3fac418932eb0e9b94bebfa0466cd6a
gpt4_1d4ab0c9,TR,temporal-reasoning,2023/04/18 (Tue) 10:43,hybrid_minmax,5,0.5,1.0,0.5,0.5,0.07139999979699496,3129,3129,244,2,2,False,0,0,0,0,429.1516393442623,2419,86,0.3524590163934426,0.6117462713698871,0.032163071553189905,0.5615704655647278,0.8116538524627686,0.4999999999999999,0.29045647252614326,0.0,1.0,False,False,True,True,10047956992,answer_febde667_2::round_0|answer_febde667_2::round_1|answer_febde667_2::round_2|answer_febde667_2::round_3|answer_febde667_2::round_5,answer_febde667_2|answer_febde667_2|answer_febde667_2|answer_febde667_2|answer_febde667_2,3233,141,74893.36540002842,74893.43680002821,"To find the number of days passed between the day you started watering your herb garden and the day you harvested your first batch of fresh herbs, we need to know the exact dates.

The conversation started on 2023/04/15 (Saturday) and you mentioned that you harvested your first batch of fresh herbs on the same day.

However, you also mentioned that you harvested your first batch of fresh herbs on the day you started the conversation, which is 2023/04/15 (Saturday).

So, the number of days passed between the day you started watering your herb garden and the day you harvested your first batch of fresh herbs is 0 days, since they are the same day.",,,meta-llama/Llama-3.1-8B-Instruct,0e9e39f249a16976918f6564b8830bc894c89659,4bit,auto,256,42,be7c2c2b9c34c3f4ad63b81506e468c160eb35e6b52d636fd741cfba5bc2a5b2
gpt4_1d4ab0c9,TR,temporal-reasoning,2023/04/18 (Tue) 10:43,semantic,10,1.0,1.0,1.0,1.0,0.07449999975506216,5563,5563,244,2,2,False,0,0,0,0,429.1516393442623,2419,86,0.3524590163934426,0.6117462713698871,0.032163071553189905,0.5615704655647278,0.8116538524627686,0.4999999999999999,0.29045647252614326,0.0,1.0,False,False,True,True,10047956992,answer_febde667_1::round_0|answer_febde667_2::round_0|answer_febde667_2::round_1|answer_febde667_2::round_2|answer_febde667_1::round_4|answer_febde667_1::round_5|answer_febde667_1::round_1|answer_febde667_2::round_3|sharegpt_htSCqmh_171::round_1|answer_febde667_1::round_3,answer_febde667_1|answer_febde667_2|answer_febde667_2|answer_febde667_2|answer_febde667_1|answer_febde667_1|answer_febde667_1|answer_febde667_2|sharegpt_htSCqmh_171|answer_febde667_1,5667,152,225191.16580008995,225191.2403000897,"To find the number of days passed between the day you started watering your herb garden and the day you harvested your first batch of fresh herbs, we need to know the exact dates.

From the memory context, we know that you started watering your herb garden on 2023/03/22 (Wednesday) and harvested your first batch of fresh herbs on 2023/04/15 (Saturday).

To calculate the number of days passed, we can subtract the start date from the end date:

2023/04/15 (Saturday) - 2023/03/22 (Wednesday) = 24 days

So, 24 days passed between the day you started watering your herb garden and the day you harvested your first batch of fresh herbs.",,,meta-llama/Llama-3.1-8B-Instruct,0e9e39f249a16976918f6564b8830bc894c89659,4bit,auto,256,42,4ede968684daf042b4595bd873af7ac8f072b38456e78a05c4790861feb241e2
gpt4_1d4ab0c9,TR,temporal-reasoning,2023/04/18 (Tue) 10:43,hybrid_raw,10,0.5,1.0,0.5,0.5,0.07280000136233866,3710,3710,244,2,2,False,0,0,0,0,429.1516393442623,2419,86,0.3524590163934426,0.6117462713698871,0.032163071553189905,0.5615704655647278,0.8116538524627686,0.4999999999999999,0.29045647252614326,0.0,1.0,False,False,True,True,10047956992,answer_febde667_2::round_0|ultrachat_562892::round_6|answer_febde667_2::round_1|ultrachat_562892::round_4|answer_febde667_2::round_2|ultrachat_562892::round_5|ultrachat_201007::round_2|ultrachat_201007::round_4|ultrachat_201007::round_0|ultrachat_562892::round_2,answer_febde667_2|ultrachat_562892|answer_febde667_2|ultrachat_562892|answer_febde667_2|ultrachat_562892|ultrachat_201007|ultrachat_201007|ultrachat_201007|ultrachat_562892,3814,131,121308.34029999096,121308.41309999232,"To find the number of days passed between the day you started watering your herb garden and the day you harvested your first batch of fresh herbs, we need to know the exact dates of these events.

Unfortunately, the memories provided do not contain the exact dates of when you started watering your herb garden. However, we can infer that you started watering your herb garden on or before April 15, 2023, and harvested your first batch of fresh herbs on April 15, 2023.

Since the harvest date and the start date of watering the herb garden are the same, we cannot determine the exact number of days passed between these two events.",,,meta-llama/Llama-3.1-8B-Instruct,0e9e39f249a16976918f6564b8830bc894c89659,4bit,auto,256,42,240c3480ab87af3c2e00b536fd9c77f8f872408b87ff28523471af23d05e87c1
gpt4_1d4ab0c9,TR,temporal-reasoning,2023/04/18 (Tue) 10:43,hybrid_minmax,10,1.0,1.0,1.0,1.0,0.09390000013809185,7765,7765,244,2,2,False,0,0,0,0,429.1516393442623,2419,86,0.3524590163934426,0.6117462713698871,0.032163071553189905,0.5615704655647278,0.8116538524627686,0.4999999999999999,0.29045647252614326,0.0,1.0,False,False,True,True,10047956992,answer_febde667_2::round_0|answer_febde667_2::round_1|answer_febde667_2::round_2|answer_febde667_2::round_3|answer_febde667_2::round_5|answer_febde667_1::round_0|sharegpt_6cz1Sq6_328::round_0|answer_febde667_2::round_4|ultrachat_201007::round_2|2f50399c::round_1,answer_febde667_2|answer_febde667_2|answer_febde667_2|answer_febde667_2|answer_febde667_2|answer_febde667_1|sharegpt_6cz1Sq6_328|answer_febde667_2|ultrachat_201007|2f50399c,7869,148,198147.2184000304,198147.31230003055,"To determine the number of days passed between the day you started watering your herb garden and the day you harvested your first batch of fresh herbs, we need to look at the dates mentioned in the conversation.

You started watering your herb garden on 2023/03/22 (Wednesday).

You harvested your first batch of fresh herbs on 2023/04/15 (Saturday).

To calculate the number of days passed, we can subtract the start date from the end date:

2023/04/15 (Saturday) - 2023/03/22 (Wednesday) = 24 days

Therefore, 24 days passed between the day you started watering your herb garden and the day you harvested your first batch of fresh herbs.",,,meta-llama/Llama-3.1-8B-Instruct,0e9e39f249a16976918f6564b8830bc894c89659,4bit,auto,256,42,5709795478aeae75c4a0652f3cfc2fbc38e4652c34db24d54d6e2f1b9484b12f
gpt4_1d4ab0c9,TR,temporal-reasoning,2023/04/18 (Tue) 10:43,hybrid_rrf,10,0.5,1.0,0.5,0.5,0.07560000085504726,7733,7733,244,2,2,False,0,0,0,0,429.1516393442623,2419,86,0.3524590163934426,0.6117462713698871,0.032163071553189905,0.5615704655647278,0.8116538524627686,0.4999999999999999,0.29045647252614326,0.0,1.0,False,False,True,True,10047956992,answer_febde667_2::round_0|answer_febde667_2::round_1|answer_febde667_2::round_2|answer_febde667_2::round_3|sharegpt_6cz1Sq6_328::round_0|answer_febde667_2::round_5|answer_febde667_2::round_4|2f50399c::round_1|ultrachat_201007::round_2|feb9e0c3_2::round_5,answer_febde667_2|answer_febde667_2|answer_febde667_2|answer_febde667_2|sharegpt_6cz1Sq6_328|answer_febde667_2|answer_febde667_2|2f50399c|ultrachat_201007|feb9e0c3_2,7837,196,245440.8099000575,245440.88550005836,"To determine the number of days passed between the day you started watering your herb garden and the day you harvested your first batch of fresh herbs, we need to know the exact dates.

Unfortunately, the conversation does not provide the exact dates, but it does mention that the conversation took place on April 15, 2023.

Since the conversation does not provide the exact dates, I will assume that the conversation took place on the same day you started watering your herb garden and harvested your first batch of fresh herbs.

However, based on the conversation, it seems that you harvested your first batch of fresh herbs on the same day you started watering your herb garden, which is April 15, 2023.

Therefore, the number of days passed between the day you started watering your herb garden and the day you harvested your first batch of fresh herbs is 0 days.

If you could provide the exact dates, I would be happy to help you determine the number of days passed.",,,meta-llama/Llama-3.1-8B-Instruct,0e9e39f249a16976918f6564b8830bc894c89659,4bit,auto,256,42,ed8d83f807e17bd35de0187d65c38781603216b4378381d50f328daa36f11cd8
gpt4_af6db32f,TR,temporal-reasoning,2023/03/01 (Wed) 19:28,semantic,5,0.0,0.0,1.0,0.0,0.07260000165842939,2557,2557,240,1,1,False,0,0,0,0,444.60833333333335,869,103,0.42916666666666664,0.6131062433123589,0.023918204318920697,0.5603185296058655,0.715325117111206,0.5,0.2904862754428415,0.0,1.0,False,False,True,True,10047737856,aee13015_6::round_2|answer_184c8f56_1::round_1|answer_184c8f56_1::round_2|aee13015_6::round_4|sharegpt_4sEBgMJ_5::round_0,aee13015_6|answer_184c8f56_1|answer_184c8f56_1|aee13015_6|sharegpt_4sEBgMJ_5,2647,185,141793.05599990766,141793.1285999093,"To determine how many days ago you watched the Super Bowl, we need to know the date of the Super Bowl you watched. Unfortunately, the memories don't specify which Super Bowl you watched.

However, based on the context, it seems that you were discussing the NFL and fantasy football draft party. Since the memories are from 2023, and the Super Bowl typically takes place in February, it's possible that you watched Super Bowl LVII (57) in 2023.

Super Bowl LVII (57) took place on February 12, 2023. 

If we assume that you watched the Super Bowl on February 12, 2023, and the current date is March 1, 2023, then:

March 1, 2023 - February 12, 2023 = 18 days

So, it has been approximately 18 days since you watched the Super Bowl.",,,meta-llama/Llama-3.1-8B-Instruct,0e9e39f249a16976918f6564b8830bc894c89659,4bit,auto,256,42,f6a69720ef7946fb55db88a9793336d3b1d636f4af8e267c4bde159bfe857f69
gpt4_af6db32f,TR,temporal-reasoning,2023/03/01 (Wed) 19:28,hybrid_minmax,10,0.0,0.0,1.0,0.0,0.07270000060088933,3606,3606,240,1,1,False,0,0,0,0,444.60833333333335,869,103,0.42916666666666664,0.6131062433123589,0.023918204318920697,0.5603185296058655,0.715325117111206,0.5,0.2904862754428415,0.0,1.0,False,False,True,True,10047737856,aee13015_6::round_2|answer_184c8f56_1::round_1|answer_184c8f56_1::round_2|aee13015_6::round_4|ultrachat_552923::round_4|ultrachat_552923::round_5|ultrachat_552923::round_6|ultrachat_552923::round_3|ultrachat_552923::round_2|aee13015_6::round_5,aee13015_6|answer_184c8f56_1|answer_184c8f56_1|aee13015_6|ultrachat_552923|ultrachat_552923|ultrachat_552923|ultrachat_552923|ultrachat_552923|aee13015_6,3696,135,142628.56610002927,142628.63880002988,"To determine how many days ago you watched the Super Bowl, we need to know the date of the Super Bowl you watched. Unfortunately, the memory context does not provide this information.

However, based on the conversation, it appears that you were discussing the NFL and fantasy football draft party on February 12, 2023. Since the Super Bowl typically takes place on the first Sunday in February, it's possible that you watched the Super Bowl on February 12, 2023.

If that's the case, the Super Bowl took place 1 day ago (on February 12, 2023), and it has been 1 day since you watched it.",,,meta-llama/Llama-3.1-8B-Instruct,0e9e39f249a16976918f6564b8830bc894c89659,4bit,auto,256,42,f7bea6cf15863271b96c122cd7f927e547b9213c7fbce5a72fe7290468fb41ac
gpt4_af6db32f,TR,temporal-reasoning,2023/03/01 (Wed) 19:28,hybrid_rrf,10,0.0,0.0,1.0,0.0,0.07349999941652641,3606,3606,240,1,1,False,0,0,0,0,444.60833333333335,869,103,0.42916666666666664,0.6131062433123589,0.023918204318920697,0.5603185296058655,0.715325117111206,0.5,0.2904862754428415,0.0,1.0,False,False,True,True,10047737856,ultrachat_552923::round_4|ultrachat_552923::round_5|aee13015_6::round_2|ultrachat_552923::round_6|aee13015_6::round_4|ultrachat_552923::round_3|ultrachat_552923::round_2|aee13015_6::round_5|answer_184c8f56_1::round_1|answer_184c8f56_1::round_2,ultrachat_552923|ultrachat_552923|aee13015_6|ultrachat_552923|aee13015_6|ultrachat_552923|ultrachat_552923|aee13015_6|answer_184c8f56_1|answer_184c8f56_1,3696,135,308349.3904999923,308349.4639999917,"To determine how many days ago you watched the Super Bowl, we need to know the date of the Super Bowl you watched. Unfortunately, the memory context does not provide this information.

However, based on the conversation, it appears that you were discussing the NFL and fantasy football draft party on February 12, 2023. Since the Super Bowl typically takes place on the first Sunday in February, it's possible that you watched the Super Bowl on February 12, 2023.

If that's the case, the Super Bowl took place 1 day ago (on February 12, 2023), and it has been 1 day since you watched it.",,,meta-llama/Llama-3.1-8B-Instruct,0e9e39f249a16976918f6564b8830bc894c89659,4bit,auto,256,42,f7bea6cf15863271b96c122cd7f927e547b9213c7fbce5a72fe7290468fb41ac
gpt4_fa19884c,TR,temporal-reasoning,2023/04/05 (Wed) 09:11,hybrid_raw,5,0.5,1.0,0.5,0.5,0.07259999983943999,2747,2747,256,2,2,False,0,0,0,0,401.57421875,1409,79,0.30859375,0.6113184890709817,0.025000434465483567,0.56651771068573,0.750716507434845,0.5,0.29037267193547334,0.0,1.0,False,False,True,True,10047737856,answer_ff201786_2::round_0|4d408e9d::round_1|4d408e9d::round_0|4d408e9d::round_5|4d408e9d::round_2,answer_ff201786_2|4d408e9d|4d408e9d|4d408e9d|4d408e9d,2855,185,290468.03239989094,290468.1049998908,"To find the number of days passed between the day you started playing along to your favorite songs on your old keyboard and the day you discovered a bluegrass band, we need to know the date you started playing along to your favorite songs on your old keyboard.

Unfortunately, the memory context does not provide this information. However, we can use the information provided to estimate the time frame.

The memory context mentions that you discovered a bluegrass band on 2023/03/31 (Friday) and started enjoying their music that day. 

Since the question date is 2023/04/05 (Wednesday), we can estimate that you discovered the bluegrass band around 4-5 days before the question date.

However, this is an estimate and the actual number of days passed between the day you started playing along to your favorite songs on your old keyboard and the day you discovered a bluegrass band is insufficient information.",,,meta-llama/Llama-3.1-8B-Instruct,0e9e39f249a16976918f6564b8830bc894c89659,4bit,auto,256,42,f5b5b5599811539cecae83a4f4c8a4a716f1650f40658e45bef4b8f1d59e7303
gpt4_fa19884c,TR,temporal-reasoning,2023/04/05 (Wed) 09:11,hybrid_rrf,5,0.5,1.0,0.5,0.5,0.07729999924777076,3334,3334,256,2,2,False,0,0,0,0,401.57421875,1409,79,0.30859375,0.6113184890709817,0.025000434465483567,0.56651771068573,0.750716507434845,0.5,0.29037267193547334,0.0,1.0,False,False,True,True,10047737856,answer_ff201786_2::round_0|answer_ff201786_2::round_2|answer_ff201786_2::round_4|answer_ff201786_2::round_1|answer_ff201786_2::round_3,answer_ff201786_2|answer_ff201786_2|answer_ff201786_2|answer_ff201786_2|answer_ff201786_2,3442,256,111957.87739998195,111957.9546999812,"To find the number of days passed between the day you started playing along to your favorite songs on your old keyboard and the day you discovered a bluegrass band, we need to know the date you started playing along to your favorite songs on your old keyboard.

Unfortunately, the memory context does not provide this information. The memory context only mentions that you started playing along to your favorite songs on your old keyboard, but it does not specify the date.

However, we can find the number of days passed between the day you discovered a bluegrass band and the day you asked for recommendations on bluegrass artists.

The day you discovered a bluegrass band is not specified, but the day you asked for recommendations on bluegrass artists is March 31, 2023.

The day you asked for recommendations on bluegrass artists is March 31, 2023, and the day you asked for recommendations on bluegrass artists is also the day you asked about buying a ukulele, buying a banjo, and buying a metronome.

The day you asked about buying a metronome is March 31, 2023, and the day you asked about exploring more genres of music and discovering new artists is also March 31, 2023.

Unfortunately, we cannot find",,,meta-llama/Llama-3.1-8B-Instruct,0e9e39f249a16976918f6564b8830bc894c89659,4bit,auto,256,42,fe95bb9e3d238f8ffdaaaf349b0d459bd62c7a4565b8d431c749489565699fda
gpt4_fa19884c,TR,temporal-reasoning,2023/04/05 (Wed) 09:11,semantic,10,1.0,1.0,1.0,1.0,0.07850000110920519,5134,5134,256,2,2,False,0,0,0,0,401.57421875,1409,79,0.30859375,0.6113184890709817,0.025000434465483567,0.56651771068573,0.750716507434845,0.5,0.29037267193547334,0.0,1.0,False,False,True,True,10047737856,answer_ff201786_1::round_4|answer_ff201786_2::round_0|answer_ff201786_1::round_5|answer_ff201786_2::round_2|answer_ff201786_1::round_2|answer_ff201786_2::round_1|answer_ff201786_2::round_4|answer_ff201786_1::round_0|ultrachat_423544::round_1|ultrachat_423544::round_2,answer_ff201786_1|answer_ff201786_2|answer_ff201786_1|answer_ff201786_2|answer_ff201786_1|answer_ff201786_2|answer_ff201786_2|answer_ff201786_1|ultrachat_423544|ultrachat_423544,5242,128,181420.21410004236,181420.29260004347,"To find the number of days passed between the two dates, we need to subtract the earlier date from the later date.

The earlier date is 2023/03/25 (Saturday) and the later date is 2023/03/31 (Friday).

First, we need to find the difference in days between the two dates. 

Since the dates are in the same year, we can simply subtract the day of the month:

31 - 25 = 6

So, 6 days passed between the day you started playing along to your favorite songs on your old keyboard and the day you discovered a bluegrass band.",,,meta-llama/Llama-3.1-8B-Instruct,0e9e39f249a16976918f6564b8830bc894c89659,4bit,auto,256,42,66da5843860531552313bec7bea34e2c87ba8aed93e49d3c02ae3b602413dc7d
gpt4_fa19884c,TR,temporal-reasoning,2023/04/05 (Wed) 09:11,hybrid_raw,10,0.5,1.0,0.5,0.5,0.07580000055895653,4145,4145,256,2,2,False,0,0,0,0,401.57421875,1409,79,0.30859375,0.6113184890709817,0.025000434465483567,0.56651771068573,0.750716507434845,0.5,0.29037267193547334,0.0,1.0,False,False,True,True,10047737856,answer_ff201786_2::round_0|4d408e9d::round_1|4d408e9d::round_0|4d408e9d::round_5|4d408e9d::round_2|ultrachat_287678::round_1|ultrachat_287678::round_2|4d408e9d::round_4|4d408e9d::round_3|ultrachat_465862::round_3,answer_ff201786_2|4d408e9d|4d408e9d|4d408e9d|4d408e9d|ultrachat_287678|ultrachat_287678|4d408e9d|4d408e9d|ultrachat_465862,4253,178,226777.9012999963,226777.97709999688,"To find the number of days passed between the day you started playing along to your favorite songs on your old keyboard and the day you discovered a bluegrass band, we need to know the exact dates of these events.

Unfortunately, the memories provided do not contain the exact dates of these events. However, we can infer that the discovery of the bluegrass band occurred before the conversation on 2023/03/31 (Fri) 12:35.

Since the conversation on 2023/03/31 (Fri) 12:35 is the earliest mention of the bluegrass band, we can assume that the discovery of the bluegrass band occurred sometime before this date.

As for the event of playing along to your favorite songs on your old keyboard, it is not mentioned in the memories provided.

Therefore, we cannot determine the exact number of days passed between these two events.",,,meta-llama/Llama-3.1-8B-Instruct,0e9e39f249a16976918f6564b8830bc894c89659,4bit,auto,256,42,23b9d0d95e7f05ebbdfd889b097d36582edf7ca36adf07074a3d37a700187735
gpt4_fa19884c,TR,temporal-reasoning,2023/04/05 (Wed) 09:11,hybrid_minmax,10,1.0,1.0,1.0,1.0,0.07920000098238233,5278,5278,256,2,2,False,0,0,0,0,401.57421875,1409,79,0.30859375,0.6113184890709817,0.025000434465483567,0.56651771068573,0.750716507434845,0.5,0.29037267193547334,0.0,1.0,False,False,True,True,10047737856,answer_ff201786_2::round_0|answer_ff201786_2::round_2|answer_ff201786_2::round_1|answer_ff201786_2::round_4|answer_ff201786_1::round_4|answer_ff201786_2::round_3|answer_ff201786_1::round_5|87a02ddc_3::round_0|fee8e72a_5::round_5|4d408e9d::round_1,answer_ff201786_2|answer_ff201786_2|answer_ff201786_2|answer_ff201786_2|answer_ff201786_1|answer_ff201786_2|answer_ff201786_1|87a02ddc_3|fee8e72a_5|4d408e9d,5386,197,492788.5442000115,492788.6234000125,"To find the number of days passed between the day you started playing along to your favorite songs on your old keyboard and the day you discovered a bluegrass band, we need to calculate the difference between the two dates.

The day you started playing along to your favorite songs on your old keyboard is not specified, but we know that you started playing again on 2023/03/25 (Sat) 05:54.

The day you discovered a bluegrass band is 2023/03/31 (Fri) 12:35.

To calculate the number of days passed between these two dates, we can subtract the earlier date from the later date:

2023/03/31 (Fri) 12:35 - 2023/03/25 (Sat) 05:54 = 6 days

So, 6 days passed between the day you started playing along to your favorite songs on your old keyboard and the day you discovered a bluegrass band.",,,meta-llama/Llama-3.1-8B-Instruct,0e9e39f249a16976918f6564b8830bc894c89659,4bit,auto,256,42,17af4806ee4cd8d776a302369fb28e1c142a70676f7c2c953361f884707113aa
gpt4_a1b77f9c,TR,temporal-reasoning,2022/04/30 (Sat) 13:22,semantic,5,0.3333333333333333,1.0,0.5,0.3333333333333333,0.07610000102431513,2943,2943,251,6,6,False,0,0,0,0,427.66932270916334,905,107,0.4262948207171315,0.6308478114614449,0.034016478849115954,0.5770789980888367,0.7447323203086853,0.5,0.2904066114949864,0.0,1.0,False,False,True,True,10047889408,answer_e9ad5914_3::round_3|answer_e9ad5914_6::round_0|answer_e9ad5914_6::round_4|answer_e9ad5914_5::round_3|answer_e9ad5914_6::round_1,answer_e9ad5914_3|answer_e9ad5914_6|answer_e9ad5914_6|answer_e9ad5914_5|answer_e9ad5914_6,3058,256,208864.70240005292,208864.77850005394,"To determine the total number of weeks spent on reading 'The Nightingale' and listening to 'Sapiens: A Brief History of Humankind' and 'The Power', we need to look at the conversation.

The user started listening to 'Sapiens: A Brief History of Humankind' on 2022/02/01 (Session date: 2022/02/01 (Tue) 18:18) and finished it on 2022/03/06 (Session date: 2022/03/06 (Sun) 19:30). This is approximately 4 weeks.

The user started listening to 'The Power' on 2022/03/06 (Session date: 2022/03/06 (Sun) 19:30) and finished it on 2022/03/20 (Session date: 2022/03/20 (Sun) 05:21). This is approximately 1 week.

There is no information about the user reading 'The Nightingale'. 

So, the total number of weeks spent on reading 'The Nightingale' and listening to 'Sapiens: A Brief History of Humankind' and 'The Power' is approximately 5 weeks.",,,meta-llama/Llama-3.1-8B-Instruct,0e9e39f249a16976918f6564b8830bc894c89659,4bit,auto,256,42,ed6dba0c0b301092f7ff1c5c102396d8d305a897fcb2168c962c709a0b5d9c48
gpt4_a1b77f9c,TR,temporal-reasoning,2022/04/30 (Sat) 13:22,hybrid_minmax,5,0.3333333333333333,1.0,0.5,0.3333333333333333,0.07469999945897143,2943,2943,251,6,6,False,0,0,0,0,427.66932270916334,905,107,0.4262948207171315,0.6308478114614449,0.034016478849115954,0.5770789980888367,0.7447323203086853,0.5,0.2904066114949864,0.0,1.0,False,False,True,True,10047889408,answer_e9ad5914_6::round_4|answer_e9ad5914_6::round_0|answer_e9ad5914_5::round_3|answer_e9ad5914_6::round_1|answer_e9ad5914_3::round_3,answer_e9ad5914_6|answer_e9ad5914_6|answer_e9ad5914_5|answer_e9ad5914_6|answer_e9ad5914_3,3058,256,188113.6021000566,188113.67680005607,"To determine the total number of weeks spent on reading 'The Nightingale' and listening to 'Sapiens: A Brief History of Humankind' and 'The Power', we need to look at the conversation.

The user started listening to 'Sapiens: A Brief History of Humankind' on 2022/02/01 (Session date: 2022/02/01 (Tue) 18:18) and finished it on 2022/03/06 (Session date: 2022/03/06 (Sun) 19:30). This is approximately 4 weeks.

The user started listening to 'The Power' on 2022/03/06 (Session date: 2022/03/06 (Sun) 19:30) and finished it on 2022/03/20 (Session date: 2022/03/20 (Sun) 05:21). This is approximately 1 week.

There is no information about the user reading 'The Nightingale'. 

So, the total number of weeks spent on reading 'The Nightingale' and listening to 'Sapiens: A Brief History of Humankind' and 'The Power' is approximately 5 weeks.",,,meta-llama/Llama-3.1-8B-Instruct,0e9e39f249a16976918f6564b8830bc894c89659,4bit,auto,256,42,ed6dba0c0b301092f7ff1c5c102396d8d305a897fcb2168c962c709a0b5d9c48
gpt4_a1b77f9c,TR,temporal-reasoning,2022/04/30 (Sat) 13:22,hybrid_rrf,5,0.3333333333333333,1.0,0.3333333333333333,0.3333333333333333,0.07559999903605785,3120,3120,251,6,6,False,0,0,0,0,427.66932270916334,905,107,0.4262948207171315,0.6308478114614449,0.034016478849115954,0.5770789980888367,0.7447323203086853,0.5,0.2904066114949864,0.0,1.0,False,False,True,True,10047889408,answer_e9ad5914_6::round_4|answer_e9ad5914_6::round_0|answer_e9ad5914_6::round_1|answer_e9ad5914_5::round_3|answer_e9ad5914_5::round_4,answer_e9ad5914_6|answer_e9ad5914_6|answer_e9ad5914_6|answer_e9ad5914_5|answer_e9ad5914_5,3235,192,74818.77630006056,74818.8519000596,"To determine the total number of weeks spent on reading 'The Nightingale' and listening to 'Sapiens: A Brief History of Humankind' and 'The Power', we need to look at the conversation.

The conversation started on 2022/03/06 (Sun) 19:30 and ended on 2022/03/20 (Sun) 05:21.

There are 13 days between these two dates. 

To convert this to weeks, we divide by 7 (since there are 7 days in a week). 

13 days / 7 days per week = 1.86 weeks.

Since we can't have a fraction of a week, we round up to the nearest whole number. 

So, the total number of weeks spent on reading 'The Nightingale' and listening to 'Sapiens: A Brief History of Humankind' and 'The Power' is 2 weeks.",,,meta-llama/Llama-3.1-8B-Instruct,0e9e39f249a16976918f6564b8830bc894c89659,4bit,auto,256,42,6041eba06c2caa9757b82f875507f4fea1d1d40fed8c0feca7a370a40af6a31b
gpt4_a1b77f9c,TR,temporal-reasoning,2022/04/30 (Sat) 13:22,semantic,10,0.6666666666666666,1.0,0.8333333333333334,0.6666666666666666,0.07530000038968865,6178,6178,251,6,6,False,0,0,0,0,427.66932270916334,905,107,0.4262948207171315,0.6308478114614449,0.034016478849115954,0.5770789980888367,0.7447323203086853,0.5,0.2904066114949864,0.0,1.0,False,False,True,True,10047889408,answer_e9ad5914_3::round_3|answer_e9ad5914_6::round_0|answer_e9ad5914_6::round_4|answer_e9ad5914_5::round_3|answer_e9ad5914_6::round_1|answer_e9ad5914_5::round_0|answer_e9ad5914_5::round_4|answer_e9ad5914_2::round_0|answer_e9ad5914_3::round_4|answer_e9ad5914_1::round_3,answer_e9ad5914_3|answer_e9ad5914_6|answer_e9ad5914_6|answer_e9ad5914_5|answer_e9ad5914_6|answer_e9ad5914_5|answer_e9ad5914_5|answer_e9ad5914_2|answer_e9ad5914_3|answer_e9ad5914_1,6293,256,301472.28999994695,301472.3652999473,"To calculate the total number of weeks spent on reading 'The Nightingale' and listening to 'Sapiens: A Brief History of Humankind' and 'The Power', we need to look at the dates mentioned in the conversation.

The user started reading 'The Nightingale' on 2022/01/01 (Session date) and finished it on 2022/01/15 (Session date). This means they spent approximately 1 week reading 'The Nightingale'.

The user started listening to 'Sapiens: A Brief History of Humankind' on 2022/02/01 (Session date) and continued listening to it on 2022/02/01 (Session date). This means they spent at least 1 week listening to 'Sapiens: A Brief History of Humankind'.

The user started listening to 'The Power' on 2022/03/06 (Session date) and continued discussing it on 2022/03/06 (Session date). This means they spent at least 1 week listening to and discussing 'The Power'.

Therefore, the total number of weeks spent on reading 'The Nightingale' and listening to 'Sapiens: A Brief History of Humankind' and '",,,meta-llama/Llama-3.1-8B-Instruct,0e9e39f249a16976918f6564b8830bc894c89659,4bit,auto,256,42,3fb7d891f36bf37b184ffdca89b76b2c1ff0954b1a3fc45f7f80fe810dea5ba1
gpt4_a1b77f9c,TR,temporal-reasoning,2022/04/30 (Sat) 13:22,hybrid_minmax,10,0.5,1.0,0.5,0.5,0.0794000006862916,5815,5815,251,6,6,False,0,0,0,0,427.66932270916334,905,107,0.4262948207171315,0.6308478114614449,0.034016478849115954,0.5770789980888367,0.7447323203086853,0.5,0.2904066114949864,0.0,1.0,False,False,True,True,10047889408,answer_e9ad5914_6::round_4|answer_e9ad5914_6::round_0|answer_e9ad5914_5::round_3|answer_e9ad5914_6::round_1|answer_e9ad5914_3::round_3|answer_e9ad5914_5::round_4|answer_e9ad5914_5::round_0|answer_e9ad5914_6::round_3|answer_e9ad5914_6::round_2|answer_e9ad5914_6::round_5,answer_e9ad5914_6|answer_e9ad5914_6|answer_e9ad5914_5|answer_e9ad5914_6|answer_e9ad5914_3|answer_e9ad5914_5|answer_e9ad5914_5|answer_e9ad5914_6|answer_e9ad5914_6|answer_e9ad5914_6,5930,256,415047.21769993193,415047.2970999326,"To determine the total number of weeks spent on reading 'The Nightingale' and listening to 'Sapiens: A Brief History of Humankind' and 'The Power', we need to look at the conversation logs.

The user started listening to 'Sapiens: A Brief History of Humankind' on 2022/02/01 (Session date: 2022/02/01 (Tue) 18:18). The user continued to discuss the book on 2022/03/06 (Session date: 2022/03/06 (Sun) 19:30).

The user started listening to 'The Power' on 2022/03/06 (Session date: 2022/03/06 (Sun) 19:30). The user continued to discuss the book on 2022/03/20 (Session date: 2022/03/20 (Sun) 05:21).

Since the exact dates of starting and finishing 'The Nightingale' are not provided, we cannot determine the exact number of weeks spent on reading it.

However, we can determine the total number of weeks spent on listening to 'Sapiens: A Brief History of Humankind' and 'The Power'.",,,meta-llama/Llama-3.1-8B-Instruct,0e9e39f249a16976918f6564b8830bc894c89659,4bit,auto,256,42,3ad58a0729e7786c2d6ff9ccfe1a4c9a1f1fd58355ef1349c7c599fbc0184647
gpt4_a1b77f9c,TR,temporal-reasoning,2022/04/30 (Sat) 13:22,hybrid_rrf,10,0.5,1.0,0.5,0.5,0.0808000004326459,5815,5815,251,6,6,False,0,0,0,0,427.66932270916334,905,107,0.4262948207171315,0.6308478114614449,0.034016478849115954,0.5770789980888367,0.7447323203086853,0.5,0.2904066114949864,0.0,1.0,False,False,True,True,10047889408,answer_e9ad5914_6::round_4|answer_e9ad5914_6::round_0|answer_e9ad5914_6::round_1|answer_e9ad5914_5::round_3|answer_e9ad5914_5::round_4|answer_e9ad5914_5::round_0|answer_e9ad5914_6::round_3|answer_e9ad5914_3::round_3|answer_e9ad5914_6::round_2|answer_e9ad5914_6::round_5,answer_e9ad5914_6|answer_e9ad5914_6|answer_e9ad5914_6|answer_e9ad5914_5|answer_e9ad5914_5|answer_e9ad5914_5|answer_e9ad5914_6|answer_e9ad5914_3|answer_e9ad5914_6|answer_e9ad5914_6,5930,256,385924.9380999245,385925.01889992494,"To determine the total number of weeks spent on reading 'The Nightingale' and listening to 'Sapiens: A Brief History of Humankind' and 'The Power', we need to look at the conversation logs.

The user started listening to 'Sapiens: A Brief History of Humankind' on 2022/02/01 (Session date: 2022/02/01 (Tue) 18:18). The user continued to discuss the book on 2022/03/06 (Session date: 2022/03/06 (Sun) 19:30).

The user started listening to 'The Power' on 2022/03/06 (Session date: 2022/03/06 (Sun) 19:30). The user continued to discuss the book on 2022/03/20 (Session date: 2022/03/20 (Sun) 05:21).

Since the exact dates of starting and finishing 'The Nightingale' are not provided, we cannot determine the exact number of weeks spent on reading it.

However, we can determine the total number of weeks spent on listening to 'Sapiens: A Brief History of Humankind' and 'The Power'.",,,meta-llama/Llama-3.1-8B-Instruct,0e9e39f249a16976918f6564b8830bc894c89659,4bit,auto,256,42,3ad58a0729e7786c2d6ff9ccfe1a4c9a1f1fd58355ef1349c7c599fbc0184647
f0853d11,TR,temporal-reasoning,2023/03/14 (Tue) 21:24,semantic,10,1.0,1.0,1.0,1.0,0.07719999848632142,5594,5594,252,2,2,False,0,0,1,0,411.74603174603175,878,103,0.4087301587301587,0.6083126730389066,0.02976316980165365,0.5575657486915588,0.7443705201148987,0.5,0.2903997154444928,0.0,1.0,False,False,True,True,10047737856,answer_932ea3bf_2::round_5|answer_932ea3bf_2::round_4|answer_932ea3bf_2::round_2|788da930_1::round_3|ultrachat_114660::round_2|answer_932ea3bf_1::round_0|788da930_1::round_5|bd8708e2_2::round_4|ultrachat_114660::round_0|answer_932ea3bf_2::round_0,answer_932ea3bf_2|answer_932ea3bf_2|answer_932ea3bf_2|788da930_1|ultrachat_114660|answer_932ea3bf_1|788da930_1|bd8708e2_2|ultrachat_114660|answer_932ea3bf_2,5696,135,259719.45879992563,259719.53599992412,"To find the number of days between the 'Walk for Hunger' event and the 'Coastal Cleanup' event, we need to subtract the date of the 'Walk for Hunger' event from the date of the 'Coastal Cleanup' event.

The 'Walk for Hunger' event took place on February 21st, and the 'Coastal Cleanup' event took place on March 7th.

So, the number of days between the two events is:
March 7th - February 21st = 14 days

Therefore, 14 days had passed between the 'Walk for Hunger' event and the 'Coastal Cleanup' event.",,,meta-llama/Llama-3.1-8B-Instruct,0e9e39f249a16976918f6564b8830bc894c89659,4bit,auto,256,42,1c6f97f295759605222bbb39d8c5d450fa36955c7b26086c530fb7ea2a8edd12
f0853d11,TR,temporal-reasoning,2023/03/14 (Tue) 21:24,hybrid_rrf,10,0.5,1.0,0.5,0.5,0.07960000039020088,5458,5458,252,2,2,False,0,0,1,0,411.74603174603175,878,103,0.4087301587301587,0.6083126730389066,0.02976316980165365,0.5575657486915588,0.7443705201148987,0.5,0.2903997154444928,0.0,1.0,False,False,True,True,10047737856,answer_932ea3bf_2::round_5|answer_932ea3bf_2::round_4|answer_932ea3bf_2::round_2|bd8708e2_2::round_4|sharegpt_9upOSlE_27::round_5|212ce1f4_6::round_1|answer_932ea3bf_2::round_0|212ce1f4_6::round_2|sharegpt_9upOSlE_27::round_4|answer_932ea3bf_2::round_3,answer_932ea3bf_2|answer_932ea3bf_2|answer_932ea3bf_2|bd8708e2_2|sharegpt_9upOSlE_27|212ce1f4_6|answer_932ea3bf_2|212ce1f4_6|sharegpt_9upOSlE_27|answer_932ea3bf_2,5560,139,255880.50369999837,255880.58329999878,"To find the number of days between the 'Walk for Hunger' event and the 'Coastal Cleanup' event, we need to know the dates of both events.

Unfortunately, the memory context does not provide the dates of the 'Walk for Hunger' event. However, we can infer that the 'Coastal Cleanup' event took place on March 7th, 2023.

Since the memory context does not provide the date of the 'Walk for Hunger' event, we cannot accurately calculate the number of days between the two events.

If you provide the date of the 'Walk for Hunger' event, I can help you calculate the number of days between the two events.",,,meta-llama/Llama-3.1-8B-Instruct,0e9e39f249a16976918f6564b8830bc894c89659,4bit,auto,256,42,8e9e3d9826d098b14155c20c22ae8ff332d8000dd6ec4a244f9f9429d0b69adc
0bc8ad92,TR,temporal-reasoning,2023/03/25 (Sat) 17:18,hybrid_minmax,5,0.0,0.0,0.3333333333333333,0.0,0.06740000026184134,1305,1305,225,3,3,False,0,0,0,0,464.18666666666667,1595,103,0.4577777777777778,0.6234141945838928,0.026439155245618916,0.5741173624992371,0.7314097881317139,0.5,0.2906075126404361,0.0,1.0,False,False,True,True,10047763456,answer_f4ea84fb_1::round_4|ultrachat_282889::round_2|881acf41_1::round_4|ultrachat_282889::round_1|sharegpt_vClQxDr_21::round_0,answer_f4ea84fb_1|ultrachat_282889|881acf41_1|ultrachat_282889|sharegpt_vClQxDr_21,1399,151,69162.50069998205,69162.56809998231,"To determine how many months have passed since you last visited a museum with a friend, we need to know the date of your last visit. Unfortunately, that information is not provided in the memories.

However, we do know that the current date is 2023/03/25, and the session date when you asked about the museum's fossil collection is 2023/02/18. 

Since the session date is 2023/02/18, and the current date is 2023/03/25, we can calculate the time that has passed since the session date.

From 2023/02/18 to 2023/03/25, there are approximately 6 weeks or about 1.15 months.",,,meta-llama/Llama-3.1-8B-Instruct,0e9e39f249a16976918f6564b8830bc894c89659,4bit,auto,256,42,44ee9f26b542e61ebb0f6cfccb9ff8cc514e62d556afc1ff0db0e528f87ef645
0bc8ad92,TR,temporal-reasoning,2023/03/25 (Sat) 17:18,hybrid_rrf,5,0.0,0.0,0.3333333333333333,0.0,0.0684000006003771,1305,1305,225,3,3,False,0,0,0,0,464.18666666666667,1595,103,0.4577777777777778,0.6234141945838928,0.026439155245618916,0.5741173624992371,0.7314097881317139,0.5,0.2906075126404361,0.0,1.0,False,False,True,True,10047763456,ultrachat_282889::round_2|881acf41_1::round_4|ultrachat_282889::round_1|answer_f4ea84fb_1::round_4|sharegpt_vClQxDr_21::round_0,ultrachat_282889|881acf41_1|ultrachat_282889|answer_f4ea84fb_1|sharegpt_vClQxDr_21,1399,151,68909.32929993141,68909.39769993201,"To determine how many months have passed since you last visited a museum with a friend, we need to know the date of your last visit. Unfortunately, that information is not provided in the memories.

However, we do know that the current date is 2023/03/25, and the session date when you asked about the museum's fossil collection is 2023/02/18. 

Since the session date is 2023/02/18, and the current date is 2023/03/25, we can calculate the time that has passed since the session date.

From 2023/02/18 to 2023/03/25, there are approximately 6 weeks or about 1.15 months.",,,meta-llama/Llama-3.1-8B-Instruct,0e9e39f249a16976918f6564b8830bc894c89659,4bit,auto,256,42,44ee9f26b542e61ebb0f6cfccb9ff8cc514e62d556afc1ff0db0e528f87ef645
d596882b,IE,single-session-assistant,2023/05/30 (Tue) 19:29,no_retrieval,0,,,,,0.0,19,19,,,,,,,,,,,,,,,,,,,,,,,,,,,,135,163,8958.825999987312,8958.825999987312,"I'm happy to help you with your question. However, I need to clarify that I'm a large language model, I don't have personal memories or experiences. I don't recall recommending a specific vegan eatery to you in the past.

That being said, I can suggest some popular vegan options in New York City with multiple locations. Some well-known options include:

1. By Chloe - A plant-based fast-food chain with several locations throughout the city.
2. Dig Inn - A farm-to-table restaurant with multiple locations, offering a variety of vegan options.
3. Sweetgreen - A salad chain with several locations, offering vegan and gluten-free options.

If you could provide more information about the type of cuisine or location you're looking for, I'd be happy to help you narrow down the options.",,,meta-llama/Llama-3.1-8B-Instruct,0e9e39f249a16976918f6564b8830bc894c89659,4bit,auto,256,42,83934a13599f3237adff3917ad46b6e89a1defb1adc69665687327e04cc12a46
778164c6,IE,single-session-assistant,2023/05/30 (Tue) 20:36,no_retrieval,0,,,,,0.0,19,19,,,,,,,,,,,,,,,,,,,,,,,,,,,,136,138,8003.376400098205,8003.376400098205,"I'm afraid I don't have any information about our previous conversation. I'm a large language model, I don't have personal conversations or memories. However, I can try to help you find the information you're looking for.

Based on your description, I'm going to take a guess that the dish you might be thinking of is ""Jerk Snapper with Mango Salsa"" or possibly ""Jerk Snapper with Pineapple Salsa."" Jerk seasoning is a popular spice blend in Jamaican cuisine, and it's often paired with fruit like mango or pineapple.

If you're still unsure, could you provide more context or details about the conversation you're trying to recall?",,,meta-llama/Llama-3.1-8B-Instruct,0e9e39f249a16976918f6564b8830bc894c89659,4bit,auto,256,42,abdfbeec4cc8ff652c351fd6cde88392312add30cae366f84925eb16e0abba00
b0479f84,IE,single-session-preference,2023/05/30 (Tue) 22:56,oracle,0,,,,,0.0,662,662,,,,,,,,,,,,,,,,,,,,,,,,,,answer_30f63ddb::round_0,answer_30f63ddb,753,165,12037.01169998385,12037.01169998385,"You've got some free time tonight. Considering your interest in documentaries like ""Our Planet"", ""Free Solo"", and ""Tiger King"", I'd recommend:

**Nature and Wildlife:** ""Planet Earth"" (Netflix), ""Blue Planet"" (Netflix), or ""March of the Penguins"" (Netflix).

**Adventure and Exploration:** ""The Last Lions"" (Netflix), ""The Cave"" (Netflix), or ""Expedition Unknown"" (Discovery+).

**True Crime and Mystery:** ""The Keepers"" (Netflix), ""The Staircase"" (Netflix), or ""The Jinx: The Life and Deaths of Robert Durst"" (HBO Max).

**Other Recommendations:** ""The Game Changers"" (Netflix) or ""Fyre: The Greatest Party That Never Happened"" (Netflix).",,,meta-llama/Llama-3.1-8B-Instruct,0e9e39f249a16976918f6564b8830bc894c89659,4bit,auto,256,42,6ac1568a7d2ab9e1dace1265306c46dae536e7cb6ceaab088dec04c1fc543077
b6025781,IE,single-session-preference,2023/05/30 (Tue) 21:41,no_retrieval,0,,,,,0.0,19,19,,,,,,,,,,,,,,,,,,,,,,,,,,,,113,135,8612.876200000755,8612.876200000755,"Considering it's May 30th, 2023, I'd suggest looking into seasonal recipes that incorporate fresh spring ingredients. Some ideas could be:

1. Grilled chicken or fish with roasted spring vegetables (asparagus, bell peppers, carrots).
2. Spring salad with mixed greens, cherry tomatoes, cucumber, and a citrus vinaigrette.
3. Quinoa bowls with roasted sweet potatoes, black beans, and avocado.
4. Stuffed bell peppers with quinoa, vegetables, and lean protein.

These recipes are relatively easy to make and incorporate healthy, seasonal ingredients. Feel free to get creative and adjust the recipes to your dietary preferences and ingredient availability.",,,meta-llama/Llama-3.1-8B-Instruct,0e9e39f249a16976918f6564b8830bc894c89659,4bit,auto,256,42,0020380167c82bfbe1c49ff858aa0ad69abac76f6e1748906011a5dec7c25675
b6025781,IE,single-session-preference,2023/05/30 (Tue) 21:41,oracle,0,,,,,0.0,517,517,,,,,,,,,,,,,,,,,,,,,,,,,,answer_8414cc57::round_0,answer_8414cc57,611,256,14587.12080004625,14587.12080004625,"You're planning your meal prep next week. Since the session date was 2023/05/23, and you're asking for suggestions now (2023/05/30), you can consider the following new recipes:

1. **Lemon Herb Quinoa Bowl**: Mix cooked quinoa with roasted veggies, grilled chicken, and a drizzle of lemon-tahini sauce.
2. **Korean-Style BBQ Beef**: Marinate beef in a Korean-inspired sauce and grill or pan-fry until cooked through. Serve with quinoa, roasted veggies, and a side of kimchi.
3. **Indian-Style Lentil Curry**: Cook lentils with onions, garlic, and a blend of Indian spices. Serve over quinoa with roasted veggies and a dollop of raita (yogurt sauce).
4. **Mediterranean Quinoa Salad**: Mix cooked quinoa with roasted veggies, feta cheese, olives, and a drizzle of lemon-herb dressing. Add grilled chicken or shrimp for extra protein.
5. **Veggie-Packed Quinoa Stuffed Bell Peppers**: Fill bell peppers with a mixture of cooked quinoa, roasted veggies, black beans, and shredded cheese. Bake until the peppers are tender.",,,meta-llama/Llama-3.1-8B-Instruct,0e9e39f249a16976918f6564b8830bc894c89659,4bit,auto,256,42,23d53c042e1dd16ddc6e4fda743386f30648eda74141a6ebcc960a38f5081161
a89d7624,IE,single-session-preference,2023/05/30 (Tue) 21:17,no_retrieval,0,,,,,0.0,19,19,,,,,,,,,,,,,,,,,,,,,,,,,,,,115,132,8537.979100015946,8537.979100015946,"Denver has plenty to offer. You might want to consider visiting the following places:

1. The Denver Art Museum: Known for its unique architecture and diverse art collection.
2. The History Colorado Center: Offers insights into the state's history and culture.
3. Red Rocks Park and Amphitheatre: A scenic park with stunning rock formations and a popular music venue.
4. The Denver Zoo: Home to over 4,000 animals from around the world.
5. The 16th Street Mall: A pedestrian shopping and dining area in the heart of downtown Denver.

These are just a few suggestions. Denver has many more attractions and activities to explore.",,,meta-llama/Llama-3.1-8B-Instruct,0e9e39f249a16976918f6564b8830bc894c89659,4bit,auto,256,42,9274f5d343177341acc9a15e9fa86290df8f77b368ec82d431021b8bd529dc7e
a89d7624,IE,single-session-preference,2023/05/30 (Tue) 21:17,oracle,0,,,,,0.0,1036,1036,,,,,,,,,,,,,,,,,,,,,,,,,,answer_8f15ac24::round_2|answer_8f15ac24::round_3,answer_8f15ac24|answer_8f15ac24,1132,256,61031.174600007944,61031.174600007944,"You're planning a trip to Denver soon. Based on our previous conversations, I'd recommend checking out the city's vibrant music scene. Some must-visit spots and events include:

**Music Venues:**

1. **Red Rocks Park and Amphitheatre**: An iconic venue that hosts a wide range of acts.
2. **The Ogden Theatre**: A historic venue in the heart of LoDo that hosts indie, rock, and electronic acts.
3. **The Bluebird Theater**: A historic venue that offers a unique atmosphere and a diverse lineup of acts.

**Music Festivals:**

1. **Grandoozy**: A relatively new festival featuring a diverse lineup of acts.
2. **Denver Folk Festival**: A must-visit for fans of folk, bluegrass, or roots music.
3. **Riot Fest Denver**: A punk, rock, and alternative festival that takes place in September.

**Other Music-Related Spots:**

1. **Twist & Shout Records**: A legendary record store with an impressive selection of vinyl and CDs.
2. **The hi-dive**: A music venue and bar that hosts local and touring acts.

If you're looking for some delicious BBQ before or after a concert, I'd recommend checking out places like",,,meta-llama/Llama-3.1-8B-Instruct,0e9e39f249a16976918f6564b8830bc894c89659,4bit,auto,256,42,fa017f1d9edf29250ca2144b7462f129f52a9d82d10789a9e3123ec74c5658b3
38146c39,IE,single-session-preference,2023/05/30 (Tue) 20:02,no_retrieval,0,,,,,0.0,19,19,,,,,,,,,,,,,,,,,,,,,,,,,,,,114,183,11123.788100085221,11123.788100085221,"Considering it's 2023, I'd suggest adding some unique flavor combinations to your classic chocolate chip cookies. Here are a few ideas:

1. Sea salt and caramel: Sprinkle a pinch of flaky sea salt and a drizzle of caramel sauce on top of the cookies before baking.
2. Espresso powder: Add a teaspoon of espresso powder to the dough for a mocha twist.
3. Browned butter: Instead of using regular butter, brown it in a skillet until it has a nutty aroma, then use it in the dough.
4. Nuts or seeds: Introduce some texture with chopped nuts (walnuts or pecans work well) or sesame seeds.
5. Spices: Try adding a pinch of warm spices like cinnamon, nutmeg, or cardamom to give your cookies a distinct flavor.

Feel free to experiment and find the perfect combination that suits your taste!",,,meta-llama/Llama-3.1-8B-Instruct,0e9e39f249a16976918f6564b8830bc894c89659,4bit,auto,256,42,0ea9a6e969be1316f0a3c01e8ff9847a80629fbf592becba0026aa87459bcd62
1c0ddc50,IE,single-session-preference,2023/05/30 (Tue) 13:09,oracle,0,,,,,0.0,1138,1138,,,,,,,,,,,,,,,,,,,,,,,,,,answer_8da8c7e0::round_0|answer_8da8c7e0::round_2,answer_8da8c7e0|answer_8da8c7e0,1231,256,92334.6510999836,92334.6510999836,"Considering your interest in history podcasts and your 40-minute commute each way, here are some activities you can do during your commute to work:

1. **Listen to a podcast episode**: As we discussed earlier, you can listen to a history podcast episode, such as Hardcore History, Lore, or The Dollop.
2. **Take notes or summarize the episode**: Engage with the content by taking notes or summarizing the episode in your mind. This will help you retain the information and make connections between different ideas.
3. **Reflect on the episode's themes**: Think about how the episode's themes and ideas relate to your life or current events. This can help you gain new insights and perspectives.
4. **Plan your day or week**: Use your commute to plan your day or week, setting goals and prioritizing tasks. This can help you stay organized and focused.
5. **Practice mindfulness or meditation**: Take a few minutes to practice mindfulness or meditation, focusing on your breath and letting go of stress or anxiety.
6. **Read a book or article**: If you prefer reading to listening, consider bringing a book or article to read during your commute.
7. **People-watch or observe your surroundings**: Take in the sights and sounds of your commute, observing the",,,meta-llama/Llama-3.1-8B-Instruct,0e9e39f249a16976918f6564b8830bc894c89659,4bit,auto,256,42,3b3b8e37964ff02dcccf40b38705d9aa72a76946c8d896fe0e0ed7dd4deef019
0a34ad58,IE,single-session-preference,2023/05/30 (Tue) 22:40,no_retrieval,0,,,,,0.0,19,19,,,,,,,,,,,,,,,,,,,,,,,,,,,,115,256,14563.135000062175,14563.135000062175,"Don't worry, I've got some tips for you. Tokyo can be overwhelming at first, but with some preparation, you'll be navigating like a pro in no time. Here are a few helpful tips:

1. **Learn basic Japanese phrases**: While many Tokyo residents speak some English, learning basic phrases like ""konnichiwa"" (hello), ""arigatou"" (thank you), and ""sumimasen"" (excuse me) will go a long way in showing respect for the culture.
2. **Get a Suica or Pasmo card**: These prepaid cards are widely accepted on Tokyo's public transportation system, making it easy to travel around the city.
3. **Download a transit app**: Apps like Google Maps or Hyperdia can help you navigate Tokyo's complex subway system and plan your routes.
4. **Explore popular areas on foot**: Tokyo's neighborhoods, like Shibuya, Harajuku, and Asakusa, are best experienced on foot. Take your time to soak in the sights and sounds.
5. **Don't be afraid to ask for help**: Tokyo residents are generally friendly and willing to assist tourists. Don't hesitate to ask for directions or help when needed.

Remember, Tokyo is a city that rewards exploration and patience",,,meta-llama/Llama-3.1-8B-Instruct,0e9e39f249a16976918f6564b8830bc894c89659,4bit,auto,256,42,4b33d380e2041fac76f596b65c4cf7fd236f0ad25f2c82dd75a22e577be08c72
0a34ad58,IE,single-session-preference,2023/05/30 (Tue) 22:40,oracle,0,,,,,0.0,1135,1135,,,,,,,,,,,,,,,,,,,,,,,,,,answer_cebb7159::round_1|answer_cebb7159::round_3,answer_cebb7159|answer_cebb7159,1231,256,86322.02950003557,86322.02950003557,"Considering your anxiety about getting around Tokyo, here are some helpful tips:

1. **Familiarize yourself with the Tokyo Metro and JR train maps**: Understanding the layout of the city's train network will make navigating easier.
2. **Download transit apps**: Google Maps, Hyperdia, or Japan Travel Bureau's Japan Guide app can help you plan routes and find the best transportation options.
3. **Use your Suica card**: As you've already done, this prepaid IC card can simplify traveling around Tokyo and surrounding areas.
4. **Ask locals or station staff for help**: If you're unsure about the fare or need assistance, don't hesitate to ask for help.
5. **Consider purchasing a prepaid IC card like Pasmo**: This can make traveling around Tokyo more convenient and cost-effective.
6. **Double-check your itinerary and meeting points**: Use the TripIt app to stay organized and ensure you have all the necessary information.
7. **Stay calm and patient**: Tokyo's public transportation system can be complex, but with some preparation and practice, you'll become more confident navigating the city.

Remember, it's normal to feel a bit anxious when exploring a new city. Take your time, and don't hesitate to ask for help when needed. Enjoy your time in",,,meta-llama/Llama-3.1-8B-Instruct,0e9e39f249a16976918f6564b8830bc894c89659,4bit,auto,256,42,30cdd2f5cfc5ba395771e4e47755571dd99d1f092deb174cea923f0567b76e1a
195a1a1b,IE,single-session-preference,2023/05/30 (Tue) 22:28,no_retrieval,0,,,,,0.0,19,19,,,,,,,,,,,,,,,,,,,,,,,,,,,,111,256,14820.476999972016,14820.476999972016,"On a Tuesday evening like this (2023/05/30), you could consider the following activities:

1. Reading a book: It's a great way to unwind and escape into a different world.
2. Watching a movie or TV show: You could pick something you've been meaning to watch or try a new series.
3. Listening to music or podcasts: Put on your favorite playlist or discover new content.
4. Practicing a hobby: If you have a hobby, such as painting, drawing, or playing an instrument, you could dedicate some time to it.
5. Taking a relaxing walk: If the weather permits, a short walk outside can be calming and refreshing.
6. Cooking or trying a new recipe: You could try something new in the kitchen or experiment with flavors.
7. Doing some light exercise: Yoga, stretching, or a short workout can help you relax and feel better.
8. Playing a board game or video game: Invite some friends over or play solo to pass the time.
9. Meditating or practicing mindfulness: Take a few minutes to focus on your breath and calm your mind.
10. Writing in a journal: Reflect on your day, set goals for tomorrow, or simply express yourself.

These are just a few ideas to",,,meta-llama/Llama-3.1-8B-Instruct,0e9e39f249a16976918f6564b8830bc894c89659,4bit,auto,256,42,e2e0ac5c7b3e3b38bb30e4b62e9acd7a02aeb9b9b6479dffc218f70dda706747
195a1a1b,IE,single-session-preference,2023/05/30 (Tue) 22:28,oracle,0,,,,,0.0,626,626,,,,,,,,,,,,,,,,,,,,,,,,,,answer_6dc4305e::round_2,answer_6dc4305e,718,188,12699.50839993544,12699.50839993544,"Based on the provided tips, here are some activities you can do in the evening to unwind and prepare for a good night's sleep:

1. Reading: Pick a book that's not too engaging or stimulating.
2. Meditation: Use a guided meditation app like Headspace, Calm, or Insight Timer.
3. Deep breathing exercises: Focus on slow, deep breaths to calm your nervous system.
4. Yoga or stretching: Gentle stretches to relax your muscles.
5. Listening to soothing music: Calming music or nature sounds can help you unwind.
6. Writing in a journal: Reflect on your day to clear your mind.
7. Brushing your teeth, washing your face, and changing into comfortable pajamas.
8. Preparing your sleep environment: Make your bedroom a sleep sanctuary.

Remember to avoid stimulating activities, such as work, screens, or intense conversations, at least 60-90 minutes before bedtime.",,,meta-llama/Llama-3.1-8B-Instruct,0e9e39f249a16976918f6564b8830bc894c89659,4bit,auto,256,42,b36ac1e181873b891e1a5685d56cb26dd5189cf1809db7a23ae120ee6dc3f248
fca70973,IE,single-session-preference,2023/08/15 (Tue) 23:59,no_retrieval,0,,,,,0.0,19,19,,,,,,,,,,,,,,,,,,,,,,,,,,,,112,161,9783.039500005543,9783.039500005543,"Considering it's August 15th, 2023, the summer season is still ongoing. I'd suggest visiting a theme park with water rides or attractions to beat the heat. Some popular options might include:

1. Water parks like Noah's Ark in Wisconsin Dells or Schlitterbahn in Galveston.
2. Theme parks with a strong focus on water rides, such as Disney's Typhoon Lagoon or Universal's Volcano Bay.
3. Amusement parks with a mix of roller coasters and water attractions, like Cedar Point or Six Flags.

Keep in mind that these suggestions are based on general information and might not be specific to your location. It's always a good idea to check the park's website or call ahead to confirm their operating hours and availability of water rides.",,,meta-llama/Llama-3.1-8B-Instruct,0e9e39f249a16976918f6564b8830bc894c89659,4bit,auto,256,42,861099097a6a0ff1205b8fa6ba417fbde27baea195a742157b7bbe49eac6f176
fca70973,IE,single-session-preference,2023/08/15 (Tue) 23:59,oracle,0,,,,,0.0,413,413,,,,,,,,,,,,,,,,,,,,,,,,,,answer_a1e169b1::round_0,answer_a1e169b1,506,179,9823.17139999941,9823.17139999941,"Considering your recent visits and the upcoming events, I suggest checking out the Halloween-themed events at the parks you've already visited. Here are some specific recommendations:

1. **Disneyland**: Experience the 'Oogie Boogie Bash' during Halloween Time, which starts in mid-September.
2. **Knott's Berry Farm**: Visit Knott's Scary Farm, which runs through the fall, for haunted mazes and scare zones.
3. **Six Flags Magic Mountain**: Enjoy Fright Fest, which starts in late September, for haunted mazes and themed rides.
4. **Universal Studios Hollywood**: Experience Halloween Horror Nights, which runs from mid-September to early November, with elaborate haunted houses and scare zones.

These events offer a mix of thrill rides, unique food experiences, and nighttime shows that you might enjoy. Check the respective park websites for exact dates and additional details.",,,meta-llama/Llama-3.1-8B-Instruct,0e9e39f249a16976918f6564b8830bc894c89659,4bit,auto,256,42,ca3a33f4614e3d81e307cb8c539859626905c59cba294598f93c819beeea9663
07b6f563,IE,single-session-preference,2023/05/30 (Tue) 21:46,oracle,0,,,,,0.0,1198,1198,,,,,,,,,,,,,,,,,,,,,,,,,,answer_d03098f9::round_0|answer_d03098f9::round_1,answer_d03098f9|answer_d03098f9,1287,235,87974.90640007891,87974.90640007891,"Based on our previous conversation, I'd be happy to suggest some useful accessories for your iPhone 13 Pro. Here are a few recommendations:

1. **Screen protectors**: Consider brands like Zagg, TechArmor, Spigen, or BodyGuardz for high-quality screen protectors that offer durability, scratch-resistance, and clarity.
2. **Phone wallet cases**: Look into brands like Nomad, Fossil, Bellroy, or Incipio for stylish and functional wallet cases that offer protection, storage, and style.
3. **Wireless charging pads**: Consider brands like Mophie or Anker for high-quality wireless charging pads that offer convenience and compatibility with your iPhone 13 Pro.
4. **Portable power banks**: Look into brands like Anker or Mophie for high-capacity portable power banks that offer reliable power on-the-go.
5. **Phone stands**: Consider brands like Spigen or Tech21 for phone stands that offer adjustable angles, compact designs, and compatibility with your iPhone 13 Pro.

When choosing accessories, consider factors like compatibility, durability, style, and functionality to ensure you find the right fit for your needs.",,,meta-llama/Llama-3.1-8B-Instruct,0e9e39f249a16976918f6564b8830bc894c89659,4bit,auto,256,42,cfac6820f240be813f621cb50c1735c88e67b74545f650b6ac40cdb52ccc837c
35a27287,IE,single-session-preference,2023/05/30 (Tue) 22:15,oracle,0,,,,,0.0,1889,1889,,,,,,,,,,,,,,,,,,,,,,,,,,answer_9b182436::round_1|answer_9b182436::round_2|answer_9b182436::round_6,answer_9b182436|answer_9b182436|answer_9b182436,1981,222,155593.5357999988,155593.5357999988,"Since I'm a large language model, I don't have access to your location. However, based on our previous conversation, I can suggest some ways to find cultural events happening around you this weekend:

1. **Online Event Calendars**: Check websites like Eventbrite, Meetup, or local news websites for event listings.
2. **Social Media and Local News**: Follow local cultural organizations, language schools, and community centers on social media platforms like Facebook, Twitter, or Instagram.
3. **Language Schools and Cultural Centers**: Reach out to local language schools or cultural centers that might be hosting events.
4. **Community Organizations**: Contact local community organizations that focus on diversity, equity, and inclusion.
5. **Embassies and Consulates**: Reach out to embassies or consulates of countries with languages you're interested in.

You can also try searching for events using keywords like ""language festival,"" ""cultural exchange,"" ""diversity celebration,"" or ""international festival"" to find relevant events.

If you provide me with your location, I can give you more specific recommendations.",,,meta-llama/Llama-3.1-8B-Instruct,0e9e39f249a16976918f6564b8830bc894c89659,4bit,auto,256,42,398bd5b09c1cff7dee719884025d7d787f0fb818e145ebbc21a0bc9565204fe2
a1cc6108,MR,multi-session,2023/05/30 (Tue) 20:23,oracle,0,,,,,0.0,1158,1158,,,,,,,,,,,,,,,,,,,,,,,,,,answer_17dc2f5b_2::round_1|answer_17dc2f5b_1::round_0,answer_17dc2f5b_2|answer_17dc2f5b_1,1246,160,53303.4010999836,53303.4010999836,"Since Alex is 21 years old in 2023, and you mentioned that you're already taking on a mentorship role with him, we can infer that you're likely older than 21.

In the first session, you mentioned that you're excited to see Alex learn and grow, and that you're already taking on a mentorship role with him. This suggests that you've known Alex for a while, and that you're likely in your 30s or 40s.

In the second session, you mentioned that you just turned 32 last month, which means that you were 31 years old in 2023. Since Alex is 21 years old in 2023, we can calculate that you were likely around 10-11 years old when Alex was born.",,,meta-llama/Llama-3.1-8B-Instruct,0e9e39f249a16976918f6564b8830bc894c89659,4bit,auto,256,42,e340fc36138e8e66c8aa3507dc3e0d3394747d65405ca809925d84e848bc2c54
7024f17c,MR,multi-session,2023/05/30 (Tue) 21:24,oracle,0,,,,,0.0,1054,1054,,,,,,,,,,,,,,,,,,,,,,,,,,answer_a21f3697_1::round_0|answer_a21f3697_2::round_0,answer_a21f3697_1|answer_a21f3697_2,1146,143,34807.32869997155,34807.32869997155,"To determine the total hours of jogging and yoga you did last week, we need to look at the information provided.

On Saturday, May 20, you went for a 30-minute jog. 

On May 20, you also mentioned that you used to practice yoga three times a week, each time for 2 hours. However, you mentioned that you've been slacking off for this month. 

Since the question is about last week, we can assume that you didn't practice yoga at all last week. 

So, the total hours of jogging and yoga you did last week is 30 minutes (jogging) + 0 hours (yoga) = 0.5 hours.",,,meta-llama/Llama-3.1-8B-Instruct,0e9e39f249a16976918f6564b8830bc894c89659,4bit,auto,256,42,87eb43c5cd2fe4af1b48259485f26cfbd6af8a37f1845211e0c224bf0b1f4364
157a136e,MR,multi-session,2024/02/05 (Mon) 23:49,oracle,0,,,,,0.0,1999,1999,,,,,,,,,,,,,,,,,,,,,,,,,,answer_8de18468_2::round_0|answer_8de18468_2::round_1|answer_8de18468_1::round_1,answer_8de18468_2|answer_8de18468_2|answer_8de18468_1,2088,192,147801.54260003474,147801.54260003474,"To find the difference in age between you and your grandma, we need to know your age and your grandma's age. 

You mentioned that your grandma is 75 years old, and you said that your mom made an amazing chocolate mocha cake for your birthday, which was just a week after grandma's celebration. However, you didn't mention your age. 

In the conversation, you mentioned that your birthday was just a week after your grandma's celebration, but you didn't specify the date of your birthday. However, you did mention that it was a week after your grandma's celebration, which was on her 75th birthday. 

Since the question date is 2024/02/05, and your grandma's celebration was on her 75th birthday, we can assume that her birthday is sometime in the past. 

However, we don't have enough information to determine your age and the difference in age between you and your grandma.",,,meta-llama/Llama-3.1-8B-Instruct,0e9e39f249a16976918f6564b8830bc894c89659,4bit,auto,256,42,716abc5149574167714063e66614a0aad408ea469cd82e486dd934ac08c67f03
gpt4_2f91af09,MR,multi-session,2023/05/30 (Tue) 17:14,oracle,0,,,,,0.0,1927,1927,,,,,,,,,,,,,,,,,,,,,,,,,,answer_669318cf_2::round_0|answer_669318cf_1::round_0|answer_669318cf_3::round_0,answer_669318cf_2|answer_669318cf_1|answer_669318cf_3,2037,221,154816.45739998203,154816.45739998203,"To determine the total number of pieces you've completed, let's break down the information provided:

1. You wrote 17 poems in the past two weeks (Session date: 2023/05/21).
2. You've written five short stories so far.
3. You've participated in a writing challenge and submitted a piece titled ""The Smell of Old Books"" for the prompt ""forgotten memories"".

Since you started writing again three weeks ago, let's calculate the total number of pieces:

- Poems: 17 (in the past two weeks)
- Short stories: 5 (so far)
- Writing challenge pieces: At least 1 (for the prompt ""forgotten memories"")

However, the exact number of writing challenge pieces is not specified. Since you've been participating in the challenge, it's likely that you've submitted more pieces. But based on the information provided, we can only confirm the completion of at least one piece for the challenge.

To provide a more accurate answer, we would need more information about the number of writing challenge pieces you've completed.",,,meta-llama/Llama-3.1-8B-Instruct,0e9e39f249a16976918f6564b8830bc894c89659,4bit,auto,256,42,235e8cfcc9eb8c4d120be1a2e321e5c859fb857e2988d3c90e166dd1765ae160
gpt4_372c3eed,MR,multi-session,2021/08/20 (Fri) 23:34,oracle,0,,,,,0.0,2229,2229,,,,,,,,,,,,,,,,,,,,,,,,,,answer_35c5419d_3::round_0|answer_35c5419d_2::round_0|answer_35c5419d_1::round_1,answer_35c5419d_3|answer_35c5419d_2|answer_35c5419d_1,2331,192,143369.3668000633,143369.3668000633,"You attended Arcadia High School from 2010 to 2014, which is 4 years. Then, you attended UCLA for 4 years to complete your Bachelor's degree in Computer Science. 

4 (high school) + 4 (Bachelor's degree) = 8 years

You also mentioned that you earned an Associate's degree in Computer Science from Pasadena City College (PCC) in May 2016, which is an additional 2 years.

8 (previous education) + 2 (Associate's degree) = 10 years

However, you also mentioned that you graduated with a Bachelor's in Computer Science from UCLA in 2020, which took you 4 years to complete. 

10 (previous education) + 4 (Bachelor's degree) = 14 years

You also mentioned that you graduated with a Bachelor's in Computer Science from UCLA in 2020, which took you 4 years to complete.",,,meta-llama/Llama-3.1-8B-Instruct,0e9e39f249a16976918f6564b8830bc894c89659,4bit,auto,256,42,5ddadfa5f30f673d982952d5aade1b2efc29c279a7222705cb77176570c1a094
2b8f3739,MR,multi-session,2023/06/01 (Thu) 23:37,oracle,0,,,,,0.0,2091,2091,,,,,,,,,,,,,,,,,,,,,,,,,,answer_23759615_2::round_0|answer_23759615_3::round_0|answer_23759615_1::round_0,answer_23759615_2|answer_23759615_3|answer_23759615_1,2187,163,129333.03599990904,129333.03599990904,"To find the total amount of money you earned from selling your products at the markets, we need to add up the amounts you earned from each market.

You sold 15 jars of homemade jam at the Homemade and Handmade Market on May 29th for $225.
You sold 20 potted herb plants at the Summer Solstice Market for $7.5 each, which is a total of 20 * $7.5 = $150.
You sold 12 bunches of fresh organic herbs from your backyard garden at the farmers' market on May 15th for a total of $120.

Adding these amounts together, we get:
$225 + $150 + $120 = $495

So, the total amount of money you earned from selling your products at the markets is $495.",,,meta-llama/Llama-3.1-8B-Instruct,0e9e39f249a16976918f6564b8830bc894c89659,4bit,auto,256,42,f8abc31ac454ee9872eaaf9e783d7f82d623534cc087a64cda1d7341af41501d
gpt4_e05b82a6,MR,multi-session,2023/11/04 (Sat) 23:49,oracle,0,,,,,0.0,1886,1886,,,,,,,,,,,,,,,,,,,,,,,,,,answer_6350aa4f_1::round_5|answer_6350aa4f_2::round_0|answer_6350aa4f_3::round_0|answer_6350aa4f_4::round_0,answer_6350aa4f_1|answer_6350aa4f_2|answer_6350aa4f_3|answer_6350aa4f_4,1985,210,147979.1363000404,147979.1363000404,"To determine the total number of times you rode rollercoasters, let's break down the information from the conversations:

1. At Universal Studios Hollywood on October 15th, you rode the Revenge of the Mummy rollercoaster three times in a row.
2. At Knott's Berry Farm on October 8th, you rode the Xcelerator rollercoaster (no specific number of times mentioned).
3. At Disneyland on September 24th, you rode Space Mountain: Ghost Galaxy three times during Mickey's Halloween Party.

Additionally, you mentioned that you rode the Mako, Kraken, and Manta rollercoasters all in one night at SeaWorld San Diego in July. Since you rode all three in one night, that's a total of three rollercoasters.

Combining these instances, you rode rollercoasters a total of 3 (at SeaWorld San Diego) + 3 (at Disneyland) + 3 (at Universal Studios Hollywood) = 9 times across the events from July to October.",,,meta-llama/Llama-3.1-8B-Instruct,0e9e39f249a16976918f6564b8830bc894c89659,4bit,auto,256,42,79b18b7feee25b80bd7d017a7224e3393990e24cc8cf116cf51ba3eb2490e7e9
gpt4_731e37d7,MR,multi-session,2023/02/26 (Sun) 23:35,oracle,0,,,,,0.0,2373,2373,,,,,,,,,,,,,,,,,,,,,,,,,,answer_826d51da_3::round_0|answer_826d51da_3::round_5|answer_826d51da_4::round_0|answer_826d51da_2::round_0,answer_826d51da_3|answer_826d51da_3|answer_826d51da_4|answer_826d51da_2,2468,198,151846.32759995293,151846.32759995293,"To calculate the total money spent on attending workshops in the last four months, we need to consider the dates mentioned in the conversation.

The last four months would be from October 2022 to January 2023.

The workshops attended were:

1. A one-day photography workshop on February 22, 2023 (cost not mentioned)
2. A half-day mindfulness workshop on December 12, 2022 (cost $20)
3. A two-day writing workshop in November 2022 (cost $200)
4. A two-day digital marketing workshop on March 15-16, 2023 (cost $500)

The total cost would be:
$20 (mindfulness workshop) + $200 (writing workshop) + $500 (digital marketing workshop) = $720

The cost of the photography workshop is not mentioned, so we cannot include it in the total.

Therefore, the total money spent on attending workshops in the last four months is $720.",,,meta-llama/Llama-3.1-8B-Instruct,0e9e39f249a16976918f6564b8830bc894c89659,4bit,auto,256,42,13894da32b25fb2ae1916585745cd438577a9aba9b88a76f4a14256496c19d9d
gpt4_4fc4f797,TR,temporal-reasoning,2023/06/01 (Thu) 21:22,oracle,0,,,,,0.0,1489,1489,,,,,,,,,,,,,,,,,,,,,,,,,,answer_be07688f_1::round_5|answer_be07688f_2::round_0,answer_be07688f_1|answer_be07688f_2,1593,131,77152.16049994342,77152.16049994342,"To find the number of days passed between the day you received feedback about your car's suspension and the day you tested your new suspension setup, we need to calculate the difference between the two dates.

You received feedback on 2023/03/17 (Friday) and tested your new suspension setup on 2023/04/23 (Sunday).

The difference between these two dates is:
2023/04/23 (Sunday) - 2023/03/17 (Friday) = 37 days

So, 37 days passed between the day you received feedback about your car's suspension and the day you tested your new suspension setup.",,,meta-llama/Llama-3.1-8B-Instruct,0e9e39f249a16976918f6564b8830bc894c89659,4bit,auto,256,42,3b933e791ce212557f1e72933441b0d4104ca7830496a14e91162438a59dc4f0
gpt4_7bc6cf22,TR,temporal-reasoning,2023/04/01 (Sat) 08:36,oracle,0,,,,,0.0,694,694,,,,,,,,,,,,,,,,,,,,,,,,,,answer_e22d6aef_1::round_0,answer_e22d6aef_1,791,135,11577.08200009074,11577.08200009074,"To find out how many days ago you read the March 15th issue of The New Yorker, we need to calculate the difference between the date you read the issue (March 15th) and the current date (April 1st, 2023).

March has 31 days. So, from March 15th to March 31st, there are 16 days. 

From April 1st to April 1st, there is 0 days.

Therefore, from March 15th to April 1st, there are 16 days.

So, you read the March 15th issue of The New Yorker 16 days ago.",,,meta-llama/Llama-3.1-8B-Instruct,0e9e39f249a16976918f6564b8830bc894c89659,4bit,auto,256,42,5c49f42394fca158aade1e5b73b413f2ab5f1a7e609716e46837a6b2183f0508
6e984301,TR,temporal-reasoning,2023/04/01 (Sat) 18:55,oracle,0,,,,,0.0,1409,1409,,,,,,,,,,,,,,,,,,,,,,,,,,answer_88841f26_1::round_0|answer_88841f26_2::round_1,answer_88841f26_1|answer_88841f26_2,1510,150,82624.08270000014,82624.08270000014,"You invested in your own set of sculpting tools on 2023/03/04 (Sat). You started taking sculpting classes on 2023/02/11 (Sat). 

To find the number of weeks, we need to calculate the difference between the dates.

2023/03/04 (Sat) - 2023/02/11 (Sat) = 22 days

Since there are 7 days in a week, we can divide 22 by 7 to get the number of weeks.

22 days / 7 days per week = 3.14 weeks (approximately)

So, you had been taking sculpting classes for approximately 3 weeks when you invested in your own set of sculpting tools.",,,meta-llama/Llama-3.1-8B-Instruct,0e9e39f249a16976918f6564b8830bc894c89659,4bit,auto,256,42,9850fe609d3371abea130cb5b3248dc02a1ca96c400fe65886d4997d18dd13ae
gpt4_74aed68e,TR,temporal-reasoning,2023/04/01 (Sat) 21:42,oracle,0,,,,,0.0,1382,1382,,,,,,,,,,,,,,,,,,,,,,,,,,answer_aed8cf17_1::round_0|answer_aed8cf17_2::round_0,answer_aed8cf17_1|answer_aed8cf17_2,1489,136,73923.47289994359,73923.47289994359,"To find the number of days passed between the day you replaced your spark plugs and the day you participated in the Turbocharged Tuesdays auto racking event, we need to calculate the difference between the two dates.

You replaced your spark plugs on 2023/02/14 (Tuesday) and participated in the Turbocharged Tuesdays event on 2023/03/15 (Wednesday).

The difference between the two dates is 2023/03/15 - 2023/02/14 = 31 days.

So, 31 days passed between the day you replaced your spark plugs and the day you participated in the Turbocharged Tuesdays auto racking event.",,,meta-llama/Llama-3.1-8B-Instruct,0e9e39f249a16976918f6564b8830bc894c89659,4bit,auto,256,42,f22f0a7d1da747c4c758fbc8e56b1cdd259cac80a9f06758ef960899dda868ee
08f4fc43,TR,temporal-reasoning,2023/02/20 (Mon) 21:26,oracle,0,,,,,0.0,1089,1089,,,,,,,,,,,,,,,,,,,,,,,,,,answer_6ea1541e_2::round_0|answer_6ea1541e_1::round_0,answer_6ea1541e_2|answer_6ea1541e_1,1192,175,51462.522999965586,51462.522999965586,"The Sunday mass at St. Mary's Church was on January 2nd, and the Ash Wednesday service at the cathedral was on February 1st. 

To find the number of days between these two dates, we need to subtract the month and day of the first date from the month and day of the second date.

February 1st - January 2nd = 1 month and 29 days (since February has 28 days in 2023, and 29 days is the closest approximation).

However, since the question is asking for the number of days between the two dates, we need to consider the days in the month of January and February.

January has 31 days, and February has 28 days in 2023. 

So, the number of days between January 2nd and February 1st is approximately 30 days.",,,meta-llama/Llama-3.1-8B-Instruct,0e9e39f249a16976918f6564b8830bc894c89659,4bit,auto,256,42,96b6d3d4c18e1965c6cb0a7c0438fa8d4ab3a395b1b5530d2246073acc80c6fd
6613b389,TR,temporal-reasoning,2023/07/07 (Fri) 13:04,oracle,0,,,,,0.0,1078,1078,,,,,,,,,,,,,,,,,,,,,,,,,,answer_aaf71ce2_3::round_0|answer_aaf71ce2_2::round_0,answer_aaf71ce2_3|answer_aaf71ce2_2,1168,226,62962.67090004403,62962.67090004403,"To find out how many months before your anniversary Rachel got engaged, we need to know the date of her engagement (May 15th) and your anniversary (July 22nd).

Since your anniversary is on July 22nd, and there are 31 days in July, we can calculate the number of months between the engagement date and the anniversary date.

May has 31 days, so from May 15th to the end of May, there are 16 days left in May. June has 30 days, so from May 31st to June 30th, there are 30 days. July has 22 days from July 1st to July 22nd.

So, from May 15th to July 22nd, there are 16 + 30 + 22 = 68 days.

Since there are approximately 30.44 days in a month, we can divide 68 by 30.44 to get the number of months.

68 / 30.44 ≈ 2.23 months

Therefore, Rachel got engaged approximately 2.23 months before your anniversary.",,,meta-llama/Llama-3.1-8B-Instruct,0e9e39f249a16976918f6564b8830bc894c89659,4bit,auto,256,42,f8005fbc3b583342fab15bb8435c0b8dfe60662a1a5ed08b5a4bfb84685b3995
gpt4_1d4ab0c9,TR,temporal-reasoning,2023/04/18 (Tue) 10:43,oracle,0,,,,,0.0,1295,1295,,,,,,,,,,,,,,,,,,,,,,,,,,answer_febde667_1::round_0|answer_febde667_2::round_0,answer_febde667_1|answer_febde667_2,1399,136,63134.71250003204,63134.71250003204,"To find the number of days passed between the day you started watering your herb garden and the day you harvested your first batch of fresh herbs, we need to calculate the difference between the two dates.

You started watering your herb garden on 2023/03/22 (Wednesday) and harvested your first batch of fresh herbs on 2023/04/15 (Saturday).

The difference between these two dates is:
2023/04/15 (Saturday) - 2023/03/22 (Wednesday) = 24 days

So, 24 days passed between the day you started watering your herb garden and the day you harvested your first batch of fresh herbs.",,,meta-llama/Llama-3.1-8B-Instruct,0e9e39f249a16976918f6564b8830bc894c89659,4bit,auto,256,42,0be31f2700ddf7ad65ba6f863b905fca71d52321ba796f9fb123f147a6b75492
gpt4_a1b77f9c,TR,temporal-reasoning,2022/04/30 (Sat) 13:22,oracle,0,,,,,0.0,4020,4020,,,,,,,,,,,,,,,,,,,,,,,,,,answer_e9ad5914_1::round_0|answer_e9ad5914_2::round_0|answer_e9ad5914_3::round_3|answer_e9ad5914_4::round_0|answer_e9ad5914_5::round_4|answer_e9ad5914_6::round_0,answer_e9ad5914_1|answer_e9ad5914_2|answer_e9ad5914_3|answer_e9ad5914_4|answer_e9ad5914_5|answer_e9ad5914_6,4135,235,92282.26990008261,92282.26990008261,"To calculate the total number of weeks spent on reading 'The Nightingale' and listening to 'Sapiens: A Brief History of Humankind' and 'The Power', we need to determine the start and end dates of each activity.

For 'The Nightingale', the start date is 2022/01/01 and the end date is 2022/01/15 (Session date: 2022/01/15 (Sat) 11:56). This is approximately 2 weeks.

For 'Sapiens: A Brief History of Humankind', the start date is 2022/01/01 and the end date is 2022/03/01 (Session date: 2022/03/01 (Tue) 22:45). This is approximately 8 weeks.

For 'The Power', the start date is 2022/03/06 and the end date is 2022/03/20 (Session date: 2022/03/20 (Sun) 05:21). This is approximately 2 weeks.

Adding these together, we get a total of 12 weeks.",,,meta-llama/Llama-3.1-8B-Instruct,0e9e39f249a16976918f6564b8830bc894c89659,4bit,auto,256,42,113ff0c2395d47433a72fcffbf001675e497f516163f2b40a0f4444710b770f7
f0853d11,TR,temporal-reasoning,2023/03/14 (Tue) 21:24,oracle,0,,,,,0.0,1150,1150,,,,,,,,,,,,,,,,,,,,,,,,,,answer_932ea3bf_2::round_0|answer_932ea3bf_1::round_0,answer_932ea3bf_2|answer_932ea3bf_1,1252,216,77088.00310001243,77088.00310001243,"The 'Walk for Hunger' event took place on February 21st, and the 'Coastal Cleanup' event took place on March 7th. 

To find the number of days between the two events, we need to calculate the difference in days between February 21st and March 7th.

February has 28 days (2023 is not a leap year). 
From February 21st to the end of February, there are 8 days left (28 - 21 = 7, but since the 21st is the last day of the month, we consider the days from the 22nd to the end of the month which is 7 days).

March 7th is the 7th day of March.

So, from February 21st to March 7th, there are 7 days (8 days from the 22nd to the end of February + 7 days in March).

Therefore, there were 7 days between the 'Walk for Hunger' event and the 'Coastal Cleanup' event.",,,meta-llama/Llama-3.1-8B-Instruct,0e9e39f249a16976918f6564b8830bc894c89659,4bit,auto,256,42,97a4bda653af2d42deb939d3a9a3f7e155c36f49b7807031b811514683b0e6f8
