question_id,task_type,original_question_type,question_date,strategy,k,round_recall_at_k,recall_any_at_k,session_recall_at_k,recall_at_k,latency_ms,token_count,retrieved_context_token_count,num_memories,num_relevant_rounds,num_gold_sessions,input_sorted_by_date,num_future_sessions_excluded,num_future_gold_sessions,num_same_day_later_sessions_retained,num_same_day_later_gold_sessions_retained,mean_memory_tokens_stella,max_memory_tokens_stella,num_memories_over_stella_limit,fraction_memories_over_stella_limit,semantic_score_mean_all,semantic_score_std_all,semantic_score_min_all,semantic_score_max_all,recency_score_mean_all,recency_score_std_all,recency_score_min_all,recency_score_max_all,semantic_minmax_constant,recency_minmax_constant,semantic_scores_all_finite,memory_embeddings_all_finite,gpu_peak_memory_bytes,retrieved_memory_ids,retrieved_session_ids
41275add,IE,single-session-assistant,2023/05/30 (Tue) 14:25,hybrid_raw,5,0.0,0.0,0.0,0.0,0.07520000008298666,,,267,1,1,True,0,0,0,0,397.3820224719101,954,76,0.2846441947565543,0.6203961385769791,0.02493584353152988,0.569041907787323,0.8644290566444397,0.5,0.290302494770947,0.0,1.0,False,False,True,True,10047920128,ultrachat_351310::round_6|ultrachat_351310::round_5|d4f35ad9::round_2|d4f35ad9::round_5|ultrachat_351310::round_2,ultrachat_351310|ultrachat_351310|d4f35ad9|d4f35ad9|ultrachat_351310
41275add,IE,single-session-assistant,2023/05/30 (Tue) 14:25,recency,10,0.0,0.0,0.0,0.0,0.015800000255694613,,,267,1,1,True,0,0,0,0,397.3820224719101,954,76,0.2846441947565543,0.6203961385769791,0.02493584353152988,0.569041907787323,0.8644290566444397,0.5,0.290302494770947,0.0,1.0,False,False,True,True,10047920128,ultrachat_351310::round_6|ultrachat_351310::round_5|ultrachat_351310::round_4|ultrachat_351310::round_3|ultrachat_351310::round_2|ultrachat_351310::round_1|ultrachat_351310::round_0|d4f35ad9::round_5|d4f35ad9::round_4|d4f35ad9::round_3,ultrachat_351310|ultrachat_351310|ultrachat_351310|ultrachat_351310|ultrachat_351310|ultrachat_351310|ultrachat_351310|d4f35ad9|d4f35ad9|d4f35ad9
ceb54acb,IE,single-session-assistant,2023/05/30 (Tue) 22:56,hybrid_minmax,10,1.0,1.0,1.0,1.0,0.07469999945897143,,,249,1,1,True,0,0,0,0,422.4578313253012,882,92,0.36947791164658633,0.6415692668363272,0.026915129823648118,0.5872599482536316,0.8118478059768677,0.5,0.2904205703808051,0.0,1.0,False,False,True,True,10048150528,answer_sharegpt_cGdjmYo_0::round_1|answer_sharegpt_cGdjmYo_0::round_0|dddce60a_1::round_4|0bbd7094_1::round_1|f6fd00cf::round_2|fed9e0eb_1::round_1|dddce60a_1::round_2|sharegpt_iTrNGx4_13::round_1|187b4852_2::round_5|dddce60a_1::round_5,answer_sharegpt_cGdjmYo_0|answer_sharegpt_cGdjmYo_0|dddce60a_1|0bbd7094_1|f6fd00cf|fed9e0eb_1|dddce60a_1|sharegpt_iTrNGx4_13|187b4852_2|dddce60a_1
8aef76bc,IE,single-session-assistant,2023/05/30 (Tue) 05:06,hybrid_raw,10,0.0,0.0,0.0,0.0,0.07759999971312936,,,247,1,1,True,0,0,0,0,428.6194331983806,1045,98,0.3967611336032389,0.6210679737662497,0.028656340821551367,0.5500208139419556,0.7993425130844116,0.5,0.29043475616481673,0.0,1.0,False,False,True,True,10047737856,44b1595a::round_5|44b1595a::round_4|ultrachat_283910::round_3|ultrachat_283910::round_1|ultrachat_283910::round_0|44b1595a::round_3|ultrachat_283910::round_2|44b1595a::round_2|sharegpt_X9kLK47_0::round_0|27d378b2_2::round_5,44b1595a|44b1595a|ultrachat_283910|ultrachat_283910|ultrachat_283910|44b1595a|ultrachat_283910|44b1595a|sharegpt_X9kLK47_0|27d378b2_2
8aef76bc,IE,single-session-assistant,2023/05/30 (Tue) 05:06,hybrid_minmax,10,0.0,0.0,0.0,0.0,0.07650000043213367,,,247,1,1,True,0,0,0,0,428.6194331983806,1045,98,0.3967611336032389,0.6210679737662497,0.028656340821551367,0.5500208139419556,0.7993425130844116,0.5,0.29043475616481673,0.0,1.0,False,False,True,True,10047737856,44b1595a::round_5|44b1595a::round_4|44b1595a::round_3|sharegpt_X9kLK47_0::round_0|ultrachat_283910::round_1|ultrachat_283910::round_0|ultrachat_283910::round_3|27d378b2_2::round_3|27d378b2_2::round_5|ultrachat_283910::round_2,44b1595a|44b1595a|44b1595a|sharegpt_X9kLK47_0|ultrachat_283910|ultrachat_283910|ultrachat_283910|27d378b2_2|27d378b2_2|ultrachat_283910
fca762bc,IE,single-session-assistant,2023/05/30 (Tue) 21:25,recency,10,0.0,0.0,0.0,0.0,0.014799999917158857,,,232,1,1,True,0,0,0,0,456.2198275862069,944,110,0.47413793103448276,0.6515770600787525,0.027495397101643497,0.5977398157119751,0.7703755497932434,0.5,0.29054897658627393,0.0,1.0,False,False,True,True,10047776768,sharegpt_oIB2JG9_0::round_8|sharegpt_oIB2JG9_0::round_7|sharegpt_oIB2JG9_0::round_6|sharegpt_oIB2JG9_0::round_5|sharegpt_oIB2JG9_0::round_4|sharegpt_oIB2JG9_0::round_3|sharegpt_oIB2JG9_0::round_2|sharegpt_oIB2JG9_0::round_1|sharegpt_oIB2JG9_0::round_0|78c80155_1::round_5,sharegpt_oIB2JG9_0|sharegpt_oIB2JG9_0|sharegpt_oIB2JG9_0|sharegpt_oIB2JG9_0|sharegpt_oIB2JG9_0|sharegpt_oIB2JG9_0|sharegpt_oIB2JG9_0|sharegpt_oIB2JG9_0|sharegpt_oIB2JG9_0|78c80155_1
fca762bc,IE,single-session-assistant,2023/05/30 (Tue) 21:25,hybrid_raw,10,0.0,0.0,0.0,0.0,0.06930000017746352,,,232,1,1,True,0,0,0,0,456.2198275862069,944,110,0.47413793103448276,0.6515770600787525,0.027495397101643497,0.5977398157119751,0.7703755497932434,0.5,0.29054897658627393,0.0,1.0,False,False,True,True,10047776768,sharegpt_oIB2JG9_0::round_2|sharegpt_oIB2JG9_0::round_3|sharegpt_oIB2JG9_0::round_6|sharegpt_oIB2JG9_0::round_5|sharegpt_oIB2JG9_0::round_1|78c80155_1::round_4|sharegpt_oIB2JG9_0::round_7|sharegpt_oIB2JG9_0::round_8|sharegpt_oIB2JG9_0::round_0|sharegpt_oIB2JG9_0::round_4,sharegpt_oIB2JG9_0|sharegpt_oIB2JG9_0|sharegpt_oIB2JG9_0|sharegpt_oIB2JG9_0|sharegpt_oIB2JG9_0|78c80155_1|sharegpt_oIB2JG9_0|sharegpt_oIB2JG9_0|sharegpt_oIB2JG9_0|sharegpt_oIB2JG9_0
a40e080f,IE,single-session-assistant,2023/05/30 (Tue) 19:28,semantic,10,1.0,1.0,1.0,1.0,0.07949999962875154,,,270,1,1,True,0,0,0,0,393.2,1125,90,0.3333333333333333,0.6163458340697818,0.036860670005895844,0.5609946846961975,0.9210513234138489,0.5,0.2902843513342834,0.0,1.0,False,False,True,True,10048282624,answer_ultrachat_269020::round_3|answer_ultrachat_269020::round_2|answer_ultrachat_269020::round_1|answer_ultrachat_269020::round_0|ultrachat_38966::round_4|ultrachat_463886::round_1|12c28d3f_1::round_2|ultrachat_38966::round_2|89c7a48a_2::round_4|12c28d3f_1::round_5,answer_ultrachat_269020|answer_ultrachat_269020|answer_ultrachat_269020|answer_ultrachat_269020|ultrachat_38966|ultrachat_463886|12c28d3f_1|ultrachat_38966|89c7a48a_2|12c28d3f_1
a40e080f,IE,single-session-assistant,2023/05/30 (Tue) 19:28,hybrid_minmax,10,1.0,1.0,1.0,1.0,0.07839999943826115,,,270,1,1,True,0,0,0,0,393.2,1125,90,0.3333333333333333,0.6163458340697818,0.036860670005895844,0.5609946846961975,0.9210513234138489,0.5,0.2902843513342834,0.0,1.0,False,False,True,True,10048282624,answer_ultrachat_269020::round_3|answer_ultrachat_269020::round_2|answer_ultrachat_269020::round_1|answer_ultrachat_269020::round_0|4fd6129f_1::round_1|4fd6129f_1::round_4|4fd6129f_1::round_5|sharegpt_fyAkcGP_81::round_4|sharegpt_fyAkcGP_81::round_3|4fd6129f_1::round_2,answer_ultrachat_269020|answer_ultrachat_269020|answer_ultrachat_269020|answer_ultrachat_269020|4fd6129f_1|4fd6129f_1|4fd6129f_1|sharegpt_fyAkcGP_81|sharegpt_fyAkcGP_81|4fd6129f_1
a40e080f,IE,single-session-assistant,2023/05/30 (Tue) 19:28,hybrid_rrf,10,1.0,1.0,1.0,1.0,0.0807999995231512,,,270,1,1,True,0,0,0,0,393.2,1125,90,0.3333333333333333,0.6163458340697818,0.036860670005895844,0.5609946846961975,0.9210513234138489,0.5,0.2902843513342834,0.0,1.0,False,False,True,True,10048282624,4fd6129f_1::round_1|sharegpt_fyAkcGP_81::round_4|sharegpt_fyAkcGP_81::round_3|4fd6129f_1::round_4|4fd6129f_1::round_5|89c7a48a_2::round_4|sharegpt_G3RxeFJ_94::round_5|answer_ultrachat_269020::round_3|answer_ultrachat_269020::round_2|answer_ultrachat_269020::round_1,4fd6129f_1|sharegpt_fyAkcGP_81|sharegpt_fyAkcGP_81|4fd6129f_1|4fd6129f_1|89c7a48a_2|sharegpt_G3RxeFJ_94|answer_ultrachat_269020|answer_ultrachat_269020|answer_ultrachat_269020
b0479f84,IE,single-session-preference,2023/05/30 (Tue) 22:56,hybrid_rrf,5,1.0,1.0,1.0,1.0,0.0762999998187297,,,253,1,1,True,0,0,0,0,412.39525691699606,841,89,0.35177865612648224,0.6215350583136788,0.027399701787063,0.5695086717605591,0.7599433660507202,0.5000000000000001,0.2903928741067686,0.0,1.0,False,False,True,True,10047737856,ultrachat_419825::round_1|ultrachat_419825::round_2|ultrachat_30787::round_5|ultrachat_30787::round_1|answer_30f63ddb::round_0,ultrachat_419825|ultrachat_419825|ultrachat_30787|ultrachat_30787|answer_30f63ddb
b0479f84,IE,single-session-preference,2023/05/30 (Tue) 22:56,hybrid_minmax,10,1.0,1.0,1.0,1.0,0.07700000060140155,,,253,1,1,True,0,0,0,0,412.39525691699606,841,89,0.35177865612648224,0.6215350583136788,0.027399701787063,0.5695086717605591,0.7599433660507202,0.5000000000000001,0.2903928741067686,0.0,1.0,False,False,True,True,10047737856,answer_30f63ddb::round_0|ultrachat_419825::round_1|ultrachat_419825::round_2|answer_30f63ddb::round_1|ultrachat_30787::round_1|ultrachat_30787::round_5|79019170_1::round_2|79019170_1::round_4|79019170_1::round_3|ultrachat_63538::round_2,answer_30f63ddb|ultrachat_419825|ultrachat_419825|answer_30f63ddb|ultrachat_30787|ultrachat_30787|79019170_1|79019170_1|79019170_1|ultrachat_63538
b6025781,IE,single-session-preference,2023/05/30 (Tue) 21:41,semantic,5,1.0,1.0,1.0,1.0,0.0715000005584443,,,231,1,1,True,0,0,0,0,464.1991341991342,2658,93,0.4025974025974026,0.6416883749879284,0.03623684474483559,0.572745144367218,0.8065396547317505,0.5,0.2905571208104978,0.0,1.0,False,False,True,True,10047873024,f20c73f5_3::round_0|answer_8414cc57::round_2|answer_8414cc57::round_0|f20c73f5_3::round_1|answer_8414cc57::round_1,f20c73f5_3|answer_8414cc57|answer_8414cc57|f20c73f5_3|answer_8414cc57
b6025781,IE,single-session-preference,2023/05/30 (Tue) 21:41,hybrid_minmax,5,0.0,0.0,0.0,0.0,0.06900000062159961,,,231,1,1,True,0,0,0,0,464.1991341991342,2658,93,0.4025974025974026,0.6416883749879284,0.03623684474483559,0.572745144367218,0.8065396547317505,0.5,0.2905571208104978,0.0,1.0,False,False,True,True,10047873024,f20c73f5_3::round_0|ultrachat_177995::round_1|89d49715_2::round_4|ultrachat_177995::round_0|ultrachat_177995::round_2,f20c73f5_3|ultrachat_177995|89d49715_2|ultrachat_177995|ultrachat_177995
b6025781,IE,single-session-preference,2023/05/30 (Tue) 21:41,semantic,10,1.0,1.0,1.0,1.0,0.06859999939479167,,,231,1,1,True,0,0,0,0,464.1991341991342,2658,93,0.4025974025974026,0.6416883749879284,0.03623684474483559,0.572745144367218,0.8065396547317505,0.5,0.2905571208104978,0.0,1.0,False,False,True,True,10047873024,f20c73f5_3::round_0|answer_8414cc57::round_2|answer_8414cc57::round_0|f20c73f5_3::round_1|answer_8414cc57::round_1|answer_8414cc57::round_3|612c8368_2::round_0|f20c73f5_3::round_4|612c8368_2::round_5|f20c73f5_3::round_3,f20c73f5_3|answer_8414cc57|answer_8414cc57|f20c73f5_3|answer_8414cc57|answer_8414cc57|612c8368_2|f20c73f5_3|612c8368_2|f20c73f5_3
b6025781,IE,single-session-preference,2023/05/30 (Tue) 21:41,hybrid_raw,10,0.0,0.0,0.0,0.0,0.07360000017797574,,,231,1,1,True,0,0,0,0,464.1991341991342,2658,93,0.4025974025974026,0.6416883749879284,0.03623684474483559,0.572745144367218,0.8065396547317505,0.5,0.2905571208104978,0.0,1.0,False,False,True,True,10047873024,ultrachat_177995::round_1|sharegpt_X1NXUxZ_0::round_0|ultrachat_177995::round_2|ultrachat_177995::round_0|89d49715_2::round_4|89d49715_2::round_5|sharegpt_X1NXUxZ_0::round_1|89d49715_2::round_3|sharegpt_X1NXUxZ_0::round_2|sharegpt_X1NXUxZ_0::round_3,ultrachat_177995|sharegpt_X1NXUxZ_0|ultrachat_177995|ultrachat_177995|89d49715_2|89d49715_2|sharegpt_X1NXUxZ_0|89d49715_2|sharegpt_X1NXUxZ_0|sharegpt_X1NXUxZ_0
b6025781,IE,single-session-preference,2023/05/30 (Tue) 21:41,hybrid_minmax,10,0.0,0.0,0.0,0.0,0.06990000019868603,,,231,1,1,True,0,0,0,0,464.1991341991342,2658,93,0.4025974025974026,0.6416883749879284,0.03623684474483559,0.572745144367218,0.8065396547317505,0.5,0.2905571208104978,0.0,1.0,False,False,True,True,10047873024,f20c73f5_3::round_0|ultrachat_177995::round_1|89d49715_2::round_4|ultrachat_177995::round_0|ultrachat_177995::round_2|89d49715_2::round_3|sharegpt_X1NXUxZ_0::round_0|89d49715_2::round_5|79987901_2::round_0|89d49715_2::round_0,f20c73f5_3|ultrachat_177995|89d49715_2|ultrachat_177995|ultrachat_177995|89d49715_2|sharegpt_X1NXUxZ_0|89d49715_2|79987901_2|89d49715_2
0edc2aef,IE,single-session-preference,2023/05/30 (Tue) 20:23,hybrid_raw,10,0.0,0.0,1.0,0.0,0.07100000038917642,,,239,1,1,True,0,0,0,0,445.8702928870293,1517,105,0.4393305439330544,0.6246255790838138,0.03614386060129064,0.5614331960678101,0.7554914951324463,0.49999999999999994,0.290493882646111,0.0,1.0,False,False,True,True,10048577536,f20e72e4_1::round_5|sharegpt_DWorlZE_0::round_3|sharegpt_DWorlZE_0::round_2|sharegpt_pc6mFD7_39::round_8|f20e72e4_1::round_4|sharegpt_DWorlZE_0::round_4|answer_d586e9cd::round_7|sharegpt_DWorlZE_0::round_0|answer_d586e9cd::round_9|sharegpt_pc6mFD7_39::round_9,f20e72e4_1|sharegpt_DWorlZE_0|sharegpt_DWorlZE_0|sharegpt_pc6mFD7_39|f20e72e4_1|sharegpt_DWorlZE_0|answer_d586e9cd|sharegpt_DWorlZE_0|answer_d586e9cd|sharegpt_pc6mFD7_39
a89d7624,IE,single-session-preference,2023/05/30 (Tue) 21:17,semantic,5,0.0,0.0,0.0,0.0,0.07550000009359792,,,251,2,1,True,0,0,0,0,418.3426294820717,979,94,0.3745019920318725,0.636165084354431,0.029626739411479766,0.5677162408828735,0.7624990344047546,0.5,0.2904066114949864,0.0,1.0,False,False,True,True,10048270336,39a056ae::round_1|39a056ae::round_5|ultrachat_383054::round_2|39a056ae::round_3|a479a7d6_4::round_0,39a056ae|39a056ae|ultrachat_383054|39a056ae|a479a7d6_4
a89d7624,IE,single-session-preference,2023/05/30 (Tue) 21:17,hybrid_raw,5,0.0,0.0,0.0,0.0,0.07860000005166512,,,251,2,1,True,0,0,0,0,418.3426294820717,979,94,0.3745019920318725,0.636165084354431,0.029626739411479766,0.5677162408828735,0.7624990344047546,0.5,0.2904066114949864,0.0,1.0,False,False,True,True,10048270336,sharegpt_lxjNrXL_11::round_0|sharegpt_uDliw4H_0::round_0|ultrachat_572842::round_3|sharegpt_lxjNrXL_11::round_2|9d5af57c_2::round_5,sharegpt_lxjNrXL_11|sharegpt_uDliw4H_0|ultrachat_572842|sharegpt_lxjNrXL_11|9d5af57c_2
a89d7624,IE,single-session-preference,2023/05/30 (Tue) 21:17,recency,10,0.0,0.0,0.0,0.0,0.014999999621068127,,,251,2,1,True,0,0,0,0,418.3426294820717,979,94,0.3745019920318725,0.636165084354431,0.029626739411479766,0.5677162408828735,0.7624990344047546,0.5,0.2904066114949864,0.0,1.0,False,False,True,True,10048270336,ultrachat_572842::round_3|ultrachat_572842::round_2|ultrachat_572842::round_1|ultrachat_572842::round_0|sharegpt_uDliw4H_0::round_1|sharegpt_uDliw4H_0::round_0|sharegpt_lxjNrXL_11::round_2|sharegpt_lxjNrXL_11::round_1|sharegpt_lxjNrXL_11::round_0|ultrachat_19412::round_2,ultrachat_572842|ultrachat_572842|ultrachat_572842|ultrachat_572842|sharegpt_uDliw4H_0|sharegpt_uDliw4H_0|sharegpt_lxjNrXL_11|sharegpt_lxjNrXL_11|sharegpt_lxjNrXL_11|ultrachat_19412
a89d7624,IE,single-session-preference,2023/05/30 (Tue) 21:17,semantic,10,0.0,0.0,0.0,0.0,0.07659999937459361,,,251,2,1,True,0,0,0,0,418.3426294820717,979,94,0.3745019920318725,0.636165084354431,0.029626739411479766,0.5677162408828735,0.7624990344047546,0.5,0.2904066114949864,0.0,1.0,False,False,True,True,10048270336,39a056ae::round_1|39a056ae::round_5|ultrachat_383054::round_2|39a056ae::round_3|a479a7d6_4::round_0|ultrachat_383054::round_4|99f2f5b1_1::round_4|ultrachat_383054::round_3|3cb41ab8_4::round_1|ultrachat_383054::round_1,39a056ae|39a056ae|ultrachat_383054|39a056ae|a479a7d6_4|ultrachat_383054|99f2f5b1_1|ultrachat_383054|3cb41ab8_4|ultrachat_383054
a89d7624,IE,single-session-preference,2023/05/30 (Tue) 21:17,hybrid_minmax,10,0.0,0.0,0.0,0.0,0.07920000007288763,,,251,2,1,True,0,0,0,0,418.3426294820717,979,94,0.3745019920318725,0.636165084354431,0.029626739411479766,0.5677162408828735,0.7624990344047546,0.5,0.2904066114949864,0.0,1.0,False,False,True,True,10048270336,sharegpt_lxjNrXL_11::round_0|sharegpt_uDliw4H_0::round_0|a479a7d6_4::round_0|de11db87_1::round_5|fd778d8e::round_2|99f2f5b1_1::round_4|9d5af57c_2::round_5|a479a7d6_4::round_4|a479a7d6_4::round_2|fd778d8e::round_3,sharegpt_lxjNrXL_11|sharegpt_uDliw4H_0|a479a7d6_4|de11db87_1|fd778d8e|99f2f5b1_1|9d5af57c_2|a479a7d6_4|a479a7d6_4|fd778d8e
a89d7624,IE,single-session-preference,2023/05/30 (Tue) 21:17,hybrid_rrf,10,0.0,0.0,0.0,0.0,0.07810000079189194,,,251,2,1,True,0,0,0,0,418.3426294820717,979,94,0.3745019920318725,0.636165084354431,0.029626739411479766,0.5677162408828735,0.7624990344047546,0.5,0.2904066114949864,0.0,1.0,False,False,True,True,10048270336,sharegpt_lxjNrXL_11::round_0|sharegpt_uDliw4H_0::round_0|a479a7d6_4::round_0|99f2f5b1_1::round_4|fd778d8e::round_2|9d5af57c_2::round_5|de11db87_1::round_5|a479a7d6_4::round_4|a479a7d6_4::round_2|sharegpt_lxjNrXL_11::round_2,sharegpt_lxjNrXL_11|sharegpt_uDliw4H_0|a479a7d6_4|99f2f5b1_1|fd778d8e|9d5af57c_2|de11db87_1|a479a7d6_4|a479a7d6_4|sharegpt_lxjNrXL_11
38146c39,IE,single-session-preference,2023/05/30 (Tue) 20:02,recency,5,0.0,0.0,0.0,0.0,0.016199999663513154,,,271,1,1,True,0,0,0,0,393.99261992619927,2082,90,0.33210332103321033,0.6378799533931971,0.026825236533931904,0.5771229863166809,0.7186816334724426,0.5,0.29027839309206843,0.0,1.0,False,False,True,True,10048196608,sharegpt_yBVQLaX_15::round_2|sharegpt_yBVQLaX_15::round_1|sharegpt_yBVQLaX_15::round_0|sharegpt_9d6fP4m_81::round_3|sharegpt_9d6fP4m_81::round_2,sharegpt_yBVQLaX_15|sharegpt_yBVQLaX_15|sharegpt_yBVQLaX_15|sharegpt_9d6fP4m_81|sharegpt_9d6fP4m_81
38146c39,IE,single-session-preference,2023/05/30 (Tue) 20:02,semantic,5,0.0,0.0,0.0,0.0,0.08069999967119657,,,271,1,1,True,0,0,0,0,393.99261992619927,2082,90,0.33210332103321033,0.6378799533931971,0.026825236533931904,0.5771229863166809,0.7186816334724426,0.5,0.29027839309206843,0.0,1.0,False,False,True,True,10048196608,87aaee77::round_5|467db12a::round_4|286aa281_5::round_2|87472dfd_3::round_1|5806662d_1::round_4,87aaee77|467db12a|286aa281_5|87472dfd_3|5806662d_1
38146c39,IE,single-session-preference,2023/05/30 (Tue) 20:02,recency,10,0.0,0.0,0.0,0.0,0.01669999983278103,,,271,1,1,True,0,0,0,0,393.99261992619927,2082,90,0.33210332103321033,0.6378799533931971,0.026825236533931904,0.5771229863166809,0.7186816334724426,0.5,0.29027839309206843,0.0,1.0,False,False,True,True,10048196608,sharegpt_yBVQLaX_15::round_2|sharegpt_yBVQLaX_15::round_1|sharegpt_yBVQLaX_15::round_0|sharegpt_9d6fP4m_81::round_3|sharegpt_9d6fP4m_81::round_2|sharegpt_9d6fP4m_81::round_1|sharegpt_9d6fP4m_81::round_0|87aaee77::round_5|87aaee77::round_4|87aaee77::round_3,sharegpt_yBVQLaX_15|sharegpt_yBVQLaX_15|sharegpt_yBVQLaX_15|sharegpt_9d6fP4m_81|sharegpt_9d6fP4m_81|sharegpt_9d6fP4m_81|sharegpt_9d6fP4m_81|87aaee77|87aaee77|87aaee77
38146c39,IE,single-session-preference,2023/05/30 (Tue) 20:02,semantic,10,0.0,0.0,0.0,0.0,0.08259999958681874,,,271,1,1,True,0,0,0,0,393.99261992619927,2082,90,0.33210332103321033,0.6378799533931971,0.026825236533931904,0.5771229863166809,0.7186816334724426,0.5,0.29027839309206843,0.0,1.0,False,False,True,True,10048196608,87aaee77::round_5|467db12a::round_4|286aa281_5::round_2|87472dfd_3::round_1|5806662d_1::round_4|909d57ca_2::round_4|8064b6ca::round_4|87472dfd_3::round_0|87472dfd_3::round_2|15ed03f0_1::round_5,87aaee77|467db12a|286aa281_5|87472dfd_3|5806662d_1|909d57ca_2|8064b6ca|87472dfd_3|87472dfd_3|15ed03f0_1
38146c39,IE,single-session-preference,2023/05/30 (Tue) 20:02,hybrid_minmax,10,0.0,0.0,0.0,0.0,0.08089999937510584,,,271,1,1,True,0,0,0,0,393.99261992619927,2082,90,0.33210332103321033,0.6378799533931971,0.026825236533931904,0.5771229863166809,0.7186816334724426,0.5,0.29027839309206843,0.0,1.0,False,False,True,True,10048196608,87aaee77::round_5|87aaee77::round_3|87472dfd_3::round_1|87472dfd_3::round_2|87472dfd_3::round_0|87aaee77::round_4|286aa281_5::round_2|87472dfd_3::round_5|ultrachat_321216::round_5|87472dfd_3::round_3,87aaee77|87aaee77|87472dfd_3|87472dfd_3|87472dfd_3|87aaee77|286aa281_5|87472dfd_3|ultrachat_321216|87472dfd_3
38146c39,IE,single-session-preference,2023/05/30 (Tue) 20:02,hybrid_rrf,10,0.0,0.0,0.0,0.0,0.08209999941755086,,,271,1,1,True,0,0,0,0,393.99261992619927,2082,90,0.33210332103321033,0.6378799533931971,0.026825236533931904,0.5771229863166809,0.7186816334724426,0.5,0.29027839309206843,0.0,1.0,False,False,True,True,10048196608,87aaee77::round_5|87aaee77::round_3|87472dfd_3::round_1|87aaee77::round_4|87472dfd_3::round_2|87472dfd_3::round_0|286aa281_5::round_2|87472dfd_3::round_5|87472dfd_3::round_3|ultrachat_321216::round_5,87aaee77|87aaee77|87472dfd_3|87aaee77|87472dfd_3|87472dfd_3|286aa281_5|87472dfd_3|87472dfd_3|ultrachat_321216
1da05512,IE,single-session-preference,2023/05/30 (Tue) 15:33,recency,5,0.0,0.0,0.0,0.0,0.015099999473022763,,,232,2,1,True,0,0,0,0,459.74568965517244,887,99,0.4267241379310345,0.6231730051081756,0.024191938583125887,0.577100396156311,0.702440619468689,0.5,0.29054897658627393,0.0,1.0,False,False,True,True,10048356352,sharegpt_AtnznbL_0::round_0|370bf05f_1::round_5|370bf05f_1::round_4|370bf05f_1::round_3|370bf05f_1::round_2,sharegpt_AtnznbL_0|370bf05f_1|370bf05f_1|370bf05f_1|370bf05f_1
1da05512,IE,single-session-preference,2023/05/30 (Tue) 15:33,semantic,5,0.0,0.0,0.0,0.0,0.06940000002941815,,,232,2,1,True,0,0,0,0,459.74568965517244,887,99,0.4267241379310345,0.6231730051081756,0.024191938583125887,0.577100396156311,0.702440619468689,0.5,0.29054897658627393,0.0,1.0,False,False,True,True,10048356352,f2565b3b_2::round_0|f2565b3b_2::round_1|ultrachat_224959::round_2|f2565b3b_2::round_5|aea71da3_2::round_1,f2565b3b_2|f2565b3b_2|ultrachat_224959|f2565b3b_2|aea71da3_2
1da05512,IE,single-session-preference,2023/05/30 (Tue) 15:33,hybrid_minmax,5,0.0,0.0,0.0,0.0,0.06930000017746352,,,232,2,1,True,0,0,0,0,459.74568965517244,887,99,0.4267241379310345,0.6231730051081756,0.024191938583125887,0.577100396156311,0.702440619468689,0.5,0.29054897658627393,0.0,1.0,False,False,True,True,10048356352,f2565b3b_2::round_0|f2565b3b_2::round_1|aea71da3_2::round_1|f2565b3b_2::round_5|aea71da3_2::round_2,f2565b3b_2|f2565b3b_2|aea71da3_2|f2565b3b_2|aea71da3_2
1da05512,IE,single-session-preference,2023/05/30 (Tue) 15:33,hybrid_rrf,5,0.0,0.0,0.0,0.0,0.0855999996929313,,,232,2,1,True,0,0,0,0,459.74568965517244,887,99,0.4267241379310345,0.6231730051081756,0.024191938583125887,0.577100396156311,0.702440619468689,0.5,0.29054897658627393,0.0,1.0,False,False,True,True,10048356352,aea71da3_2::round_1|370bf05f_1::round_4|aea71da3_2::round_2|aea71da3_2::round_3|f2565b3b_2::round_0,aea71da3_2|370bf05f_1|aea71da3_2|aea71da3_2|f2565b3b_2
1da05512,IE,single-session-preference,2023/05/30 (Tue) 15:33,recency,10,0.0,0.0,0.0,0.0,0.014500000361294951,,,232,2,1,True,0,0,0,0,459.74568965517244,887,99,0.4267241379310345,0.6231730051081756,0.024191938583125887,0.577100396156311,0.702440619468689,0.5,0.29054897658627393,0.0,1.0,False,False,True,True,10048356352,sharegpt_AtnznbL_0::round_0|370bf05f_1::round_5|370bf05f_1::round_4|370bf05f_1::round_3|370bf05f_1::round_2|370bf05f_1::round_1|370bf05f_1::round_0|aea71da3_2::round_5|aea71da3_2::round_4|aea71da3_2::round_3,sharegpt_AtnznbL_0|370bf05f_1|370bf05f_1|370bf05f_1|370bf05f_1|370bf05f_1|370bf05f_1|aea71da3_2|aea71da3_2|aea71da3_2
1da05512,IE,single-session-preference,2023/05/30 (Tue) 15:33,semantic,10,0.0,0.0,0.0,0.0,0.06940000002941815,,,232,2,1,True,0,0,0,0,459.74568965517244,887,99,0.4267241379310345,0.6231730051081756,0.024191938583125887,0.577100396156311,0.702440619468689,0.5,0.29054897658627393,0.0,1.0,False,False,True,True,10048356352,f2565b3b_2::round_0|f2565b3b_2::round_1|ultrachat_224959::round_2|f2565b3b_2::round_5|aea71da3_2::round_1|sharegpt_eSTYwMj_14::round_0|sharegpt_eSTYwMj_14::round_1|5dac7cc2_2::round_3|aea71da3_2::round_2|aea71da3_2::round_3,f2565b3b_2|f2565b3b_2|ultrachat_224959|f2565b3b_2|aea71da3_2|sharegpt_eSTYwMj_14|sharegpt_eSTYwMj_14|5dac7cc2_2|aea71da3_2|aea71da3_2
1da05512,IE,single-session-preference,2023/05/30 (Tue) 15:33,hybrid_minmax,10,0.0,0.0,0.0,0.0,0.07220000043162145,,,232,2,1,True,0,0,0,0,459.74568965517244,887,99,0.4267241379310345,0.6231730051081756,0.024191938583125887,0.577100396156311,0.702440619468689,0.5,0.29054897658627393,0.0,1.0,False,False,True,True,10048356352,f2565b3b_2::round_0|f2565b3b_2::round_1|aea71da3_2::round_1|f2565b3b_2::round_5|aea71da3_2::round_2|aea71da3_2::round_3|370bf05f_1::round_4|5dac7cc2_2::round_3|370bf05f_1::round_3|aea71da3_2::round_4,f2565b3b_2|f2565b3b_2|aea71da3_2|f2565b3b_2|aea71da3_2|aea71da3_2|370bf05f_1|5dac7cc2_2|370bf05f_1|aea71da3_2
1da05512,IE,single-session-preference,2023/05/30 (Tue) 15:33,hybrid_rrf,10,0.0,0.0,0.0,0.0,0.07189999996626284,,,232,2,1,True,0,0,0,0,459.74568965517244,887,99,0.4267241379310345,0.6231730051081756,0.024191938583125887,0.577100396156311,0.702440619468689,0.5,0.29054897658627393,0.0,1.0,False,False,True,True,10048356352,aea71da3_2::round_1|370bf05f_1::round_4|aea71da3_2::round_2|aea71da3_2::round_3|f2565b3b_2::round_0|f2565b3b_2::round_5|f2565b3b_2::round_1|370bf05f_1::round_3|aea71da3_2::round_4|sharegpt_AtnznbL_0::round_0,aea71da3_2|370bf05f_1|aea71da3_2|aea71da3_2|f2565b3b_2|f2565b3b_2|f2565b3b_2|370bf05f_1|aea71da3_2|sharegpt_AtnznbL_0
1c0ddc50,IE,single-session-preference,2023/05/30 (Tue) 13:09,semantic,5,0.0,0.0,0.0,0.0,0.08560000060242601,,,278,2,1,True,0,0,0,0,383.10791366906477,881,78,0.2805755395683453,0.6575805025992634,0.03442187089276554,0.5737655758857727,0.7930986881256104,0.5,0.290237889594276,0.0,1.0,False,False,True,True,10047737856,2aa70c9c_1::round_3|ultrachat_494933::round_2|a0aa5035::round_3|2aa70c9c_1::round_0|2aa70c9c_1::round_5,2aa70c9c_1|ultrachat_494933|a0aa5035|2aa70c9c_1|2aa70c9c_1
1c0ddc50,IE,single-session-preference,2023/05/30 (Tue) 13:09,hybrid_minmax,5,0.0,0.0,0.0,0.0,0.0822000001790002,,,278,2,1,True,0,0,0,0,383.10791366906477,881,78,0.2805755395683453,0.6575805025992634,0.03442187089276554,0.5737655758857727,0.7930986881256104,0.5,0.290237889594276,0.0,1.0,False,False,True,True,10047737856,ultrachat_494933::round_2|sharegpt_fVpT6Aa_35::round_6|sharegpt_fVpT6Aa_35::round_5|sharegpt_fVpT6Aa_35::round_3|sharegpt_fVpT6Aa_35::round_4,ultrachat_494933|sharegpt_fVpT6Aa_35|sharegpt_fVpT6Aa_35|sharegpt_fVpT6Aa_35|sharegpt_fVpT6Aa_35
1c0ddc50,IE,single-session-preference,2023/05/30 (Tue) 13:09,recency,10,0.0,0.0,0.0,0.0,0.017699999261822086,,,278,2,1,True,0,0,0,0,383.10791366906477,881,78,0.2805755395683453,0.6575805025992634,0.03442187089276554,0.5737655758857727,0.7930986881256104,0.5,0.290237889594276,0.0,1.0,False,False,True,True,10047737856,sharegpt_fVpT6Aa_35::round_10|sharegpt_fVpT6Aa_35::round_9|sharegpt_fVpT6Aa_35::round_8|sharegpt_fVpT6Aa_35::round_7|sharegpt_fVpT6Aa_35::round_6|sharegpt_fVpT6Aa_35::round_5|sharegpt_fVpT6Aa_35::round_4|sharegpt_fVpT6Aa_35::round_3|sharegpt_fVpT6Aa_35::round_2|sharegpt_fVpT6Aa_35::round_1,sharegpt_fVpT6Aa_35|sharegpt_fVpT6Aa_35|sharegpt_fVpT6Aa_35|sharegpt_fVpT6Aa_35|sharegpt_fVpT6Aa_35|sharegpt_fVpT6Aa_35|sharegpt_fVpT6Aa_35|sharegpt_fVpT6Aa_35|sharegpt_fVpT6Aa_35|sharegpt_fVpT6Aa_35
1c0ddc50,IE,single-session-preference,2023/05/30 (Tue) 13:09,semantic,10,0.0,0.0,0.0,0.0,0.08479999996779952,,,278,2,1,True,0,0,0,0,383.10791366906477,881,78,0.2805755395683453,0.6575805025992634,0.03442187089276554,0.5737655758857727,0.7930986881256104,0.5,0.290237889594276,0.0,1.0,False,False,True,True,10047737856,2aa70c9c_1::round_3|ultrachat_494933::round_2|a0aa5035::round_3|2aa70c9c_1::round_0|2aa70c9c_1::round_5|b33e89b5_1::round_3|2aa70c9c_1::round_4|0a7d5bf6_2::round_1|2aa70c9c_1::round_2|2566382f_2::round_3,2aa70c9c_1|ultrachat_494933|a0aa5035|2aa70c9c_1|2aa70c9c_1|b33e89b5_1|2aa70c9c_1|0a7d5bf6_2|2aa70c9c_1|2566382f_2
1c0ddc50,IE,single-session-preference,2023/05/30 (Tue) 13:09,hybrid_raw,10,0.0,0.0,0.0,0.0,0.08100000013655517,,,278,2,1,True,0,0,0,0,383.10791366906477,881,78,0.2805755395683453,0.6575805025992634,0.03442187089276554,0.5737655758857727,0.7930986881256104,0.5,0.290237889594276,0.0,1.0,False,False,True,True,10047737856,sharegpt_fVpT6Aa_35::round_6|sharegpt_fVpT6Aa_35::round_10|sharegpt_fVpT6Aa_35::round_5|sharegpt_fVpT6Aa_35::round_4|sharegpt_fVpT6Aa_35::round_3|sharegpt_fVpT6Aa_35::round_2|sharegpt_fVpT6Aa_35::round_9|sharegpt_fVpT6Aa_35::round_1|sharegpt_fVpT6Aa_35::round_7|sharegpt_fVpT6Aa_35::round_8,sharegpt_fVpT6Aa_35|sharegpt_fVpT6Aa_35|sharegpt_fVpT6Aa_35|sharegpt_fVpT6Aa_35|sharegpt_fVpT6Aa_35|sharegpt_fVpT6Aa_35|sharegpt_fVpT6Aa_35|sharegpt_fVpT6Aa_35|sharegpt_fVpT6Aa_35|sharegpt_fVpT6Aa_35
1c0ddc50,IE,single-session-preference,2023/05/30 (Tue) 13:09,hybrid_minmax,10,0.0,0.0,0.0,0.0,0.08649999927001772,,,278,2,1,True,0,0,0,0,383.10791366906477,881,78,0.2805755395683453,0.6575805025992634,0.03442187089276554,0.5737655758857727,0.7930986881256104,0.5,0.290237889594276,0.0,1.0,False,False,True,True,10047737856,ultrachat_494933::round_2|sharegpt_fVpT6Aa_35::round_6|sharegpt_fVpT6Aa_35::round_5|sharegpt_fVpT6Aa_35::round_3|sharegpt_fVpT6Aa_35::round_4|sharegpt_fVpT6Aa_35::round_2|sharegpt_fVpT6Aa_35::round_10|sharegpt_fVpT6Aa_35::round_1|sharegpt_fVpT6Aa_35::round_0|ultrachat_387846::round_4,ultrachat_494933|sharegpt_fVpT6Aa_35|sharegpt_fVpT6Aa_35|sharegpt_fVpT6Aa_35|sharegpt_fVpT6Aa_35|sharegpt_fVpT6Aa_35|sharegpt_fVpT6Aa_35|sharegpt_fVpT6Aa_35|sharegpt_fVpT6Aa_35|ultrachat_387846
1c0ddc50,IE,single-session-preference,2023/05/30 (Tue) 13:09,hybrid_rrf,10,0.0,0.0,0.0,0.0,0.08419999994657701,,,278,2,1,True,0,0,0,0,383.10791366906477,881,78,0.2805755395683453,0.6575805025992634,0.03442187089276554,0.5737655758857727,0.7930986881256104,0.5,0.290237889594276,0.0,1.0,False,False,True,True,10047737856,sharegpt_fVpT6Aa_35::round_6|sharegpt_fVpT6Aa_35::round_5|sharegpt_fVpT6Aa_35::round_3|sharegpt_fVpT6Aa_35::round_4|sharegpt_fVpT6Aa_35::round_2|sharegpt_fVpT6Aa_35::round_10|ultrachat_494933::round_2|sharegpt_fVpT6Aa_35::round_1|sharegpt_fVpT6Aa_35::round_9|sharegpt_fVpT6Aa_35::round_0,sharegpt_fVpT6Aa_35|sharegpt_fVpT6Aa_35|sharegpt_fVpT6Aa_35|sharegpt_fVpT6Aa_35|sharegpt_fVpT6Aa_35|sharegpt_fVpT6Aa_35|ultrachat_494933|sharegpt_fVpT6Aa_35|sharegpt_fVpT6Aa_35|sharegpt_fVpT6Aa_35
0a34ad58,IE,single-session-preference,2023/05/30 (Tue) 22:40,semantic,5,1.0,1.0,1.0,1.0,0.07230000028357608,,,243,2,1,True,0,0,0,0,433.5432098765432,873,92,0.3786008230452675,0.6375085314114889,0.03199815029258229,0.5605149865150452,0.7451519966125488,0.5,0.2904638309221483,0.0,1.0,False,False,True,True,10047737856,answer_cebb7159::round_1|answer_cebb7159::round_9|answer_cebb7159::round_3|answer_cebb7159::round_2|answer_cebb7159::round_8,answer_cebb7159|answer_cebb7159|answer_cebb7159|answer_cebb7159|answer_cebb7159
0a34ad58,IE,single-session-preference,2023/05/30 (Tue) 22:40,hybrid_minmax,5,0.0,0.0,0.0,0.0,0.07240000013553072,,,243,2,1,True,0,0,0,0,433.5432098765432,873,92,0.3786008230452675,0.6375085314114889,0.03199815029258229,0.5605149865150452,0.7451519966125488,0.5,0.2904638309221483,0.0,1.0,False,False,True,True,10047737856,5c0574b1::round_0|90342357_3::round_3|38e81260_1::round_2|5c0574b1::round_3|5c0574b1::round_1,5c0574b1|90342357_3|38e81260_1|5c0574b1|5c0574b1
0a34ad58,IE,single-session-preference,2023/05/30 (Tue) 22:40,hybrid_rrf,5,0.0,0.0,0.0,0.0,0.0729000003047986,,,243,2,1,True,0,0,0,0,433.5432098765432,873,92,0.3786008230452675,0.6375085314114889,0.03199815029258229,0.5605149865150452,0.7451519966125488,0.5,0.2904638309221483,0.0,1.0,False,False,True,True,10047737856,5c0574b1::round_0|5c0574b1::round_3|90342357_3::round_3|38e81260_1::round_2|5c0574b1::round_1,5c0574b1|5c0574b1|90342357_3|38e81260_1|5c0574b1
0a34ad58,IE,single-session-preference,2023/05/30 (Tue) 22:40,recency,10,0.0,0.0,0.0,0.0,0.0152000002344721,,,243,2,1,True,0,0,0,0,433.5432098765432,873,92,0.3786008230452675,0.6375085314114889,0.03199815029258229,0.5605149865150452,0.7451519966125488,0.5,0.2904638309221483,0.0,1.0,False,False,True,True,10047737856,5c0574b1::round_5|5c0574b1::round_4|5c0574b1::round_3|5c0574b1::round_2|5c0574b1::round_1|5c0574b1::round_0|38e81260_1::round_5|38e81260_1::round_4|38e81260_1::round_3|38e81260_1::round_2,5c0574b1|5c0574b1|5c0574b1|5c0574b1|5c0574b1|5c0574b1|38e81260_1|38e81260_1|38e81260_1|38e81260_1
0a34ad58,IE,single-session-preference,2023/05/30 (Tue) 22:40,semantic,10,1.0,1.0,1.0,1.0,0.07199999981821747,,,243,2,1,True,0,0,0,0,433.5432098765432,873,92,0.3786008230452675,0.6375085314114889,0.03199815029258229,0.5605149865150452,0.7451519966125488,0.5,0.2904638309221483,0.0,1.0,False,False,True,True,10047737856,answer_cebb7159::round_1|answer_cebb7159::round_9|answer_cebb7159::round_3|answer_cebb7159::round_2|answer_cebb7159::round_8|answer_cebb7159::round_4|5c0574b1::round_0|answer_cebb7159::round_7|answer_cebb7159::round_0|answer_cebb7159::round_6,answer_cebb7159|answer_cebb7159|answer_cebb7159|answer_cebb7159|answer_cebb7159|answer_cebb7159|5c0574b1|answer_cebb7159|answer_cebb7159|answer_cebb7159
195a1a1b,IE,single-session-preference,2023/05/30 (Tue) 22:28,recency,5,0.0,0.0,1.0,0.0,0.015900000107649248,,,258,1,1,True,0,0,0,0,406.8255813953488,5449,85,0.32945736434108525,0.6464769368947938,0.03286726498328639,0.5829370021820068,0.7541842460632324,0.5,0.2903594657633106,0.0,1.0,False,False,True,True,10048356352,answer_6dc4305e::round_7|answer_6dc4305e::round_6|answer_6dc4305e::round_5|answer_6dc4305e::round_4|answer_6dc4305e::round_3,answer_6dc4305e|answer_6dc4305e|answer_6dc4305e|answer_6dc4305e|answer_6dc4305e
195a1a1b,IE,single-session-preference,2023/05/30 (Tue) 22:28,semantic,5,1.0,1.0,1.0,1.0,0.07699999969190685,,,258,1,1,True,0,0,0,0,406.8255813953488,5449,85,0.32945736434108525,0.6464769368947938,0.03286726498328639,0.5829370021820068,0.7541842460632324,0.5,0.2903594657633106,0.0,1.0,False,False,True,True,10048356352,ed9dad6c_2::round_0|answer_6dc4305e::round_2|9f12daa1_1::round_1|89a1800c_2::round_2|9b90460f_3::round_4,ed9dad6c_2|answer_6dc4305e|9f12daa1_1|89a1800c_2|9b90460f_3
195a1a1b,IE,single-session-preference,2023/05/30 (Tue) 22:28,hybrid_raw,5,1.0,1.0,1.0,1.0,0.07350000032602111,,,258,1,1,True,0,0,0,0,406.8255813953488,5449,85,0.32945736434108525,0.6464769368947938,0.03286726498328639,0.5829370021820068,0.7541842460632324,0.5,0.2903594657633106,0.0,1.0,False,False,True,True,10048356352,answer_6dc4305e::round_2|answer_6dc4305e::round_3|answer_6dc4305e::round_4|answer_6dc4305e::round_1|answer_6dc4305e::round_6,answer_6dc4305e|answer_6dc4305e|answer_6dc4305e|answer_6dc4305e|answer_6dc4305e
195a1a1b,IE,single-session-preference,2023/05/30 (Tue) 22:28,hybrid_minmax,5,1.0,1.0,1.0,1.0,0.07759999971312936,,,258,1,1,True,0,0,0,0,406.8255813953488,5449,85,0.32945736434108525,0.6464769368947938,0.03286726498328639,0.5829370021820068,0.7541842460632324,0.5,0.2903594657633106,0.0,1.0,False,False,True,True,10048356352,answer_6dc4305e::round_2|ed9dad6c_2::round_0|9f12daa1_1::round_1|answer_6dc4305e::round_3|9f12daa1_1::round_5,answer_6dc4305e|ed9dad6c_2|9f12daa1_1|answer_6dc4305e|9f12daa1_1
195a1a1b,IE,single-session-preference,2023/05/30 (Tue) 22:28,hybrid_rrf,5,1.0,1.0,1.0,1.0,0.11489999997138511,,,258,1,1,True,0,0,0,0,406.8255813953488,5449,85,0.32945736434108525,0.6464769368947938,0.03286726498328639,0.5829370021820068,0.7541842460632324,0.5,0.2903594657633106,0.0,1.0,False,False,True,True,10048356352,answer_6dc4305e::round_2|answer_6dc4305e::round_3|ed9dad6c_2::round_0|answer_6dc4305e::round_1|answer_6dc4305e::round_4,answer_6dc4305e|answer_6dc4305e|ed9dad6c_2|answer_6dc4305e|answer_6dc4305e
195a1a1b,IE,single-session-preference,2023/05/30 (Tue) 22:28,recency,10,1.0,1.0,1.0,1.0,0.015700000403739978,,,258,1,1,True,0,0,0,0,406.8255813953488,5449,85,0.32945736434108525,0.6464769368947938,0.03286726498328639,0.5829370021820068,0.7541842460632324,0.5,0.2903594657633106,0.0,1.0,False,False,True,True,10048356352,answer_6dc4305e::round_7|answer_6dc4305e::round_6|answer_6dc4305e::round_5|answer_6dc4305e::round_4|answer_6dc4305e::round_3|answer_6dc4305e::round_2|answer_6dc4305e::round_1|answer_6dc4305e::round_0|eaebcc81_2::round_5|eaebcc81_2::round_4,answer_6dc4305e|answer_6dc4305e|answer_6dc4305e|answer_6dc4305e|answer_6dc4305e|answer_6dc4305e|answer_6dc4305e|answer_6dc4305e|eaebcc81_2|eaebcc81_2
195a1a1b,IE,single-session-preference,2023/05/30 (Tue) 22:28,semantic,10,1.0,1.0,1.0,1.0,0.07709999954386149,,,258,1,1,True,0,0,0,0,406.8255813953488,5449,85,0.32945736434108525,0.6464769368947938,0.03286726498328639,0.5829370021820068,0.7541842460632324,0.5,0.2903594657633106,0.0,1.0,False,False,True,True,10048356352,ed9dad6c_2::round_0|answer_6dc4305e::round_2|9f12daa1_1::round_1|89a1800c_2::round_2|9b90460f_3::round_4|89a1800c_2::round_5|89a1800c_2::round_1|9f12daa1_1::round_5|sharegpt_buGcwO5_0::round_1|1b71c896_2::round_0,ed9dad6c_2|answer_6dc4305e|9f12daa1_1|89a1800c_2|9b90460f_3|89a1800c_2|89a1800c_2|9f12daa1_1|sharegpt_buGcwO5_0|1b71c896_2
195a1a1b,IE,single-session-preference,2023/05/30 (Tue) 22:28,hybrid_raw,10,1.0,1.0,1.0,1.0,0.07370000002993038,,,258,1,1,True,0,0,0,0,406.8255813953488,5449,85,0.32945736434108525,0.6464769368947938,0.03286726498328639,0.5829370021820068,0.7541842460632324,0.5,0.2903594657633106,0.0,1.0,False,False,True,True,10048356352,answer_6dc4305e::round_2|answer_6dc4305e::round_3|answer_6dc4305e::round_4|answer_6dc4305e::round_1|answer_6dc4305e::round_6|answer_6dc4305e::round_7|ed9dad6c_2::round_0|answer_6dc4305e::round_5|answer_6dc4305e::round_0|eaebcc81_2::round_5,answer_6dc4305e|answer_6dc4305e|answer_6dc4305e|answer_6dc4305e|answer_6dc4305e|answer_6dc4305e|ed9dad6c_2|answer_6dc4305e|answer_6dc4305e|eaebcc81_2
195a1a1b,IE,single-session-preference,2023/05/30 (Tue) 22:28,hybrid_minmax,10,1.0,1.0,1.0,1.0,0.07720000030531082,,,258,1,1,True,0,0,0,0,406.8255813953488,5449,85,0.32945736434108525,0.6464769368947938,0.03286726498328639,0.5829370021820068,0.7541842460632324,0.5,0.2903594657633106,0.0,1.0,False,False,True,True,10048356352,answer_6dc4305e::round_2|ed9dad6c_2::round_0|9f12daa1_1::round_1|answer_6dc4305e::round_3|9f12daa1_1::round_5|answer_6dc4305e::round_1|answer_6dc4305e::round_4|ed9dad6c_2::round_2|9f12daa1_1::round_0|answer_6dc4305e::round_0,answer_6dc4305e|ed9dad6c_2|9f12daa1_1|answer_6dc4305e|9f12daa1_1|answer_6dc4305e|answer_6dc4305e|ed9dad6c_2|9f12daa1_1|answer_6dc4305e
195a1a1b,IE,single-session-preference,2023/05/30 (Tue) 22:28,hybrid_rrf,10,1.0,1.0,1.0,1.0,0.07789999926899327,,,258,1,1,True,0,0,0,0,406.8255813953488,5449,85,0.32945736434108525,0.6464769368947938,0.03286726498328639,0.5829370021820068,0.7541842460632324,0.5,0.2903594657633106,0.0,1.0,False,False,True,True,10048356352,answer_6dc4305e::round_2|answer_6dc4305e::round_3|ed9dad6c_2::round_0|answer_6dc4305e::round_1|answer_6dc4305e::round_4|9f12daa1_1::round_1|9f12daa1_1::round_5|answer_6dc4305e::round_6|answer_6dc4305e::round_7|answer_6dc4305e::round_0,answer_6dc4305e|answer_6dc4305e|ed9dad6c_2|answer_6dc4305e|answer_6dc4305e|9f12daa1_1|9f12daa1_1|answer_6dc4305e|answer_6dc4305e|answer_6dc4305e
fca70973,IE,single-session-preference,2023/08/15 (Tue) 23:59,recency,5,0.0,0.0,1.0,0.0,0.013799999578623101,,,222,1,1,True,0,0,0,0,479.34684684684686,5776,93,0.4189189189189189,0.6347381665899947,0.029086834627843932,0.5666520595550537,0.7578976154327393,0.5,0.29063373425384265,0.0,1.0,False,False,True,True,10048245760,answer_a1e169b1::round_5|answer_a1e169b1::round_4|answer_a1e169b1::round_3|answer_a1e169b1::round_2|answer_a1e169b1::round_1,answer_a1e169b1|answer_a1e169b1|answer_a1e169b1|answer_a1e169b1|answer_a1e169b1
fca70973,IE,single-session-preference,2023/08/15 (Tue) 23:59,semantic,5,1.0,1.0,1.0,1.0,0.07439999990310753,,,222,1,1,True,0,0,0,0,479.34684684684686,5776,93,0.4189189189189189,0.6347381665899947,0.029086834627843932,0.5666520595550537,0.7578976154327393,0.5,0.29063373425384265,0.0,1.0,False,False,True,True,10048245760,answer_a1e169b1::round_0|answer_a1e169b1::round_1|answer_a1e169b1::round_2|762a8b45_2::round_4|ultrachat_546214::round_1,answer_a1e169b1|answer_a1e169b1|answer_a1e169b1|762a8b45_2|ultrachat_546214
fca70973,IE,single-session-preference,2023/08/15 (Tue) 23:59,hybrid_raw,5,1.0,1.0,1.0,1.0,0.06599999960599234,,,222,1,1,True,0,0,0,0,479.34684684684686,5776,93,0.4189189189189189,0.6347381665899947,0.029086834627843932,0.5666520595550537,0.7578976154327393,0.5,0.29063373425384265,0.0,1.0,False,False,True,True,10048245760,answer_a1e169b1::round_0|answer_a1e169b1::round_1|answer_a1e169b1::round_2|answer_a1e169b1::round_4|answer_a1e169b1::round_5,answer_a1e169b1|answer_a1e169b1|answer_a1e169b1|answer_a1e169b1|answer_a1e169b1
fca70973,IE,single-session-preference,2023/08/15 (Tue) 23:59,hybrid_minmax,5,1.0,1.0,1.0,1.0,0.0656000001981738,,,222,1,1,True,0,0,0,0,479.34684684684686,5776,93,0.4189189189189189,0.6347381665899947,0.029086834627843932,0.5666520595550537,0.7578976154327393,0.5,0.29063373425384265,0.0,1.0,False,False,True,True,10048245760,answer_a1e169b1::round_0|answer_a1e169b1::round_1|answer_a1e169b1::round_2|fc005760::round_0|answer_a1e169b1::round_4,answer_a1e169b1|answer_a1e169b1|answer_a1e169b1|fc005760|answer_a1e169b1
fca70973,IE,single-session-preference,2023/08/15 (Tue) 23:59,hybrid_rrf,5,1.0,1.0,1.0,1.0,0.09030000001075678,,,222,1,1,True,0,0,0,0,479.34684684684686,5776,93,0.4189189189189189,0.6347381665899947,0.029086834627843932,0.5666520595550537,0.7578976154327393,0.5,0.29063373425384265,0.0,1.0,False,False,True,True,10048245760,answer_a1e169b1::round_0|answer_a1e169b1::round_1|answer_a1e169b1::round_2|answer_a1e169b1::round_4|answer_a1e169b1::round_5,answer_a1e169b1|answer_a1e169b1|answer_a1e169b1|answer_a1e169b1|answer_a1e169b1
fca70973,IE,single-session-preference,2023/08/15 (Tue) 23:59,recency,10,1.0,1.0,1.0,1.0,0.014199999895936344,,,222,1,1,True,0,0,0,0,479.34684684684686,5776,93,0.4189189189189189,0.6347381665899947,0.029086834627843932,0.5666520595550537,0.7578976154327393,0.5,0.29063373425384265,0.0,1.0,False,False,True,True,10048245760,answer_a1e169b1::round_5|answer_a1e169b1::round_4|answer_a1e169b1::round_3|answer_a1e169b1::round_2|answer_a1e169b1::round_1|answer_a1e169b1::round_0|99b061c5_1::round_5|99b061c5_1::round_4|99b061c5_1::round_3|99b061c5_1::round_2,answer_a1e169b1|answer_a1e169b1|answer_a1e169b1|answer_a1e169b1|answer_a1e169b1|answer_a1e169b1|99b061c5_1|99b061c5_1|99b061c5_1|99b061c5_1
fca70973,IE,single-session-preference,2023/08/15 (Tue) 23:59,semantic,10,1.0,1.0,1.0,1.0,0.06780000057915458,,,222,1,1,True,0,0,0,0,479.34684684684686,5776,93,0.4189189189189189,0.6347381665899947,0.029086834627843932,0.5666520595550537,0.7578976154327393,0.5,0.29063373425384265,0.0,1.0,False,False,True,True,10048245760,answer_a1e169b1::round_0|answer_a1e169b1::round_1|answer_a1e169b1::round_2|762a8b45_2::round_4|ultrachat_546214::round_1|fc005760::round_0|f504b269::round_0|sharegpt_TpiSm6y_0::round_1|sharegpt_TpiSm6y_0::round_2|sharegpt_vGZ5lH1_21::round_0,answer_a1e169b1|answer_a1e169b1|answer_a1e169b1|762a8b45_2|ultrachat_546214|fc005760|f504b269|sharegpt_TpiSm6y_0|sharegpt_TpiSm6y_0|sharegpt_vGZ5lH1_21
fca70973,IE,single-session-preference,2023/08/15 (Tue) 23:59,hybrid_minmax,10,1.0,1.0,1.0,1.0,0.06709999979648273,,,222,1,1,True,0,0,0,0,479.34684684684686,5776,93,0.4189189189189189,0.6347381665899947,0.029086834627843932,0.5666520595550537,0.7578976154327393,0.5,0.29063373425384265,0.0,1.0,False,False,True,True,10048245760,answer_a1e169b1::round_0|answer_a1e169b1::round_1|answer_a1e169b1::round_2|fc005760::round_0|answer_a1e169b1::round_4|answer_a1e169b1::round_5|99b061c5_1::round_5|f504b269::round_0|fc005760::round_1|sharegpt_Yuw2LhQ_4::round_0,answer_a1e169b1|answer_a1e169b1|answer_a1e169b1|fc005760|answer_a1e169b1|answer_a1e169b1|99b061c5_1|f504b269|fc005760|sharegpt_Yuw2LhQ_4
fca70973,IE,single-session-preference,2023/08/15 (Tue) 23:59,hybrid_rrf,10,1.0,1.0,1.0,1.0,0.068700000156241,,,222,1,1,True,0,0,0,0,479.34684684684686,5776,93,0.4189189189189189,0.6347381665899947,0.029086834627843932,0.5666520595550537,0.7578976154327393,0.5,0.29063373425384265,0.0,1.0,False,False,True,True,10048245760,answer_a1e169b1::round_0|answer_a1e169b1::round_1|answer_a1e169b1::round_2|answer_a1e169b1::round_4|answer_a1e169b1::round_5|fc005760::round_0|99b061c5_1::round_5|answer_a1e169b1::round_3|fc005760::round_1|sharegpt_Yuw2LhQ_4::round_0,answer_a1e169b1|answer_a1e169b1|answer_a1e169b1|answer_a1e169b1|answer_a1e169b1|fc005760|99b061c5_1|answer_a1e169b1|fc005760|sharegpt_Yuw2LhQ_4
09d032c9,IE,single-session-preference,2023/05/30 (Tue) 16:42,semantic,5,0.0,0.0,0.0,0.0,0.0718000001143082,,,242,1,1,True,0,0,0,0,432.3719008264463,855,94,0.3884297520661157,0.6219628871965014,0.0281883351763628,0.5698862671852112,0.7105406522750854,0.5,0.29047125036293864,0.0,1.0,False,False,True,True,10047737856,ultrachat_37105::round_2|ultrachat_510971::round_1|21ef2d05_1::round_4|21ef2d05_1::round_3|46bab85b::round_5,ultrachat_37105|ultrachat_510971|21ef2d05_1|21ef2d05_1|46bab85b
09d032c9,IE,single-session-preference,2023/05/30 (Tue) 16:42,hybrid_rrf,5,0.0,0.0,0.0,0.0,0.07300000015675323,,,242,1,1,True,0,0,0,0,432.3719008264463,855,94,0.3884297520661157,0.6219628871965014,0.0281883351763628,0.5698862671852112,0.7105406522750854,0.5,0.29047125036293864,0.0,1.0,False,False,True,True,10047737856,612e23f1::round_5|87e8ec02::round_5|21ef2d05_1::round_4|21ef2d05_1::round_3|e8bfacec_2::round_4,612e23f1|87e8ec02|21ef2d05_1|21ef2d05_1|e8bfacec_2
09d032c9,IE,single-session-preference,2023/05/30 (Tue) 16:42,hybrid_minmax,10,0.0,0.0,0.0,0.0,0.07509999977628468,,,242,1,1,True,0,0,0,0,432.3719008264463,855,94,0.3884297520661157,0.6219628871965014,0.0281883351763628,0.5698862671852112,0.7105406522750854,0.5,0.29047125036293864,0.0,1.0,False,False,True,True,10047737856,21ef2d05_1::round_4|21ef2d05_1::round_3|e8bfacec_2::round_0|e8bfacec_2::round_4|612e23f1::round_5|ultrachat_510971::round_1|e8bfacec_2::round_3|e8bfacec_2::round_5|21ef2d05_1::round_2|87e8ec02::round_5,21ef2d05_1|21ef2d05_1|e8bfacec_2|e8bfacec_2|612e23f1|ultrachat_510971|e8bfacec_2|e8bfacec_2|21ef2d05_1|87e8ec02
09d032c9,IE,single-session-preference,2023/05/30 (Tue) 16:42,hybrid_rrf,10,0.0,0.0,0.0,0.0,0.07540000024164328,,,242,1,1,True,0,0,0,0,432.3719008264463,855,94,0.3884297520661157,0.6219628871965014,0.0281883351763628,0.5698862671852112,0.7105406522750854,0.5,0.29047125036293864,0.0,1.0,False,False,True,True,10047737856,612e23f1::round_5|87e8ec02::round_5|21ef2d05_1::round_4|21ef2d05_1::round_3|e8bfacec_2::round_4|e8bfacec_2::round_0|612e23f1::round_2|e8bfacec_2::round_3|e8bfacec_2::round_5|f27e27f9_2::round_5,612e23f1|87e8ec02|21ef2d05_1|21ef2d05_1|e8bfacec_2|e8bfacec_2|612e23f1|e8bfacec_2|e8bfacec_2|f27e27f9_2
07b6f563,IE,single-session-preference,2023/05/30 (Tue) 21:46,semantic,5,0.5,1.0,1.0,0.5,0.07900000036897836,,,264,2,1,True,0,0,0,0,397.3333333333333,1409,93,0.3522727272727273,0.6493888452197566,0.028693612438215943,0.5709480047225952,0.7202887535095215,0.5,0.2903210519972787,0.0,1.0,False,False,True,True,10047737856,66ab6260::round_3|answer_d03098f9::round_1|39358a85_2::round_5|0ac1a6f9_2::round_4|55c267aa::round_5,66ab6260|answer_d03098f9|39358a85_2|0ac1a6f9_2|55c267aa
07b6f563,IE,single-session-preference,2023/05/30 (Tue) 21:46,hybrid_raw,5,0.0,0.0,0.0,0.0,0.07809999988239724,,,264,2,1,True,0,0,0,0,397.3333333333333,1409,93,0.3522727272727273,0.6493888452197566,0.028693612438215943,0.5709480047225952,0.7202887535095215,0.5,0.2903210519972787,0.0,1.0,False,False,True,True,10047737856,0ac1a6f9_2::round_4|ultrachat_392007::round_2|sharegpt_HPZHo9C_0::round_0|0ac1a6f9_2::round_5|fd18e0dd_2::round_5,0ac1a6f9_2|ultrachat_392007|sharegpt_HPZHo9C_0|0ac1a6f9_2|fd18e0dd_2
07b6f563,IE,single-session-preference,2023/05/30 (Tue) 21:46,hybrid_minmax,5,0.5,1.0,1.0,0.5,0.08519999937561806,,,264,2,1,True,0,0,0,0,397.3333333333333,1409,93,0.3522727272727273,0.6493888452197566,0.028693612438215943,0.5709480047225952,0.7202887535095215,0.5,0.2903210519972787,0.0,1.0,False,False,True,True,10047737856,0ac1a6f9_2::round_4|55c267aa::round_5|ultrachat_573623::round_2|ultrachat_573623::round_1|answer_d03098f9::round_1,0ac1a6f9_2|55c267aa|ultrachat_573623|ultrachat_573623|answer_d03098f9
07b6f563,IE,single-session-preference,2023/05/30 (Tue) 21:46,hybrid_rrf,5,0.5,1.0,1.0,0.5,0.0835999999253545,,,264,2,1,True,0,0,0,0,397.3333333333333,1409,93,0.3522727272727273,0.6493888452197566,0.028693612438215943,0.5709480047225952,0.7202887535095215,0.5,0.2903210519972787,0.0,1.0,False,False,True,True,10047737856,0ac1a6f9_2::round_4|55c267aa::round_5|ultrachat_573623::round_2|answer_d03098f9::round_1|ultrachat_573623::round_1,0ac1a6f9_2|55c267aa|ultrachat_573623|answer_d03098f9|ultrachat_573623
07b6f563,IE,single-session-preference,2023/05/30 (Tue) 21:46,recency,10,0.0,0.0,0.0,0.0,0.017299999854003545,,,264,2,1,True,0,0,0,0,397.3333333333333,1409,93,0.3522727272727273,0.6493888452197566,0.028693612438215943,0.5709480047225952,0.7202887535095215,0.5,0.2903210519972787,0.0,1.0,False,False,True,True,10047737856,sharegpt_HPZHo9C_0::round_0|ultrachat_392007::round_2|ultrachat_392007::round_1|ultrachat_392007::round_0|0ac1a6f9_2::round_5|0ac1a6f9_2::round_4|0ac1a6f9_2::round_3|0ac1a6f9_2::round_2|0ac1a6f9_2::round_1|0ac1a6f9_2::round_0,sharegpt_HPZHo9C_0|ultrachat_392007|ultrachat_392007|ultrachat_392007|0ac1a6f9_2|0ac1a6f9_2|0ac1a6f9_2|0ac1a6f9_2|0ac1a6f9_2|0ac1a6f9_2
07b6f563,IE,single-session-preference,2023/05/30 (Tue) 21:46,semantic,10,0.5,1.0,1.0,0.5,0.08230000003095483,,,264,2,1,True,0,0,0,0,397.3333333333333,1409,93,0.3522727272727273,0.6493888452197566,0.028693612438215943,0.5709480047225952,0.7202887535095215,0.5,0.2903210519972787,0.0,1.0,False,False,True,True,10047737856,66ab6260::round_3|answer_d03098f9::round_1|39358a85_2::round_5|0ac1a6f9_2::round_4|55c267aa::round_5|9baddc74::round_4|bbccfe79::round_4|bbccfe79::round_5|dcc7f430_1::round_1|66ab6260::round_5,66ab6260|answer_d03098f9|39358a85_2|0ac1a6f9_2|55c267aa|9baddc74|bbccfe79|bbccfe79|dcc7f430_1|66ab6260
07b6f563,IE,single-session-preference,2023/05/30 (Tue) 21:46,hybrid_raw,10,0.0,0.0,0.0,0.0,0.08040000011533266,,,264,2,1,True,0,0,0,0,397.3333333333333,1409,93,0.3522727272727273,0.6493888452197566,0.028693612438215943,0.5709480047225952,0.7202887535095215,0.5,0.2903210519972787,0.0,1.0,False,False,True,True,10047737856,0ac1a6f9_2::round_4|ultrachat_392007::round_2|sharegpt_HPZHo9C_0::round_0|0ac1a6f9_2::round_5|fd18e0dd_2::round_5|ultrachat_392007::round_1|ultrachat_392007::round_0|0ac1a6f9_2::round_0|0ac1a6f9_2::round_3|0ac1a6f9_2::round_1,0ac1a6f9_2|ultrachat_392007|sharegpt_HPZHo9C_0|0ac1a6f9_2|fd18e0dd_2|ultrachat_392007|ultrachat_392007|0ac1a6f9_2|0ac1a6f9_2|0ac1a6f9_2
07b6f563,IE,single-session-preference,2023/05/30 (Tue) 21:46,hybrid_minmax,10,0.5,1.0,1.0,0.5,0.0839000003907131,,,264,2,1,True,0,0,0,0,397.3333333333333,1409,93,0.3522727272727273,0.6493888452197566,0.028693612438215943,0.5709480047225952,0.7202887535095215,0.5,0.2903210519972787,0.0,1.0,False,False,True,True,10047737856,0ac1a6f9_2::round_4|55c267aa::round_5|ultrachat_573623::round_2|ultrachat_573623::round_1|answer_d03098f9::round_1|ultrachat_573623::round_0|fd18e0dd_2::round_5|39358a85_2::round_5|ultrachat_392007::round_2|answer_d03098f9::round_4,0ac1a6f9_2|55c267aa|ultrachat_573623|ultrachat_573623|answer_d03098f9|ultrachat_573623|fd18e0dd_2|39358a85_2|ultrachat_392007|answer_d03098f9
07b6f563,IE,single-session-preference,2023/05/30 (Tue) 21:46,hybrid_rrf,10,0.5,1.0,1.0,0.5,0.08309999975608662,,,264,2,1,True,0,0,0,0,397.3333333333333,1409,93,0.3522727272727273,0.6493888452197566,0.028693612438215943,0.5709480047225952,0.7202887535095215,0.5,0.2903210519972787,0.0,1.0,False,False,True,True,10047737856,0ac1a6f9_2::round_4|55c267aa::round_5|ultrachat_573623::round_2|answer_d03098f9::round_1|ultrachat_573623::round_1|ultrachat_392007::round_2|39358a85_2::round_5|ultrachat_573623::round_0|fd18e0dd_2::round_5|sharegpt_HPZHo9C_0::round_0,0ac1a6f9_2|55c267aa|ultrachat_573623|answer_d03098f9|ultrachat_573623|ultrachat_392007|39358a85_2|ultrachat_573623|fd18e0dd_2|sharegpt_HPZHo9C_0
35a27287,IE,single-session-preference,2023/05/30 (Tue) 22:15,semantic,5,0.6666666666666666,1.0,1.0,0.6666666666666666,0.08090000028460054,,,261,3,1,True,0,0,0,0,392.7586206896552,816,85,0.32567049808429116,0.6285396142937671,0.026829821514724513,0.5607795119285583,0.7698476910591125,0.5,0.2903400373322744,0.0,1.0,False,False,True,True,10048221184,answer_9b182436::round_1|answer_9b182436::round_6|58ae7c4f_3::round_4|answer_9b182436::round_3|ultrachat_267380::round_3,answer_9b182436|answer_9b182436|58ae7c4f_3|answer_9b182436|ultrachat_267380
35a27287,IE,single-session-preference,2023/05/30 (Tue) 22:15,hybrid_minmax,5,0.6666666666666666,1.0,1.0,0.6666666666666666,0.07559999994555255,,,261,3,1,True,0,0,0,0,392.7586206896552,816,85,0.32567049808429116,0.6285396142937671,0.026829821514724513,0.5607795119285583,0.7698476910591125,0.5,0.2903400373322744,0.0,1.0,False,False,True,True,10048221184,answer_9b182436::round_1|answer_9b182436::round_6|answer_9b182436::round_3|ultrachat_510702::round_5|ultrachat_510702::round_4,answer_9b182436|answer_9b182436|answer_9b182436|ultrachat_510702|ultrachat_510702
35a27287,IE,single-session-preference,2023/05/30 (Tue) 22:15,hybrid_rrf,5,0.6666666666666666,1.0,1.0,0.6666666666666666,0.08109999998850981,,,261,3,1,True,0,0,0,0,392.7586206896552,816,85,0.32567049808429116,0.6285396142937671,0.026829821514724513,0.5607795119285583,0.7698476910591125,0.5,0.2903400373322744,0.0,1.0,False,False,True,True,10048221184,ultrachat_510702::round_5|ultrachat_510702::round_4|e4a1b565_2::round_1|answer_9b182436::round_6|answer_9b182436::round_1,ultrachat_510702|ultrachat_510702|e4a1b565_2|answer_9b182436|answer_9b182436
35a27287,IE,single-session-preference,2023/05/30 (Tue) 22:15,semantic,10,0.6666666666666666,1.0,1.0,0.6666666666666666,0.08859999979904387,,,261,3,1,True,0,0,0,0,392.7586206896552,816,85,0.32567049808429116,0.6285396142937671,0.026829821514724513,0.5607795119285583,0.7698476910591125,0.5,0.2903400373322744,0.0,1.0,False,False,True,True,10048221184,answer_9b182436::round_1|answer_9b182436::round_6|58ae7c4f_3::round_4|answer_9b182436::round_3|ultrachat_267380::round_3|e4a1b565_2::round_1|58ae7c4f_3::round_0|58ae7c4f_3::round_2|58ae7c4f_3::round_3|880ee13e::round_1,answer_9b182436|answer_9b182436|58ae7c4f_3|answer_9b182436|ultrachat_267380|e4a1b565_2|58ae7c4f_3|58ae7c4f_3|58ae7c4f_3|880ee13e
35a27287,IE,single-session-preference,2023/05/30 (Tue) 22:15,hybrid_minmax,10,0.6666666666666666,1.0,1.0,0.6666666666666666,0.07749999986117473,,,261,3,1,True,0,0,0,0,392.7586206896552,816,85,0.32567049808429116,0.6285396142937671,0.026829821514724513,0.5607795119285583,0.7698476910591125,0.5,0.2903400373322744,0.0,1.0,False,False,True,True,10048221184,answer_9b182436::round_1|answer_9b182436::round_6|answer_9b182436::round_3|ultrachat_510702::round_5|ultrachat_510702::round_4|e4a1b565_2::round_1|ultrachat_267380::round_3|880ee13e::round_5|880ee13e::round_1|ultrachat_510702::round_3,answer_9b182436|answer_9b182436|answer_9b182436|ultrachat_510702|ultrachat_510702|e4a1b565_2|ultrachat_267380|880ee13e|880ee13e|ultrachat_510702
35a27287,IE,single-session-preference,2023/05/30 (Tue) 22:15,hybrid_rrf,10,0.6666666666666666,1.0,1.0,0.6666666666666666,0.07840000034775585,,,261,3,1,True,0,0,0,0,392.7586206896552,816,85,0.32567049808429116,0.6285396142937671,0.026829821514724513,0.5607795119285583,0.7698476910591125,0.5,0.2903400373322744,0.0,1.0,False,False,True,True,10048221184,ultrachat_510702::round_5|ultrachat_510702::round_4|e4a1b565_2::round_1|answer_9b182436::round_6|answer_9b182436::round_1|ultrachat_510702::round_1|ultrachat_510702::round_3|answer_9b182436::round_3|880ee13e::round_5|e4a1b565_2::round_2,ultrachat_510702|ultrachat_510702|e4a1b565_2|answer_9b182436|answer_9b182436|ultrachat_510702|ultrachat_510702|answer_9b182436|880ee13e|e4a1b565_2
75f70248,IE,single-session-preference,2023/05/30 (Tue) 17:51,hybrid_minmax,5,1.0,1.0,1.0,1.0,0.07019999975454994,,,234,1,1,True,0,0,0,0,451.21367521367523,787,103,0.44017094017094016,0.6029413245682024,0.025668926657997703,0.5381264686584473,0.7909318804740906,0.49999999999999994,0.29053289778671765,0.0,1.0,False,False,True,True,10047737856,answer_8ee04a2e::round_1|ultrachat_32122::round_5|adb1f904::round_5|answer_8ee04a2e::round_3|sharegpt_ijZ2Bps_0::round_0,answer_8ee04a2e|ultrachat_32122|adb1f904|answer_8ee04a2e|sharegpt_ijZ2Bps_0
75f70248,IE,single-session-preference,2023/05/30 (Tue) 17:51,hybrid_rrf,5,1.0,1.0,1.0,1.0,0.0718000001143082,,,234,1,1,True,0,0,0,0,451.21367521367523,787,103,0.44017094017094016,0.6029413245682024,0.025668926657997703,0.5381264686584473,0.7909318804740906,0.49999999999999994,0.29053289778671765,0.0,1.0,False,False,True,True,10047737856,ultrachat_32122::round_5|adb1f904::round_5|adb1f904::round_2|answer_8ee04a2e::round_1|answer_8ee04a2e::round_3,ultrachat_32122|adb1f904|adb1f904|answer_8ee04a2e|answer_8ee04a2e
75f70248,IE,single-session-preference,2023/05/30 (Tue) 17:51,recency,10,0.0,0.0,0.0,0.0,0.014500000361294951,,,234,1,1,True,0,0,0,0,451.21367521367523,787,103,0.44017094017094016,0.6029413245682024,0.025668926657997703,0.5381264686584473,0.7909318804740906,0.49999999999999994,0.29053289778671765,0.0,1.0,False,False,True,True,10047737856,ultrachat_278874::round_3|ultrachat_278874::round_2|ultrachat_278874::round_1|ultrachat_278874::round_0|ultrachat_309088::round_4|ultrachat_309088::round_3|ultrachat_309088::round_2|ultrachat_309088::round_1|ultrachat_309088::round_0|sharegpt_ijZ2Bps_0::round_3,ultrachat_278874|ultrachat_278874|ultrachat_278874|ultrachat_278874|ultrachat_309088|ultrachat_309088|ultrachat_309088|ultrachat_309088|ultrachat_309088|sharegpt_ijZ2Bps_0
75f70248,IE,single-session-preference,2023/05/30 (Tue) 17:51,hybrid_minmax,10,1.0,1.0,1.0,1.0,0.0698000003467314,,,234,1,1,True,0,0,0,0,451.21367521367523,787,103,0.44017094017094016,0.6029413245682024,0.025668926657997703,0.5381264686584473,0.7909318804740906,0.49999999999999994,0.29053289778671765,0.0,1.0,False,False,True,True,10047737856,answer_8ee04a2e::round_1|ultrachat_32122::round_5|adb1f904::round_5|answer_8ee04a2e::round_3|sharegpt_ijZ2Bps_0::round_0|adb1f904::round_2|ultrachat_32122::round_4|adb1f904::round_3|ultrachat_309088::round_4|adb1f904::round_0,answer_8ee04a2e|ultrachat_32122|adb1f904|answer_8ee04a2e|sharegpt_ijZ2Bps_0|adb1f904|ultrachat_32122|adb1f904|ultrachat_309088|adb1f904
75f70248,IE,single-session-preference,2023/05/30 (Tue) 17:51,hybrid_rrf,10,1.0,1.0,1.0,1.0,0.07170000026235357,,,234,1,1,True,0,0,0,0,451.21367521367523,787,103,0.44017094017094016,0.6029413245682024,0.025668926657997703,0.5381264686584473,0.7909318804740906,0.49999999999999994,0.29053289778671765,0.0,1.0,False,False,True,True,10047737856,ultrachat_32122::round_5|adb1f904::round_5|adb1f904::round_2|answer_8ee04a2e::round_1|answer_8ee04a2e::round_3|2d74df23_4::round_2|2d74df23_4::round_3|ultrachat_32122::round_4|sharegpt_ijZ2Bps_0::round_0|2d74df23_4::round_0,ultrachat_32122|adb1f904|adb1f904|answer_8ee04a2e|answer_8ee04a2e|2d74df23_4|2d74df23_4|ultrachat_32122|sharegpt_ijZ2Bps_0|2d74df23_4
32260d93,IE,single-session-preference,2023/05/30 (Tue) 23:43,semantic,5,1.0,1.0,1.0,1.0,0.08009999964997405,,,265,1,1,True,0,0,0,0,392.74716981132076,1879,93,0.35094339622641507,0.6280716725115506,0.022845823403150764,0.5798341631889343,0.7244346737861633,0.5,0.2903148194080379,0.0,1.0,False,False,True,True,10047737856,answer_0250ae1c::round_0|04bef53b::round_4|573dc24b_1::round_0|573dc24b_1::round_2|573dc24b_1::round_1,answer_0250ae1c|04bef53b|573dc24b_1|573dc24b_1|573dc24b_1
32260d93,IE,single-session-preference,2023/05/30 (Tue) 23:43,hybrid_rrf,5,1.0,1.0,1.0,1.0,0.07850000019971048,,,265,1,1,True,0,0,0,0,392.74716981132076,1879,93,0.35094339622641507,0.6280716725115506,0.022845823403150764,0.5798341631889343,0.7244346737861633,0.5,0.2903148194080379,0.0,1.0,False,False,True,True,10047737856,sharegpt_WYQSZ3n_0::round_9|sharegpt_WYQSZ3n_0::round_4|answer_0250ae1c::round_0|ultrachat_151060::round_3|ultrachat_151060::round_2,sharegpt_WYQSZ3n_0|sharegpt_WYQSZ3n_0|answer_0250ae1c|ultrachat_151060|ultrachat_151060
32260d93,IE,single-session-preference,2023/05/30 (Tue) 23:43,hybrid_raw,10,0.0,0.0,0.0,0.0,0.07679999998799758,,,265,1,1,True,0,0,0,0,392.74716981132076,1879,93,0.35094339622641507,0.6280716725115506,0.022845823403150764,0.5798341631889343,0.7244346737861633,0.5,0.2903148194080379,0.0,1.0,False,False,True,True,10047737856,sharegpt_WYQSZ3n_0::round_9|sharegpt_WYQSZ3n_0::round_13|sharegpt_WYQSZ3n_0::round_10|sharegpt_WYQSZ3n_0::round_4|sharegpt_WYQSZ3n_0::round_11|sharegpt_WYQSZ3n_0::round_14|sharegpt_WYQSZ3n_0::round_12|sharegpt_WYQSZ3n_0::round_6|sharegpt_WYQSZ3n_0::round_5|sharegpt_WYQSZ3n_0::round_3,sharegpt_WYQSZ3n_0|sharegpt_WYQSZ3n_0|sharegpt_WYQSZ3n_0|sharegpt_WYQSZ3n_0|sharegpt_WYQSZ3n_0|sharegpt_WYQSZ3n_0|sharegpt_WYQSZ3n_0|sharegpt_WYQSZ3n_0|sharegpt_WYQSZ3n_0|sharegpt_WYQSZ3n_0
32260d93,IE,single-session-preference,2023/05/30 (Tue) 23:43,hybrid_minmax,10,1.0,1.0,1.0,1.0,0.07890000051702373,,,265,1,1,True,0,0,0,0,392.74716981132076,1879,93,0.35094339622641507,0.6280716725115506,0.022845823403150764,0.5798341631889343,0.7244346737861633,0.5,0.2903148194080379,0.0,1.0,False,False,True,True,10047737856,answer_0250ae1c::round_0|sharegpt_WYQSZ3n_0::round_9|answer_0250ae1c::round_2|573dc24b_1::round_0|573dc24b_1::round_2|573dc24b_1::round_1|sharegpt_WYQSZ3n_0::round_4|ultrachat_151060::round_2|ultrachat_151060::round_3|sharegpt_WYQSZ3n_0::round_3,answer_0250ae1c|sharegpt_WYQSZ3n_0|answer_0250ae1c|573dc24b_1|573dc24b_1|573dc24b_1|sharegpt_WYQSZ3n_0|ultrachat_151060|ultrachat_151060|sharegpt_WYQSZ3n_0
32260d93,IE,single-session-preference,2023/05/30 (Tue) 23:43,hybrid_rrf,10,1.0,1.0,1.0,1.0,0.08499999967170879,,,265,1,1,True,0,0,0,0,392.74716981132076,1879,93,0.35094339622641507,0.6280716725115506,0.022845823403150764,0.5798341631889343,0.7244346737861633,0.5,0.2903148194080379,0.0,1.0,False,False,True,True,10047737856,sharegpt_WYQSZ3n_0::round_9|sharegpt_WYQSZ3n_0::round_4|answer_0250ae1c::round_0|ultrachat_151060::round_3|ultrachat_151060::round_2|573dc24b_1::round_0|573dc24b_1::round_2|answer_0250ae1c::round_2|sharegpt_WYQSZ3n_0::round_10|573dc24b_1::round_1,sharegpt_WYQSZ3n_0|sharegpt_WYQSZ3n_0|answer_0250ae1c|ultrachat_151060|ultrachat_151060|573dc24b_1|573dc24b_1|answer_0250ae1c|sharegpt_WYQSZ3n_0|573dc24b_1
d6233ab6,IE,single-session-preference,2023/05/30 (Tue) 01:29,recency,5,0.0,0.0,0.0,0.0,0.01449999945180025,,,221,2,1,True,0,0,0,0,482.7239819004525,4235,99,0.4479638009049774,0.6113292288995976,0.025192794218779097,0.5498064160346985,0.6787967681884766,0.49999999999999994,0.2906426336514789,0.0,1.0,False,False,True,True,10047737856,c927ffbb::round_5|c927ffbb::round_4|c927ffbb::round_3|c927ffbb::round_2|c927ffbb::round_1,c927ffbb|c927ffbb|c927ffbb|c927ffbb|c927ffbb
d6233ab6,IE,single-session-preference,2023/05/30 (Tue) 01:29,hybrid_rrf,5,0.0,0.0,0.0,0.0,0.0673000004098867,,,221,2,1,True,0,0,0,0,482.7239819004525,4235,99,0.4479638009049774,0.6113292288995976,0.025192794218779097,0.5498064160346985,0.6787967681884766,0.49999999999999994,0.2906426336514789,0.0,1.0,False,False,True,True,10047737856,c927ffbb::round_4|c927ffbb::round_5|ultrachat_329160::round_4|ultrachat_381432::round_3|cb05ed10::round_5,c927ffbb|c927ffbb|ultrachat_329160|ultrachat_381432|cb05ed10
d6233ab6,IE,single-session-preference,2023/05/30 (Tue) 01:29,recency,10,0.0,0.0,0.0,0.0,0.014500000361294951,,,221,2,1,True,0,0,0,0,482.7239819004525,4235,99,0.4479638009049774,0.6113292288995976,0.025192794218779097,0.5498064160346985,0.6787967681884766,0.49999999999999994,0.2906426336514789,0.0,1.0,False,False,True,True,10047737856,c927ffbb::round_5|c927ffbb::round_4|c927ffbb::round_3|c927ffbb::round_2|c927ffbb::round_1|c927ffbb::round_0|ultrachat_381432::round_3|ultrachat_381432::round_2|ultrachat_381432::round_1|ultrachat_381432::round_0,c927ffbb|c927ffbb|c927ffbb|c927ffbb|c927ffbb|c927ffbb|ultrachat_381432|ultrachat_381432|ultrachat_381432|ultrachat_381432
d6233ab6,IE,single-session-preference,2023/05/30 (Tue) 01:29,semantic,10,0.0,0.0,0.0,0.0,0.06600000051548705,,,221,2,1,True,0,0,0,0,482.7239819004525,4235,99,0.4479638009049774,0.6113292288995976,0.025192794218779097,0.5498064160346985,0.6787967681884766,0.49999999999999994,0.2906426336514789,0.0,1.0,False,False,True,True,10047737856,32f28c7b_1::round_5|32f28c7b_1::round_4|ultrachat_329160::round_4|ecfd2047_1::round_5|e6c3a50a::round_1|0e726047::round_5|sharegpt_ZWqMvoL_607::round_3|ultrachat_329160::round_5|0e726047::round_2|87cfeb28_2::round_4,32f28c7b_1|32f28c7b_1|ultrachat_329160|ecfd2047_1|e6c3a50a|0e726047|sharegpt_ZWqMvoL_607|ultrachat_329160|0e726047|87cfeb28_2
d6233ab6,IE,single-session-preference,2023/05/30 (Tue) 01:29,hybrid_minmax,10,0.0,0.0,0.0,0.0,0.06830000074842246,,,221,2,1,True,0,0,0,0,482.7239819004525,4235,99,0.4479638009049774,0.6113292288995976,0.025192794218779097,0.5498064160346985,0.6787967681884766,0.49999999999999994,0.2906426336514789,0.0,1.0,False,False,True,True,10047737856,ultrachat_329160::round_4|c927ffbb::round_4|c927ffbb::round_5|cb05ed10::round_5|ecfd2047_1::round_5|sharegpt_YvXNDwf_0::round_3|ultrachat_381432::round_3|ultrachat_329160::round_5|32f28c7b_1::round_5|32f28c7b_1::round_4,ultrachat_329160|c927ffbb|c927ffbb|cb05ed10|ecfd2047_1|sharegpt_YvXNDwf_0|ultrachat_381432|ultrachat_329160|32f28c7b_1|32f28c7b_1
d6233ab6,IE,single-session-preference,2023/05/30 (Tue) 01:29,hybrid_rrf,10,0.0,0.0,0.0,0.0,0.06819999998697313,,,221,2,1,True,0,0,0,0,482.7239819004525,4235,99,0.4479638009049774,0.6113292288995976,0.025192794218779097,0.5498064160346985,0.6787967681884766,0.49999999999999994,0.2906426336514789,0.0,1.0,False,False,True,True,10047737856,c927ffbb::round_4|c927ffbb::round_5|ultrachat_329160::round_4|ultrachat_381432::round_3|cb05ed10::round_5|ecfd2047_1::round_5|ultrachat_329160::round_5|32f28c7b_1::round_5|32f28c7b_1::round_4|sharegpt_YvXNDwf_0::round_3,c927ffbb|c927ffbb|ultrachat_329160|ultrachat_381432|cb05ed10|ecfd2047_1|ultrachat_329160|32f28c7b_1|32f28c7b_1|sharegpt_YvXNDwf_0
ba358f49,MR,multi-session,2022/09/01 (Thu) 23:52,semantic,5,0.5,1.0,1.0,0.5,0.06260000009206124,,,205,2,2,True,0,0,0,0,517.2243902439025,2759,105,0.5121951219512195,0.6177735482774129,0.017436273216713538,0.5812053680419922,0.7025431990623474,0.5,0.290796885126601,0.0,1.0,False,False,True,True,10048356352,answer_cbd08e3c_1::round_0|answer_cbd08e3c_2::round_0|answer_cbd08e3c_1::round_5|2a2ea005_1::round_3|ultrachat_465468::round_1,answer_cbd08e3c_1|answer_cbd08e3c_2|answer_cbd08e3c_1|2a2ea005_1|ultrachat_465468
f35224e0,MR,multi-session,2023/05/30 (Tue) 23:58,hybrid_minmax,10,1.0,1.0,1.0,1.0,0.09940000018104911,,,260,2,2,True,0,0,0,0,408.2846153846154,1097,91,0.35,0.6091593971619239,0.030609337890128683,0.5516924858093262,0.7403613924980164,0.5,0.2903464634829455,0.0,1.0,False,False,True,True,10047737856,answer_e9bb9500_1::round_1|answer_e9bb9500_1::round_0|answer_e9bb9500_1::round_3|answer_e9bb9500_2::round_0|answer_e9bb9500_1::round_4|answer_e9bb9500_1::round_2|answer_e9bb9500_2::round_1|answer_e9bb9500_2::round_2|sharegpt_Pqhvz5n_0::round_4|ultrachat_197446::round_3,answer_e9bb9500_1|answer_e9bb9500_1|answer_e9bb9500_1|answer_e9bb9500_2|answer_e9bb9500_1|answer_e9bb9500_1|answer_e9bb9500_2|answer_e9bb9500_2|sharegpt_Pqhvz5n_0|ultrachat_197446
1192316e,MR,multi-session,2023/05/30 (Tue) 19:00,semantic,5,0.5,1.0,1.0,0.5,0.07089999962772708,,,234,2,2,True,0,0,0,0,454.14102564102564,1199,105,0.44871794871794873,0.6221138195604341,0.0317473500381431,0.5647889375686646,0.7338681221008301,0.49999999999999994,0.29053289778671765,0.0,1.0,False,False,True,True,10047901696,answer_e184e4c3_2::round_3|sharegpt_5HGh4Yy_0::round_1|answer_e184e4c3_2::round_0|answer_e184e4c3_1::round_1|cf0f42a0_2::round_3,answer_e184e4c3_2|sharegpt_5HGh4Yy_0|answer_e184e4c3_2|answer_e184e4c3_1|cf0f42a0_2
1192316e,MR,multi-session,2023/05/30 (Tue) 19:00,hybrid_minmax,5,0.0,0.0,0.0,0.0,0.07010000081209,,,234,2,2,True,0,0,0,0,454.14102564102564,1199,105,0.44871794871794873,0.6221138195604341,0.0317473500381431,0.5647889375686646,0.7338681221008301,0.49999999999999994,0.29053289778671765,0.0,1.0,False,False,True,True,10047901696,cf0f42a0_2::round_3|f6ed7fa9_3::round_0|sharegpt_lwNINvp_0::round_2|sharegpt_CgSBl4g_0::round_2|sharegpt_lwNINvp_0::round_0,cf0f42a0_2|f6ed7fa9_3|sharegpt_lwNINvp_0|sharegpt_CgSBl4g_0|sharegpt_lwNINvp_0
1192316e,MR,multi-session,2023/05/30 (Tue) 19:00,hybrid_raw,10,0.0,0.0,0.0,0.0,0.0698000003467314,,,234,2,2,True,0,0,0,0,454.14102564102564,1199,105,0.44871794871794873,0.6221138195604341,0.0317473500381431,0.5647889375686646,0.7338681221008301,0.49999999999999994,0.29053289778671765,0.0,1.0,False,False,True,True,10047901696,sharegpt_CgSBl4g_0::round_2|sharegpt_lwNINvp_0::round_2|sharegpt_lwNINvp_0::round_3|sharegpt_CgSBl4g_0::round_0|sharegpt_lwNINvp_0::round_1|sharegpt_lwNINvp_0::round_0|sharegpt_CgSBl4g_0::round_6|sharegpt_CgSBl4g_0::round_5|sharegpt_CgSBl4g_0::round_1|f6ed7fa9_3::round_0,sharegpt_CgSBl4g_0|sharegpt_lwNINvp_0|sharegpt_lwNINvp_0|sharegpt_CgSBl4g_0|sharegpt_lwNINvp_0|sharegpt_lwNINvp_0|sharegpt_CgSBl4g_0|sharegpt_CgSBl4g_0|sharegpt_CgSBl4g_0|f6ed7fa9_3
gpt4_2f91af09,MR,multi-session,2023/05/30 (Tue) 17:14,semantic,5,1.0,1.0,1.0,1.0,0.08070000058069127,,,260,3,3,True,0,0,0,0,407.3192307692308,967,96,0.36923076923076925,0.6277556731150701,0.033817763290863,0.5720580816268921,0.7695981860160828,0.5,0.2903464634829455,0.0,1.0,False,False,True,True,10047737856,answer_669318cf_3::round_0|answer_669318cf_1::round_0|answer_669318cf_2::round_0|answer_669318cf_2::round_2|answer_669318cf_2::round_4,answer_669318cf_3|answer_669318cf_1|answer_669318cf_2|answer_669318cf_2|answer_669318cf_2
gpt4_2f91af09,MR,multi-session,2023/05/30 (Tue) 17:14,hybrid_raw,5,0.3333333333333333,1.0,0.3333333333333333,0.3333333333333333,0.07749999986117473,,,260,3,3,True,0,0,0,0,407.3192307692308,967,96,0.36923076923076925,0.6277556731150701,0.033817763290863,0.5720580816268921,0.7695981860160828,0.5,0.2903464634829455,0.0,1.0,False,False,True,True,10047737856,answer_669318cf_3::round_0|answer_669318cf_3::round_4|answer_669318cf_3::round_5|answer_669318cf_3::round_2|answer_669318cf_3::round_3,answer_669318cf_3|answer_669318cf_3|answer_669318cf_3|answer_669318cf_3|answer_669318cf_3
gpt4_2f91af09,MR,multi-session,2023/05/30 (Tue) 17:14,hybrid_minmax,5,0.6666666666666666,1.0,0.6666666666666666,0.6666666666666666,0.08160000015777769,,,260,3,3,True,0,0,0,0,407.3192307692308,967,96,0.36923076923076925,0.6277556731150701,0.033817763290863,0.5720580816268921,0.7695981860160828,0.5,0.2903464634829455,0.0,1.0,False,False,True,True,10047737856,answer_669318cf_3::round_0|answer_669318cf_1::round_0|answer_669318cf_3::round_2|answer_669318cf_3::round_4|answer_669318cf_3::round_3,answer_669318cf_3|answer_669318cf_1|answer_669318cf_3|answer_669318cf_3|answer_669318cf_3
gpt4_2f91af09,MR,multi-session,2023/05/30 (Tue) 17:14,hybrid_rrf,5,0.3333333333333333,1.0,0.3333333333333333,0.3333333333333333,0.08830000024317997,,,260,3,3,True,0,0,0,0,407.3192307692308,967,96,0.36923076923076925,0.6277556731150701,0.033817763290863,0.5720580816268921,0.7695981860160828,0.5,0.2903464634829455,0.0,1.0,False,False,True,True,10047737856,answer_669318cf_3::round_0|answer_669318cf_3::round_4|answer_669318cf_3::round_2|answer_669318cf_3::round_3|answer_669318cf_3::round_5,answer_669318cf_3|answer_669318cf_3|answer_669318cf_3|answer_669318cf_3|answer_669318cf_3
gpt4_2f91af09,MR,multi-session,2023/05/30 (Tue) 17:14,recency,10,0.3333333333333333,1.0,0.3333333333333333,0.3333333333333333,0.022400000489142258,,,260,3,3,True,0,0,0,0,407.3192307692308,967,96,0.36923076923076925,0.6277556731150701,0.033817763290863,0.5720580816268921,0.7695981860160828,0.5,0.2903464634829455,0.0,1.0,False,False,True,True,10047737856,sharegpt_yoSUjfa_5::round_2|sharegpt_yoSUjfa_5::round_1|sharegpt_yoSUjfa_5::round_0|answer_669318cf_3::round_5|answer_669318cf_3::round_4|answer_669318cf_3::round_3|answer_669318cf_3::round_2|answer_669318cf_3::round_1|answer_669318cf_3::round_0|sharegpt_7jNclxT_45::round_10,sharegpt_yoSUjfa_5|sharegpt_yoSUjfa_5|sharegpt_yoSUjfa_5|answer_669318cf_3|answer_669318cf_3|answer_669318cf_3|answer_669318cf_3|answer_669318cf_3|answer_669318cf_3|sharegpt_7jNclxT_45
gpt4_2f91af09,MR,multi-session,2023/05/30 (Tue) 17:14,semantic,10,1.0,1.0,1.0,1.0,0.08780000007391209,,,260,3,3,True,0,0,0,0,407.3192307692308,967,96,0.36923076923076925,0.6277556731150701,0.033817763290863,0.5720580816268921,0.7695981860160828,0.5,0.2903464634829455,0.0,1.0,False,False,True,True,10047737856,answer_669318cf_3::round_0|answer_669318cf_1::round_0|answer_669318cf_2::round_0|answer_669318cf_2::round_2|answer_669318cf_2::round_4|answer_669318cf_1::round_2|answer_669318cf_2::round_3|answer_669318cf_3::round_2|answer_669318cf_2::round_5|answer_669318cf_3::round_4,answer_669318cf_3|answer_669318cf_1|answer_669318cf_2|answer_669318cf_2|answer_669318cf_2|answer_669318cf_1|answer_669318cf_2|answer_669318cf_3|answer_669318cf_2|answer_669318cf_3
gpt4_2f91af09,MR,multi-session,2023/05/30 (Tue) 17:14,hybrid_raw,10,0.3333333333333333,1.0,0.3333333333333333,0.3333333333333333,0.07499999992433004,,,260,3,3,True,0,0,0,0,407.3192307692308,967,96,0.36923076923076925,0.6277556731150701,0.033817763290863,0.5720580816268921,0.7695981860160828,0.5,0.2903464634829455,0.0,1.0,False,False,True,True,10047737856,answer_669318cf_3::round_0|answer_669318cf_3::round_4|answer_669318cf_3::round_5|answer_669318cf_3::round_2|answer_669318cf_3::round_3|answer_669318cf_3::round_1|sharegpt_yoSUjfa_5::round_2|sharegpt_7jNclxT_45::round_10|sharegpt_yoSUjfa_5::round_0|sharegpt_yoSUjfa_5::round_1,answer_669318cf_3|answer_669318cf_3|answer_669318cf_3|answer_669318cf_3|answer_669318cf_3|answer_669318cf_3|sharegpt_yoSUjfa_5|sharegpt_7jNclxT_45|sharegpt_yoSUjfa_5|sharegpt_yoSUjfa_5
gpt4_2f91af09,MR,multi-session,2023/05/30 (Tue) 17:14,hybrid_minmax,10,0.6666666666666666,1.0,0.6666666666666666,0.6666666666666666,0.07759999971312936,,,260,3,3,True,0,0,0,0,407.3192307692308,967,96,0.36923076923076925,0.6277556731150701,0.033817763290863,0.5720580816268921,0.7695981860160828,0.5,0.2903464634829455,0.0,1.0,False,False,True,True,10047737856,answer_669318cf_3::round_0|answer_669318cf_1::round_0|answer_669318cf_3::round_2|answer_669318cf_3::round_4|answer_669318cf_3::round_3|answer_669318cf_3::round_5|answer_669318cf_3::round_1|answer_669318cf_1::round_2|sharegpt_7jNclxT_45::round_10|answer_669318cf_1::round_1,answer_669318cf_3|answer_669318cf_1|answer_669318cf_3|answer_669318cf_3|answer_669318cf_3|answer_669318cf_3|answer_669318cf_3|answer_669318cf_1|sharegpt_7jNclxT_45|answer_669318cf_1
gpt4_2f91af09,MR,multi-session,2023/05/30 (Tue) 17:14,hybrid_rrf,10,0.3333333333333333,1.0,0.3333333333333333,0.3333333333333333,0.08539999998902204,,,260,3,3,True,0,0,0,0,407.3192307692308,967,96,0.36923076923076925,0.6277556731150701,0.033817763290863,0.5720580816268921,0.7695981860160828,0.5,0.2903464634829455,0.0,1.0,False,False,True,True,10047737856,answer_669318cf_3::round_0|answer_669318cf_3::round_4|answer_669318cf_3::round_2|answer_669318cf_3::round_3|answer_669318cf_3::round_5|answer_669318cf_3::round_1|sharegpt_7jNclxT_45::round_10|sharegpt_7jNclxT_45::round_7|sharegpt_7jNclxT_45::round_8|sharegpt_7jNclxT_45::round_2,answer_669318cf_3|answer_669318cf_3|answer_669318cf_3|answer_669318cf_3|answer_669318cf_3|answer_669318cf_3|sharegpt_7jNclxT_45|sharegpt_7jNclxT_45|sharegpt_7jNclxT_45|sharegpt_7jNclxT_45
gpt4_372c3eed,MR,multi-session,2021/08/20 (Fri) 23:34,hybrid_minmax,5,0.0,0.0,0.3333333333333333,0.0,0.07099999947968172,,,236,3,3,True,0,0,0,0,446.7330508474576,2321,92,0.3898305084745763,0.6052763702000602,0.01873469777334594,0.5647989511489868,0.6704496741294861,0.49999999999999994,0.2905170925735878,0.0,1.0,False,False,True,True,10047877120,afffd8ec_3::round_0|sharegpt_6VqlSoL_25::round_1|afffd8ec_3::round_1|answer_35c5419d_1::round_0|afffd8ec_3::round_2,afffd8ec_3|sharegpt_6VqlSoL_25|afffd8ec_3|answer_35c5419d_1|afffd8ec_3
55241a1f,MR,multi-session,2023/05/30 (Tue) 21:57,hybrid_minmax,10,0.0,0.0,0.5,0.0,0.08290000005217735,,,260,2,2,True,0,0,0,0,409.5269230769231,1330,100,0.38461538461538464,0.6248169259383128,0.0295746938242413,0.563083827495575,0.7669510245323181,0.5,0.2903464634829455,0.0,1.0,False,False,True,True,10047737856,sharegpt_TzwvePR_0::round_6|sharegpt_TzwvePR_0::round_7|answer_fa08bf49_2::round_0|46e4a8eb_2::round_0|46e4a8eb_2::round_1|d117e2da::round_5|sharegpt_U392mnO_22::round_0|46e4a8eb_2::round_2|sharegpt_TzwvePR_0::round_9|sharegpt_TzwvePR_0::round_3,sharegpt_TzwvePR_0|sharegpt_TzwvePR_0|answer_fa08bf49_2|46e4a8eb_2|46e4a8eb_2|d117e2da|sharegpt_U392mnO_22|46e4a8eb_2|sharegpt_TzwvePR_0|sharegpt_TzwvePR_0
gpt4_7fce9456,MR,multi-session,2023/03/08 (Wed) 23:58,semantic,5,0.16666666666666666,1.0,0.8,0.16666666666666666,0.07580000055895653,,,253,6,5,True,0,0,0,0,417.0197628458498,851,86,0.33992094861660077,0.60879379746471,0.02853498522112355,0.5627561807632446,0.7473875880241394,0.5000000000000001,0.2903928741067686,0.0,1.0,False,False,True,True,10047737856,answer_a679a86a_5::round_0|answer_a679a86a_5::round_5|answer_a679a86a_1::round_1|answer_a679a86a_3::round_1|answer_a679a86a_2::round_4,answer_a679a86a_5|answer_a679a86a_5|answer_a679a86a_1|answer_a679a86a_3|answer_a679a86a_2
c18a7dc8,MR,multi-session,2023/05/30 (Tue) 23:37,hybrid_minmax,10,0.0,0.0,0.5,0.0,0.0763000007282244,,,257,2,2,True,0,0,0,0,409.55252918287937,1132,92,0.35797665369649806,0.6102895342422366,0.021689365724827527,0.5698814392089844,0.7041901350021362,0.5,0.29036604306434277,0.0,1.0,False,False,True,True,10048258048,1c177942_1::round_1|answer_2e2085fa_1::round_3|4ea4f02f_1::round_5|1c177942_1::round_5|4ea4f02f_1::round_2|4f52229e::round_3|sharegpt_ysMparQ_13::round_2|1c177942_1::round_0|sharegpt_ErOTMZ3_149::round_1|4ea4f02f_1::round_0,1c177942_1|answer_2e2085fa_1|4ea4f02f_1|1c177942_1|4ea4f02f_1|4f52229e|sharegpt_ysMparQ_13|1c177942_1|sharegpt_ErOTMZ3_149|4ea4f02f_1
2b8f3739,MR,multi-session,2023/06/01 (Thu) 23:37,semantic,10,1.0,1.0,1.0,1.0,0.08019999950192869,,,246,3,3,True,0,0,0,0,435.2926829268293,1689,94,0.3821138211382114,0.6048156548806323,0.020560081317804183,0.5678390264511108,0.6778314113616943,0.5000000000000001,0.2904419358795335,0.0,1.0,False,False,True,True,10047967232,67d6f18f_1::round_1|answer_23759615_1::round_0|answer_23759615_2::round_0|67d6f18f_1::round_0|sharegpt_UqYdS88_0::round_0|answer_23759615_2::round_5|answer_23759615_3::round_2|sharegpt_UqYdS88_0::round_1|answer_23759615_1::round_3|answer_23759615_3::round_0,67d6f18f_1|answer_23759615_1|answer_23759615_2|67d6f18f_1|sharegpt_UqYdS88_0|answer_23759615_2|answer_23759615_3|sharegpt_UqYdS88_0|answer_23759615_1|answer_23759615_3
6d550036,MR,multi-session,2023/05/30 (Tue) 23:32,semantic,5,0.0,0.0,0.0,0.0,0.0760000002628658,,,256,4,4,True,0,0,0,0,387.59765625,897,79,0.30859375,0.6182940553408116,0.025223694671080762,0.5707034468650818,0.7433280348777771,0.5,0.2903726719354734,0.0,1.0,False,False,True,True,10047910912,2e4430d8_2::round_2|2e4430d8_2::round_5|sharegpt_zciCXP1_12::round_3|2e4430d8_2::round_1|sharegpt_zciCXP1_12::round_2,2e4430d8_2|2e4430d8_2|sharegpt_zciCXP1_12|2e4430d8_2|sharegpt_zciCXP1_12
6c49646a,MR,multi-session,2023/05/30 (Tue) 22:17,semantic,5,0.5,1.0,1.0,0.5,0.06610000036744168,,,216,2,2,True,0,0,0,0,493.15277777777777,1369,113,0.5231481481481481,0.615016329895567,0.02801689645148315,0.5667783617973328,0.7601678371429443,0.5,0.2906883719441813,0.0,1.0,False,False,True,True,10047904768,answer_cc1ced21_1::round_0|answer_cc1ced21_2::round_0|9f220c66_1::round_0|answer_cc1ced21_1::round_4|answer_cc1ced21_2::round_2,answer_cc1ced21_1|answer_cc1ced21_2|9f220c66_1|answer_cc1ced21_1|answer_cc1ced21_2
6c49646a,MR,multi-session,2023/05/30 (Tue) 22:17,hybrid_minmax,5,0.5,1.0,1.0,0.5,0.0638999999864609,,,216,2,2,True,0,0,0,0,493.15277777777777,1369,113,0.5231481481481481,0.615016329895567,0.02801689645148315,0.5667783617973328,0.7601678371429443,0.5,0.2906883719441813,0.0,1.0,False,False,True,True,10047904768,answer_cc1ced21_1::round_0|9f220c66_1::round_0|answer_cc1ced21_1::round_4|answer_cc1ced21_2::round_0|sharegpt_G9RAbBH_0::round_2,answer_cc1ced21_1|9f220c66_1|answer_cc1ced21_1|answer_cc1ced21_2|sharegpt_G9RAbBH_0
6c49646a,MR,multi-session,2023/05/30 (Tue) 22:17,hybrid_rrf,5,0.5,1.0,0.5,0.5,0.06600000051548705,,,216,2,2,True,0,0,0,0,493.15277777777777,1369,113,0.5231481481481481,0.615016329895567,0.02801689645148315,0.5667783617973328,0.7601678371429443,0.5,0.2906883719441813,0.0,1.0,False,False,True,True,10047904768,answer_cc1ced21_1::round_0|9f220c66_1::round_0|sharegpt_G9RAbBH_0::round_2|answer_cc1ced21_1::round_4|3a5f63f4::round_5,answer_cc1ced21_1|9f220c66_1|sharegpt_G9RAbBH_0|answer_cc1ced21_1|3a5f63f4
6c49646a,MR,multi-session,2023/05/30 (Tue) 22:17,semantic,10,0.5,1.0,1.0,0.5,0.06439999924623407,,,216,2,2,True,0,0,0,0,493.15277777777777,1369,113,0.5231481481481481,0.615016329895567,0.02801689645148315,0.5667783617973328,0.7601678371429443,0.5,0.2906883719441813,0.0,1.0,False,False,True,True,10047904768,answer_cc1ced21_1::round_0|answer_cc1ced21_2::round_0|9f220c66_1::round_0|answer_cc1ced21_1::round_4|answer_cc1ced21_2::round_2|8acb29f9_2::round_2|answer_cc1ced21_2::round_1|8acb29f9_2::round_3|sharegpt_G9RAbBH_0::round_2|ultrachat_565061::round_1,answer_cc1ced21_1|answer_cc1ced21_2|9f220c66_1|answer_cc1ced21_1|answer_cc1ced21_2|8acb29f9_2|answer_cc1ced21_2|8acb29f9_2|sharegpt_G9RAbBH_0|ultrachat_565061
6c49646a,MR,multi-session,2023/05/30 (Tue) 22:17,hybrid_rrf,10,0.5,1.0,0.5,0.5,0.06830000074842246,,,216,2,2,True,0,0,0,0,493.15277777777777,1369,113,0.5231481481481481,0.615016329895567,0.02801689645148315,0.5667783617973328,0.7601678371429443,0.5,0.2906883719441813,0.0,1.0,False,False,True,True,10047904768,answer_cc1ced21_1::round_0|9f220c66_1::round_0|sharegpt_G9RAbBH_0::round_2|answer_cc1ced21_1::round_4|3a5f63f4::round_5|sharegpt_bFrMEV2_0::round_4|0e6e2ba5::round_5|sharegpt_G9RAbBH_0::round_1|answer_cc1ced21_1::round_3|0e6e2ba5::round_2,answer_cc1ced21_1|9f220c66_1|sharegpt_G9RAbBH_0|answer_cc1ced21_1|3a5f63f4|sharegpt_bFrMEV2_0|0e6e2ba5|sharegpt_G9RAbBH_0|answer_cc1ced21_1|0e6e2ba5
gpt4_e05b82a6,MR,multi-session,2023/11/04 (Sat) 23:49,semantic,5,0.5,1.0,0.75,0.5,0.07470000036846614,,,250,4,4,True,0,0,0,0,423.492,960,95,0.38,0.6159866704940796,0.023666462727223135,0.5640443563461304,0.685212254524231,0.5,0.2904135629172241,0.0,1.0,False,False,True,True,10048129024,ultrachat_480545::round_5|answer_6350aa4f_1::round_5|answer_6350aa4f_2::round_3|answer_6350aa4f_3::round_0|ultrachat_480545::round_4,ultrachat_480545|answer_6350aa4f_1|answer_6350aa4f_2|answer_6350aa4f_3|ultrachat_480545
gpt4_e05b82a6,MR,multi-session,2023/11/04 (Sat) 23:49,semantic,10,0.75,1.0,0.75,0.75,0.07639999967068434,,,250,4,4,True,0,0,0,0,423.492,960,95,0.38,0.6159866704940796,0.023666462727223135,0.5640443563461304,0.685212254524231,0.5,0.2904135629172241,0.0,1.0,False,False,True,True,10048129024,ultrachat_480545::round_5|answer_6350aa4f_1::round_5|answer_6350aa4f_2::round_3|answer_6350aa4f_3::round_0|ultrachat_480545::round_4|answer_6350aa4f_3::round_1|answer_6350aa4f_2::round_0|78251a43_2::round_2|answer_6350aa4f_2::round_2|229a293b_1::round_1,ultrachat_480545|answer_6350aa4f_1|answer_6350aa4f_2|answer_6350aa4f_3|ultrachat_480545|answer_6350aa4f_3|answer_6350aa4f_2|78251a43_2|answer_6350aa4f_2|229a293b_1
gpt4_731e37d7,MR,multi-session,2023/02/26 (Sun) 23:35,semantic,5,0.0,0.0,0.5,0.0,0.07880000066506909,,,265,4,4,True,0,0,0,0,398.44150943396227,3642,87,0.3283018867924528,0.6157519738629179,0.022638991193339276,0.571901798248291,0.7027233839035034,0.5,0.2903148194080379,0.0,1.0,False,False,True,True,10047969280,267a912c::round_2|answer_826d51da_1::round_5|answer_826d51da_4::round_2|267a912c::round_5|267a912c::round_4,267a912c|answer_826d51da_1|answer_826d51da_4|267a912c|267a912c
gpt4_731e37d7,MR,multi-session,2023/02/26 (Sun) 23:35,hybrid_minmax,10,0.0,0.0,0.5,0.0,0.07869999990361976,,,265,4,4,True,0,0,0,0,398.44150943396227,3642,87,0.3283018867924528,0.6157519738629179,0.022638991193339276,0.571901798248291,0.7027233839035034,0.5,0.2903148194080379,0.0,1.0,False,False,True,True,10047969280,baa5b468_3::round_1|261235d1::round_2|answer_826d51da_1::round_5|267a912c::round_2|66081c0f_1::round_4|sharegpt_Yuw2LhQ_25::round_5|66081c0f_1::round_2|267a912c::round_5|3acb50ef_5::round_5|answer_826d51da_4::round_2,baa5b468_3|261235d1|answer_826d51da_1|267a912c|66081c0f_1|sharegpt_Yuw2LhQ_25|66081c0f_1|267a912c|3acb50ef_5|answer_826d51da_4
8cf4d046,MR,multi-session,2023/05/30 (Tue) 18:42,hybrid_raw,5,0.5,1.0,0.5,0.5,0.07170000026235357,,,236,2,2,True,0,0,0,0,444.40677966101697,4623,93,0.3940677966101695,0.590777496412649,0.01963720895919392,0.5413368344306946,0.6722760200500488,0.49999999999999994,0.2905170925735878,0.0,1.0,False,False,True,True,10047737856,answer_e2278b24_2::round_0|sharegpt_WjpyexI_15::round_4|answer_e2278b24_2::round_5|sharegpt_WjpyexI_15::round_2|sharegpt_WjpyexI_15::round_1,answer_e2278b24_2|sharegpt_WjpyexI_15|answer_e2278b24_2|sharegpt_WjpyexI_15|sharegpt_WjpyexI_15
8cf4d046,MR,multi-session,2023/05/30 (Tue) 18:42,hybrid_minmax,5,0.5,1.0,0.5,0.5,0.07349999941652641,,,236,2,2,True,0,0,0,0,444.40677966101697,4623,93,0.3940677966101695,0.590777496412649,0.01963720895919392,0.5413368344306946,0.6722760200500488,0.49999999999999994,0.2905170925735878,0.0,1.0,False,False,True,True,10047737856,answer_e2278b24_2::round_0|sharegpt_WjpyexI_15::round_4|sharegpt_WjpyexI_15::round_1|sharegpt_WjpyexI_15::round_2|answer_e2278b24_2::round_5,answer_e2278b24_2|sharegpt_WjpyexI_15|sharegpt_WjpyexI_15|sharegpt_WjpyexI_15|answer_e2278b24_2
8cf4d046,MR,multi-session,2023/05/30 (Tue) 18:42,hybrid_rrf,5,0.5,1.0,0.5,0.5,0.07949999962875154,,,236,2,2,True,0,0,0,0,444.40677966101697,4623,93,0.3940677966101695,0.590777496412649,0.01963720895919392,0.5413368344306946,0.6722760200500488,0.49999999999999994,0.2905170925735878,0.0,1.0,False,False,True,True,10047737856,answer_e2278b24_2::round_0|sharegpt_WjpyexI_15::round_4|answer_e2278b24_2::round_5|sharegpt_WjpyexI_15::round_1|sharegpt_WjpyexI_15::round_2,answer_e2278b24_2|sharegpt_WjpyexI_15|answer_e2278b24_2|sharegpt_WjpyexI_15|sharegpt_WjpyexI_15
8cf4d046,MR,multi-session,2023/05/30 (Tue) 18:42,hybrid_minmax,10,0.5,1.0,0.5,0.5,0.077699999565084,,,236,2,2,True,0,0,0,0,444.40677966101697,4623,93,0.3940677966101695,0.590777496412649,0.01963720895919392,0.5413368344306946,0.6722760200500488,0.49999999999999994,0.2905170925735878,0.0,1.0,False,False,True,True,10047737856,answer_e2278b24_2::round_0|sharegpt_WjpyexI_15::round_4|sharegpt_WjpyexI_15::round_1|sharegpt_WjpyexI_15::round_2|answer_e2278b24_2::round_5|sharegpt_WjpyexI_15::round_0|sharegpt_WjpyexI_15::round_3|answer_e2278b24_2::round_2|c9489af0_2::round_5|answer_e2278b24_2::round_3,answer_e2278b24_2|sharegpt_WjpyexI_15|sharegpt_WjpyexI_15|sharegpt_WjpyexI_15|answer_e2278b24_2|sharegpt_WjpyexI_15|sharegpt_WjpyexI_15|answer_e2278b24_2|c9489af0_2|answer_e2278b24_2
8cf4d046,MR,multi-session,2023/05/30 (Tue) 18:42,hybrid_rrf,10,0.5,1.0,0.5,0.5,0.07980000009411015,,,236,2,2,True,0,0,0,0,444.40677966101697,4623,93,0.3940677966101695,0.590777496412649,0.01963720895919392,0.5413368344306946,0.6722760200500488,0.49999999999999994,0.2905170925735878,0.0,1.0,False,False,True,True,10047737856,answer_e2278b24_2::round_0|sharegpt_WjpyexI_15::round_4|answer_e2278b24_2::round_5|sharegpt_WjpyexI_15::round_1|sharegpt_WjpyexI_15::round_2|sharegpt_WjpyexI_15::round_3|sharegpt_WjpyexI_15::round_0|answer_e2278b24_2::round_2|answer_e2278b24_2::round_3|c9489af0_2::round_5,answer_e2278b24_2|sharegpt_WjpyexI_15|answer_e2278b24_2|sharegpt_WjpyexI_15|sharegpt_WjpyexI_15|sharegpt_WjpyexI_15|sharegpt_WjpyexI_15|answer_e2278b24_2|answer_e2278b24_2|c9489af0_2
0ddfec37,KU,knowledge-update,2024/01/08 (Mon) 09:27,hybrid_minmax,5,0.5,1.0,0.5,0.5,0.07400000049528899,,,244,2,2,False,0,0,2,0,424.66803278688525,1401,92,0.3770491803278688,0.6010107048710839,0.022805077735610583,0.5644687414169312,0.7851219177246094,0.5,0.29045647252614326,0.0,1.0,False,False,True,True,10048147456,answer_a22b654d_2::round_4|answer_a22b654d_2::round_0|sharegpt_h0fDljQ_12::round_0|147ab7e9_7::round_3|ca58e7e9::round_4,answer_a22b654d_2|answer_a22b654d_2|sharegpt_h0fDljQ_12|147ab7e9_7|ca58e7e9
0ddfec37,KU,knowledge-update,2024/01/08 (Mon) 09:27,semantic,10,1.0,1.0,1.0,1.0,0.07339999956457177,,,244,2,2,False,0,0,2,0,424.66803278688525,1401,92,0.3770491803278688,0.6010107048710839,0.022805077735610583,0.5644687414169312,0.7851219177246094,0.5,0.29045647252614326,0.0,1.0,False,False,True,True,10048147456,answer_a22b654d_2::round_4|answer_a22b654d_2::round_0|answer_a22b654d_1::round_0|60f9246d::round_0|sharegpt_KEY6ZsZ_0::round_1|answer_a22b654d_2::round_2|answer_a22b654d_1::round_3|ca58e7e9::round_4|sharegpt_eXTj7GX_13::round_3|sharegpt_h0fDljQ_12::round_0,answer_a22b654d_2|answer_a22b654d_2|answer_a22b654d_1|60f9246d|sharegpt_KEY6ZsZ_0|answer_a22b654d_2|answer_a22b654d_1|ca58e7e9|sharegpt_eXTj7GX_13|sharegpt_h0fDljQ_12
0ddfec37,KU,knowledge-update,2024/01/08 (Mon) 09:27,hybrid_minmax,10,0.5,1.0,0.5,0.5,0.0749000000723754,,,244,2,2,False,0,0,2,0,424.66803278688525,1401,92,0.3770491803278688,0.6010107048710839,0.022805077735610583,0.5644687414169312,0.7851219177246094,0.5,0.29045647252614326,0.0,1.0,False,False,True,True,10048147456,answer_a22b654d_2::round_4|answer_a22b654d_2::round_0|sharegpt_h0fDljQ_12::round_0|147ab7e9_7::round_3|ca58e7e9::round_4|ultrachat_139747::round_6|147ab7e9_7::round_0|sharegpt_QJYt7XW_0::round_1|ultrachat_139747::round_5|sharegpt_QJYt7XW_0::round_0,answer_a22b654d_2|answer_a22b654d_2|sharegpt_h0fDljQ_12|147ab7e9_7|ca58e7e9|ultrachat_139747|147ab7e9_7|sharegpt_QJYt7XW_0|ultrachat_139747|sharegpt_QJYt7XW_0
0ddfec37,KU,knowledge-update,2024/01/08 (Mon) 09:27,hybrid_rrf,10,0.5,1.0,0.5,0.5,0.07619999996677507,,,244,2,2,False,0,0,2,0,424.66803278688525,1401,92,0.3770491803278688,0.6010107048710839,0.022805077735610583,0.5644687414169312,0.7851219177246094,0.5,0.29045647252614326,0.0,1.0,False,False,True,True,10048147456,sharegpt_h0fDljQ_12::round_0|ca58e7e9::round_4|147ab7e9_7::round_3|sharegpt_eXTj7GX_13::round_3|ultrachat_139747::round_6|147ab7e9_7::round_0|ultrachat_139747::round_5|answer_a22b654d_2::round_4|sharegpt_QJYt7XW_0::round_1|answer_a22b654d_2::round_0,sharegpt_h0fDljQ_12|ca58e7e9|147ab7e9_7|sharegpt_eXTj7GX_13|ultrachat_139747|147ab7e9_7|ultrachat_139747|answer_a22b654d_2|sharegpt_QJYt7XW_0|answer_a22b654d_2
bcbe585f,TR,temporal-reasoning,2023/05/01 (Mon) 23:16,semantic,5,1.0,1.0,1.0,1.0,0.06990000019868603,,,229,1,1,False,0,0,0,0,455.73799126637556,967,103,0.4497816593886463,0.6151484126086839,0.027559284832988515,0.5729030966758728,0.7776080965995789,0.5000000000000001,0.29057362350376104,0.0,1.0,False,False,True,True,10048129024,answer_43ba3965_1::round_0|answer_43ba3965_1::round_2|answer_43ba3965_1::round_1|5dbe11b9::round_0|answer_43ba3965_1::round_5,answer_43ba3965_1|answer_43ba3965_1|answer_43ba3965_1|5dbe11b9|answer_43ba3965_1
bcbe585f,TR,temporal-reasoning,2023/05/01 (Mon) 23:16,hybrid_minmax,5,1.0,1.0,1.0,1.0,0.06889999986015027,,,229,1,1,False,0,0,0,0,455.73799126637556,967,103,0.4497816593886463,0.6151484126086839,0.027559284832988515,0.5729030966758728,0.7776080965995789,0.5000000000000001,0.29057362350376104,0.0,1.0,False,False,True,True,10048129024,answer_43ba3965_1::round_0|answer_43ba3965_1::round_2|answer_43ba3965_1::round_1|answer_43ba3965_1::round_5|answer_43ba3965_1::round_3,answer_43ba3965_1|answer_43ba3965_1|answer_43ba3965_1|answer_43ba3965_1|answer_43ba3965_1
bcbe585f,TR,temporal-reasoning,2023/05/01 (Mon) 23:16,hybrid_rrf,5,1.0,1.0,1.0,1.0,0.07000000005064066,,,229,1,1,False,0,0,0,0,455.73799126637556,967,103,0.4497816593886463,0.6151484126086839,0.027559284832988515,0.5729030966758728,0.7776080965995789,0.5000000000000001,0.29057362350376104,0.0,1.0,False,False,True,True,10048129024,answer_43ba3965_1::round_2|answer_43ba3965_1::round_0|answer_43ba3965_1::round_5|answer_43ba3965_1::round_1|answer_43ba3965_1::round_3,answer_43ba3965_1|answer_43ba3965_1|answer_43ba3965_1|answer_43ba3965_1|answer_43ba3965_1
gpt4_4fc4f797,TR,temporal-reasoning,2023/06/01 (Thu) 21:22,semantic,5,0.5,1.0,1.0,0.5,0.07270000060088933,,,237,2,2,False,0,0,0,0,449.39240506329116,870,101,0.42616033755274263,0.6122332761056313,0.033937084455769886,0.5535067915916443,0.8231720328330994,0.5,0.29050929038906076,0.0,1.0,False,False,True,True,10048135168,answer_be07688f_1::round_2|answer_be07688f_2::round_1|answer_be07688f_1::round_5|answer_be07688f_1::round_0|answer_be07688f_1::round_3,answer_be07688f_1|answer_be07688f_2|answer_be07688f_1|answer_be07688f_1|answer_be07688f_1
gpt4_4fc4f797,TR,temporal-reasoning,2023/06/01 (Thu) 21:22,hybrid_raw,5,0.0,0.0,0.5,0.0,0.07000000005064066,,,237,2,2,False,0,0,0,0,449.39240506329116,870,101,0.42616033755274263,0.6122332761056313,0.033937084455769886,0.5535067915916443,0.8231720328330994,0.5,0.29050929038906076,0.0,1.0,False,False,True,True,10048135168,answer_be07688f_2::round_1|ultrachat_472595::round_4|f5c7d070_2::round_4|ultrachat_472595::round_2|ultrachat_472595::round_1,answer_be07688f_2|ultrachat_472595|f5c7d070_2|ultrachat_472595|ultrachat_472595
gpt4_4fc4f797,TR,temporal-reasoning,2023/06/01 (Thu) 21:22,hybrid_minmax,5,1.0,1.0,1.0,1.0,0.07120000009308569,,,237,2,2,False,0,0,0,0,449.39240506329116,870,101,0.42616033755274263,0.6122332761056313,0.033937084455769886,0.5535067915916443,0.8231720328330994,0.5,0.29050929038906076,0.0,1.0,False,False,True,True,10048135168,answer_be07688f_2::round_1|answer_be07688f_2::round_0|answer_be07688f_1::round_2|answer_be07688f_1::round_5|answer_be07688f_2::round_3,answer_be07688f_2|answer_be07688f_2|answer_be07688f_1|answer_be07688f_1|answer_be07688f_2
gpt4_4fc4f797,TR,temporal-reasoning,2023/06/01 (Thu) 21:22,semantic,10,1.0,1.0,1.0,1.0,0.07100000038917642,,,237,2,2,False,0,0,0,0,449.39240506329116,870,101,0.42616033755274263,0.6122332761056313,0.033937084455769886,0.5535067915916443,0.8231720328330994,0.5,0.29050929038906076,0.0,1.0,False,False,True,True,10048135168,answer_be07688f_1::round_2|answer_be07688f_2::round_1|answer_be07688f_1::round_5|answer_be07688f_1::round_0|answer_be07688f_1::round_3|answer_be07688f_2::round_0|answer_be07688f_1::round_1|answer_be07688f_2::round_3|answer_be07688f_2::round_4|08834bf2_1::round_1,answer_be07688f_1|answer_be07688f_2|answer_be07688f_1|answer_be07688f_1|answer_be07688f_1|answer_be07688f_2|answer_be07688f_1|answer_be07688f_2|answer_be07688f_2|08834bf2_1
gpt4_4fc4f797,TR,temporal-reasoning,2023/06/01 (Thu) 21:22,hybrid_raw,10,0.0,0.0,0.5,0.0,0.07120000009308569,,,237,2,2,False,0,0,0,0,449.39240506329116,870,101,0.42616033755274263,0.6122332761056313,0.033937084455769886,0.5535067915916443,0.8231720328330994,0.5,0.29050929038906076,0.0,1.0,False,False,True,True,10048135168,answer_be07688f_2::round_1|ultrachat_472595::round_4|f5c7d070_2::round_4|ultrachat_472595::round_2|ultrachat_472595::round_1|f5c7d070_2::round_3|ultrachat_472595::round_5|f5c7d070_2::round_1|ultrachat_472595::round_3|f5c7d070_2::round_0,answer_be07688f_2|ultrachat_472595|f5c7d070_2|ultrachat_472595|ultrachat_472595|f5c7d070_2|ultrachat_472595|f5c7d070_2|ultrachat_472595|f5c7d070_2
gpt4_4fc4f797,TR,temporal-reasoning,2023/06/01 (Thu) 21:22,hybrid_minmax,10,1.0,1.0,1.0,1.0,0.0718000001143082,,,237,2,2,False,0,0,0,0,449.39240506329116,870,101,0.42616033755274263,0.6122332761056313,0.033937084455769886,0.5535067915916443,0.8231720328330994,0.5,0.29050929038906076,0.0,1.0,False,False,True,True,10048135168,answer_be07688f_2::round_1|answer_be07688f_2::round_0|answer_be07688f_1::round_2|answer_be07688f_1::round_5|answer_be07688f_2::round_3|answer_be07688f_2::round_4|sharegpt_C2Qfdn8_0::round_0|f5c7d070_2::round_4|answer_be07688f_1::round_0|661e2cf8_2::round_3,answer_be07688f_2|answer_be07688f_2|answer_be07688f_1|answer_be07688f_1|answer_be07688f_2|answer_be07688f_2|sharegpt_C2Qfdn8_0|f5c7d070_2|answer_be07688f_1|661e2cf8_2
gpt4_4fc4f797,TR,temporal-reasoning,2023/06/01 (Thu) 21:22,hybrid_rrf,10,0.5,1.0,0.5,0.5,0.0804999999672873,,,237,2,2,False,0,0,0,0,449.39240506329116,870,101,0.42616033755274263,0.6122332761056313,0.033937084455769886,0.5535067915916443,0.8231720328330994,0.5,0.29050929038906076,0.0,1.0,False,False,True,True,10048135168,answer_be07688f_2::round_1|answer_be07688f_2::round_0|answer_be07688f_2::round_3|answer_be07688f_2::round_4|sharegpt_C2Qfdn8_0::round_0|661e2cf8_2::round_2|661e2cf8_2::round_3|f5c7d070_2::round_4|answer_be07688f_2::round_2|661e2cf8_2::round_0,answer_be07688f_2|answer_be07688f_2|answer_be07688f_2|answer_be07688f_2|sharegpt_C2Qfdn8_0|661e2cf8_2|661e2cf8_2|f5c7d070_2|answer_be07688f_2|661e2cf8_2
6e984301,TR,temporal-reasoning,2023/04/01 (Sat) 18:55,semantic,5,1.0,1.0,1.0,1.0,0.07589999950141646,,,258,2,2,False,0,0,0,0,411.7984496124031,921,91,0.35271317829457366,0.6158919842668282,0.026859680401468838,0.5702004432678223,0.7514157295227051,0.5,0.2903594657633106,0.0,1.0,False,False,True,True,10048276480,answer_88841f26_2::round_1|answer_88841f26_1::round_0|answer_88841f26_2::round_0|answer_88841f26_1::round_1|answer_88841f26_2::round_3,answer_88841f26_2|answer_88841f26_1|answer_88841f26_2|answer_88841f26_1|answer_88841f26_2
6e984301,TR,temporal-reasoning,2023/04/01 (Sat) 18:55,hybrid_minmax,5,1.0,1.0,1.0,1.0,0.07660000119358301,,,258,2,2,False,0,0,0,0,411.7984496124031,921,91,0.35271317829457366,0.6158919842668282,0.026859680401468838,0.5702004432678223,0.7514157295227051,0.5,0.2903594657633106,0.0,1.0,False,False,True,True,10048276480,answer_88841f26_2::round_1|answer_88841f26_1::round_0|answer_88841f26_2::round_0|answer_88841f26_2::round_3|answer_88841f26_1::round_1,answer_88841f26_2|answer_88841f26_1|answer_88841f26_2|answer_88841f26_2|answer_88841f26_1
gpt4_74aed68e,TR,temporal-reasoning,2023/04/01 (Sat) 21:42,semantic,10,1.0,1.0,1.0,1.0,0.07310000000870787,,,242,2,2,False,0,0,0,0,438.3057851239669,873,90,0.371900826446281,0.6123819900445702,0.026851487233674694,0.5599976778030396,0.7359499931335449,0.5,0.29047125036293864,0.0,1.0,False,False,True,True,10047737856,answer_aed8cf17_2::round_0|answer_aed8cf17_2::round_2|answer_aed8cf17_1::round_0|318048af_2::round_2|answer_aed8cf17_1::round_3|answer_aed8cf17_1::round_4|318048af_2::round_4|answer_aed8cf17_2::round_3|answer_aed8cf17_1::round_5|318048af_2::round_5,answer_aed8cf17_2|answer_aed8cf17_2|answer_aed8cf17_1|318048af_2|answer_aed8cf17_1|answer_aed8cf17_1|318048af_2|answer_aed8cf17_2|answer_aed8cf17_1|318048af_2
gpt4_74aed68e,TR,temporal-reasoning,2023/04/01 (Sat) 21:42,hybrid_rrf,10,0.5,1.0,0.5,0.5,0.09950000094249845,,,242,2,2,False,0,0,0,0,438.3057851239669,873,90,0.371900826446281,0.6123819900445702,0.026851487233674694,0.5599976778030396,0.7359499931335449,0.5,0.29047125036293864,0.0,1.0,False,False,True,True,10047737856,sharegpt_k1buBRY_0::round_0|470f29c0_1::round_3|470f29c0_1::round_4|470f29c0_1::round_2|answer_aed8cf17_2::round_0|answer_aed8cf17_2::round_2|470f29c0_1::round_5|25b3e36c_2::round_5|answer_aed8cf17_2::round_3|sharegpt_SDJ5YwZ_0::round_0,sharegpt_k1buBRY_0|470f29c0_1|470f29c0_1|470f29c0_1|answer_aed8cf17_2|answer_aed8cf17_2|470f29c0_1|25b3e36c_2|answer_aed8cf17_2|sharegpt_SDJ5YwZ_0
dcfa8644,TR,temporal-reasoning,2023/02/03 (Fri) 17:43,hybrid_minmax,10,0.5,1.0,0.5,0.5,0.07329999971261714,,,237,2,2,False,0,0,12,0,436.1054852320675,1488,89,0.3755274261603376,0.6126088489963033,0.030971751282154292,0.5697385668754578,0.7529852390289307,0.5,0.29050929038906076,0.0,1.0,False,False,True,True,10047775744,answer_5e3eeb12_2::round_0|answer_5e3eeb12_2::round_4|answer_5e3eeb12_2::round_5|answer_5e3eeb12_2::round_1|30bbae12_2::round_0|answer_5e3eeb12_2::round_3|30bbae12_2::round_4|30bbae12_2::round_1|ultrachat_224195::round_5|answer_5e3eeb12_2::round_2,answer_5e3eeb12_2|answer_5e3eeb12_2|answer_5e3eeb12_2|answer_5e3eeb12_2|30bbae12_2|answer_5e3eeb12_2|30bbae12_2|30bbae12_2|ultrachat_224195|answer_5e3eeb12_2
08f4fc43,TR,temporal-reasoning,2023/02/20 (Mon) 21:26,semantic,5,0.0,0.0,1.0,0.0,0.07240000013553072,,,241,2,2,False,0,0,2,0,441.3817427385892,1622,101,0.4190871369294606,0.6003364200908613,0.030573208482253394,0.5406554341316223,0.7344852089881897,0.5,0.29047873161131527,0.0,1.0,False,False,True,True,10048049152,answer_6ea1541e_2::round_3|answer_6ea1541e_1::round_2|answer_6ea1541e_2::round_1|ultrachat_292416::round_2|ultrachat_292416::round_0,answer_6ea1541e_2|answer_6ea1541e_1|answer_6ea1541e_2|ultrachat_292416|ultrachat_292416
08f4fc43,TR,temporal-reasoning,2023/02/20 (Mon) 21:26,hybrid_raw,10,0.0,0.0,0.0,0.0,0.07360000017797574,,,241,2,2,False,0,0,2,0,441.3817427385892,1622,101,0.4190871369294606,0.6003364200908613,0.030573208482253394,0.5406554341316223,0.7344852089881897,0.5,0.29047873161131527,0.0,1.0,False,False,True,True,10048049152,sharegpt_wXqtiUe_0::round_3|sharegpt_wXqtiUe_0::round_1|sharegpt_wXqtiUe_0::round_2|sharegpt_wXqtiUe_0::round_0|sharegpt_iR0IT8N_0::round_1|f3bd00ec_2::round_5|sharegpt_iR0IT8N_0::round_0|a390c735_1::round_5|a390c735_1::round_3|a390c735_1::round_2,sharegpt_wXqtiUe_0|sharegpt_wXqtiUe_0|sharegpt_wXqtiUe_0|sharegpt_wXqtiUe_0|sharegpt_iR0IT8N_0|f3bd00ec_2|sharegpt_iR0IT8N_0|a390c735_1|a390c735_1|a390c735_1
08f4fc43,TR,temporal-reasoning,2023/02/20 (Mon) 21:26,hybrid_minmax,10,0.5,1.0,0.5,0.5,0.07340000047406647,,,241,2,2,False,0,0,2,0,441.3817427385892,1622,101,0.4190871369294606,0.6003364200908613,0.030573208482253394,0.5406554341316223,0.7344852089881897,0.5,0.29047873161131527,0.0,1.0,False,False,True,True,10048049152,sharegpt_wXqtiUe_0::round_3|sharegpt_wXqtiUe_0::round_1|answer_6ea1541e_1::round_2|sharegpt_wXqtiUe_0::round_2|sharegpt_wXqtiUe_0::round_0|f3bd00ec_2::round_5|answer_6ea1541e_1::round_0|sharegpt_JJu53iW_0::round_7|ultrachat_292416::round_2|answer_6ea1541e_1::round_3,sharegpt_wXqtiUe_0|sharegpt_wXqtiUe_0|answer_6ea1541e_1|sharegpt_wXqtiUe_0|sharegpt_wXqtiUe_0|f3bd00ec_2|answer_6ea1541e_1|sharegpt_JJu53iW_0|ultrachat_292416|answer_6ea1541e_1
08f4fc43,TR,temporal-reasoning,2023/02/20 (Mon) 21:26,hybrid_rrf,10,0.5,1.0,0.5,0.5,0.07420000110869296,,,241,2,2,False,0,0,2,0,441.3817427385892,1622,101,0.4190871369294606,0.6003364200908613,0.030573208482253394,0.5406554341316223,0.7344852089881897,0.5,0.29047873161131527,0.0,1.0,False,False,True,True,10048049152,sharegpt_wXqtiUe_0::round_3|sharegpt_wXqtiUe_0::round_1|sharegpt_wXqtiUe_0::round_2|sharegpt_wXqtiUe_0::round_0|answer_6ea1541e_1::round_2|f3bd00ec_2::round_5|answer_6ea1541e_1::round_0|sharegpt_iR0IT8N_0::round_1|ultrachat_292416::round_2|sharegpt_JJu53iW_0::round_7,sharegpt_wXqtiUe_0|sharegpt_wXqtiUe_0|sharegpt_wXqtiUe_0|sharegpt_wXqtiUe_0|answer_6ea1541e_1|f3bd00ec_2|answer_6ea1541e_1|sharegpt_iR0IT8N_0|ultrachat_292416|sharegpt_JJu53iW_0
gpt4_e072b769,TR,temporal-reasoning,2023/05/06 (Sat) 09:18,semantic,5,1.0,1.0,1.0,1.0,0.06740000026184134,,,225,1,1,False,0,0,0,0,469.7688888888889,1610,111,0.49333333333333335,0.6144093489646911,0.02995073654884007,0.5623423457145691,0.7817376255989075,0.49999999999999994,0.2906075126404361,0.0,1.0,False,False,True,True,10047737856,answer_c19bd2bf_1::round_5|answer_c19bd2bf_1::round_0|answer_c19bd2bf_1::round_1|answer_c19bd2bf_1::round_2|answer_c19bd2bf_1::round_4,answer_c19bd2bf_1|answer_c19bd2bf_1|answer_c19bd2bf_1|answer_c19bd2bf_1|answer_c19bd2bf_1
gpt4_e072b769,TR,temporal-reasoning,2023/05/06 (Sat) 09:18,hybrid_minmax,5,1.0,1.0,1.0,1.0,0.0777000004745787,,,225,1,1,False,0,0,0,0,469.7688888888889,1610,111,0.49333333333333335,0.6144093489646911,0.02995073654884007,0.5623423457145691,0.7817376255989075,0.49999999999999994,0.2906075126404361,0.0,1.0,False,False,True,True,10047737856,sharegpt_1VhiETr_37::round_8|answer_c19bd2bf_1::round_5|sharegpt_ieJJEsz_0::round_0|answer_c19bd2bf_1::round_0|answer_c19bd2bf_1::round_1,sharegpt_1VhiETr_37|answer_c19bd2bf_1|sharegpt_ieJJEsz_0|answer_c19bd2bf_1|answer_c19bd2bf_1
gpt4_e072b769,TR,temporal-reasoning,2023/05/06 (Sat) 09:18,semantic,10,1.0,1.0,1.0,1.0,0.06919999941601418,,,225,1,1,False,0,0,0,0,469.7688888888889,1610,111,0.49333333333333335,0.6144093489646911,0.02995073654884007,0.5623423457145691,0.7817376255989075,0.49999999999999994,0.2906075126404361,0.0,1.0,False,False,True,True,10047737856,answer_c19bd2bf_1::round_5|answer_c19bd2bf_1::round_0|answer_c19bd2bf_1::round_1|answer_c19bd2bf_1::round_2|answer_c19bd2bf_1::round_4|sharegpt_1VhiETr_37::round_8|0dd54b7c_1::round_4|0dd54b7c_1::round_2|0dd54b7c_1::round_0|answer_c19bd2bf_1::round_3,answer_c19bd2bf_1|answer_c19bd2bf_1|answer_c19bd2bf_1|answer_c19bd2bf_1|answer_c19bd2bf_1|sharegpt_1VhiETr_37|0dd54b7c_1|0dd54b7c_1|0dd54b7c_1|answer_c19bd2bf_1
gpt4_e072b769,TR,temporal-reasoning,2023/05/06 (Sat) 09:18,hybrid_minmax,10,1.0,1.0,1.0,1.0,0.07130000085453503,,,225,1,1,False,0,0,0,0,469.7688888888889,1610,111,0.49333333333333335,0.6144093489646911,0.02995073654884007,0.5623423457145691,0.7817376255989075,0.49999999999999994,0.2906075126404361,0.0,1.0,False,False,True,True,10047737856,sharegpt_1VhiETr_37::round_8|answer_c19bd2bf_1::round_5|sharegpt_ieJJEsz_0::round_0|answer_c19bd2bf_1::round_0|answer_c19bd2bf_1::round_1|sharegpt_1VhiETr_37::round_4|sharegpt_1VhiETr_37::round_9|sharegpt_1VhiETr_37::round_2|sharegpt_1VhiETr_37::round_7|sharegpt_1VhiETr_37::round_3,sharegpt_1VhiETr_37|answer_c19bd2bf_1|sharegpt_ieJJEsz_0|answer_c19bd2bf_1|answer_c19bd2bf_1|sharegpt_1VhiETr_37|sharegpt_1VhiETr_37|sharegpt_1VhiETr_37|sharegpt_1VhiETr_37|sharegpt_1VhiETr_37
c8090214,TR,temporal-reasoning,2023/12/10 (Sun) 17:17,hybrid_minmax,5,0.0,0.0,0.0,0.0,0.07050000021990854,,,231,2,2,False,0,0,17,0,439.038961038961,3307,81,0.35064935064935066,0.6146648113345687,0.027958581748170817,0.567307710647583,0.7438532710075378,0.49999999999999994,0.2905571208104978,0.0,1.0,False,False,True,True,10047923200,ultrachat_345992::round_1|ultrachat_345992::round_2|162ad3bf_1::round_2|d6c6dadf::round_5|d6c6dadf::round_4,ultrachat_345992|ultrachat_345992|162ad3bf_1|d6c6dadf|d6c6dadf
c8090214,TR,temporal-reasoning,2023/12/10 (Sun) 17:17,semantic,10,0.5,1.0,0.5,0.5,0.07139999979699496,,,231,2,2,False,0,0,17,0,439.038961038961,3307,81,0.35064935064935066,0.6146648113345687,0.027958581748170817,0.567307710647583,0.7438532710075378,0.49999999999999994,0.2905571208104978,0.0,1.0,False,False,True,True,10047923200,162ad3bf_1::round_2|answer_70dc7d08_1::round_5|ultrachat_345992::round_1|162ad3bf_1::round_3|162ad3bf_1::round_4|162ad3bf_1::round_5|answer_70dc7d08_1::round_4|answer_70dc7d08_1::round_0|162ad3bf_1::round_1|ultrachat_345992::round_2,162ad3bf_1|answer_70dc7d08_1|ultrachat_345992|162ad3bf_1|162ad3bf_1|162ad3bf_1|answer_70dc7d08_1|answer_70dc7d08_1|162ad3bf_1|ultrachat_345992
gpt4_8e165409,TR,temporal-reasoning,2023/03/26 (Sun) 15:53,hybrid_minmax,5,0.5,1.0,0.5,0.5,0.0729000003047986,,,242,2,2,False,0,0,0,0,428.900826446281,925,97,0.40082644628099173,0.6081263321982927,0.02813524234913075,0.5622740983963013,0.758263111114502,0.4999999999999999,0.29047125036293864,0.0,1.0,False,False,True,True,10047737856,answer_d97db962_2::round_4|answer_d97db962_2::round_5|0c6c9f4d::round_5|sharegpt_peRemgk_0::round_1|sharegpt_peRemgk_0::round_3,answer_d97db962_2|answer_d97db962_2|0c6c9f4d|sharegpt_peRemgk_0|sharegpt_peRemgk_0
gpt4_8e165409,TR,temporal-reasoning,2023/03/26 (Sun) 15:53,hybrid_rrf,5,0.0,0.0,0.0,0.0,0.07279999954334926,,,242,2,2,False,0,0,0,0,428.900826446281,925,97,0.40082644628099173,0.6081263321982927,0.02813524234913075,0.5622740983963013,0.758263111114502,0.4999999999999999,0.29047125036293864,0.0,1.0,False,False,True,True,10047737856,0c6c9f4d::round_5|sharegpt_peRemgk_0::round_1|sharegpt_peRemgk_0::round_3|0c6c9f4d::round_1|ultrachat_77564::round_1,0c6c9f4d|sharegpt_peRemgk_0|sharegpt_peRemgk_0|0c6c9f4d|ultrachat_77564
gpt4_8e165409,TR,temporal-reasoning,2023/03/26 (Sun) 15:53,semantic,10,1.0,1.0,1.0,1.0,0.07300000106624793,,,242,2,2,False,0,0,0,0,428.900826446281,925,97,0.40082644628099173,0.6081263321982927,0.02813524234913075,0.5622740983963013,0.758263111114502,0.4999999999999999,0.29047125036293864,0.0,1.0,False,False,True,True,10047737856,answer_d97db962_2::round_4|answer_d97db962_1::round_0|answer_d97db962_2::round_5|answer_d97db962_1::round_4|answer_d97db962_2::round_2|answer_d97db962_2::round_3|answer_d97db962_2::round_0|answer_d97db962_1::round_2|answer_d97db962_1::round_3|sharegpt_JRQtEcd_115::round_0,answer_d97db962_2|answer_d97db962_1|answer_d97db962_2|answer_d97db962_1|answer_d97db962_2|answer_d97db962_2|answer_d97db962_2|answer_d97db962_1|answer_d97db962_1|sharegpt_JRQtEcd_115
9a707b81,TR,temporal-reasoning,2022/04/15 (Fri) 18:46,recency,10,0.5,1.0,0.5,0.5,0.02409999979136046,,,267,2,2,False,0,0,0,0,405.3333333333333,5746,70,0.26217228464419473,0.6179246706016055,0.02909115993279882,0.5638694763183594,0.713512659072876,0.5,0.290302494770947,0.0,1.0,False,False,True,True,10047737856,6862e478_2::round_5|6862e478_2::round_4|6862e478_2::round_3|6862e478_2::round_2|6862e478_2::round_1|6862e478_2::round_0|sharegpt_9q6K1JO_0::round_0|answer_dba89487_1::round_5|answer_dba89487_1::round_4|answer_dba89487_1::round_3,6862e478_2|6862e478_2|6862e478_2|6862e478_2|6862e478_2|6862e478_2|sharegpt_9q6K1JO_0|answer_dba89487_1|answer_dba89487_1|answer_dba89487_1
9a707b81,TR,temporal-reasoning,2022/04/15 (Fri) 18:46,hybrid_rrf,10,0.5,1.0,0.5,0.5,0.08140000136336312,,,267,2,2,False,0,0,0,0,405.3333333333333,5746,70,0.26217228464419473,0.6179246706016055,0.02909115993279882,0.5638694763183594,0.713512659072876,0.5,0.290302494770947,0.0,1.0,False,False,True,True,10047737856,6862e478_2::round_3|answer_dba89487_1::round_3|6862e478_2::round_2|answer_dba89487_1::round_5|6862e478_2::round_1|answer_dba89487_1::round_4|answer_dba89487_1::round_0|6862e478_2::round_4|answer_dba89487_1::round_1|sharegpt_sW9QRz1_0::round_0,6862e478_2|answer_dba89487_1|6862e478_2|answer_dba89487_1|6862e478_2|answer_dba89487_1|answer_dba89487_1|6862e478_2|answer_dba89487_1|sharegpt_sW9QRz1_0
gpt4_f420262c,TR,temporal-reasoning,2023/03/02 (Thu) 06:11,semantic,10,0.4,1.0,0.6,0.4,0.07429999823216349,,,249,5,5,False,0,0,0,0,423.8152610441767,2910,90,0.3614457831325301,0.6166516549615975,0.02557256419143747,0.5665223002433777,0.702125608921051,0.5,0.2904205703808051,0.0,1.0,False,False,True,True,10047898624,answer_d8a1af6b_5::round_3|answer_d8a1af6b_5::round_1|answer_d8a1af6b_5::round_0|answer_d8a1af6b_5::round_2|answer_d8a1af6b_5::round_4|sharegpt_3dtASzd_0::round_1|answer_d8a1af6b_3::round_0|sharegpt_3dtASzd_0::round_2|sharegpt_3dtASzd_0::round_0|answer_d8a1af6b_2::round_1,answer_d8a1af6b_5|answer_d8a1af6b_5|answer_d8a1af6b_5|answer_d8a1af6b_5|answer_d8a1af6b_5|sharegpt_3dtASzd_0|answer_d8a1af6b_3|sharegpt_3dtASzd_0|sharegpt_3dtASzd_0|answer_d8a1af6b_2
gpt4_f420262c,TR,temporal-reasoning,2023/03/02 (Thu) 06:11,hybrid_rrf,10,0.6,1.0,0.6,0.6,0.07580000055895653,,,249,5,5,False,0,0,0,0,423.8152610441767,2910,90,0.3614457831325301,0.6166516549615975,0.02557256419143747,0.5665223002433777,0.702125608921051,0.5,0.2904205703808051,0.0,1.0,False,False,True,True,10047898624,answer_d8a1af6b_5::round_3|answer_d8a1af6b_5::round_1|answer_d8a1af6b_5::round_4|answer_d8a1af6b_5::round_2|answer_d8a1af6b_5::round_0|answer_d8a1af6b_4::round_1|answer_d8a1af6b_4::round_0|answer_d8a1af6b_4::round_3|answer_d8a1af6b_3::round_0|dbf644b3_1::round_5,answer_d8a1af6b_5|answer_d8a1af6b_5|answer_d8a1af6b_5|answer_d8a1af6b_5|answer_d8a1af6b_5|answer_d8a1af6b_4|answer_d8a1af6b_4|answer_d8a1af6b_4|answer_d8a1af6b_3|dbf644b3_1
6613b389,TR,temporal-reasoning,2023/07/07 (Fri) 13:04,semantic,10,0.5,1.0,0.3333333333333333,0.5,0.06860000030428637,,,226,2,3,False,0,0,18,1,469.3938053097345,841,113,0.5,0.6093466875299943,0.02027557243142501,0.5712745785713196,0.676082968711853,0.5,0.2905989274335237,0.0,1.0,False,False,True,True,10047856640,answer_aaf71ce2_2::round_4|answer_aaf71ce2_2::round_2|f1cc1ddb_1::round_5|ultrachat_80430::round_4|answer_aaf71ce2_2::round_5|f1163e57::round_3|answer_aaf71ce2_2::round_0|answer_aaf71ce2_2::round_1|e3d8da67::round_5|20d6c376_1::round_1,answer_aaf71ce2_2|answer_aaf71ce2_2|f1cc1ddb_1|ultrachat_80430|answer_aaf71ce2_2|f1163e57|answer_aaf71ce2_2|answer_aaf71ce2_2|e3d8da67|20d6c376_1
8c18457d,TR,temporal-reasoning,2023/03/29 (Wed) 13:43,hybrid_minmax,5,0.3333333333333333,1.0,1.0,0.3333333333333333,0.0670000008540228,,,218,3,2,False,0,0,14,2,481.60550458715596,2878,104,0.47706422018348627,0.61477637263613,0.02830026844249988,0.5717529654502869,0.7692341804504395,0.5,0.29066982379167017,0.0,1.0,False,False,True,True,10047886336,98cd882c_2::round_0|answer_124f5dc3_2::round_4|answer_124f5dc3_2::round_3|answer_124f5dc3_1::round_0|answer_124f5dc3_1::round_2,98cd882c_2|answer_124f5dc3_2|answer_124f5dc3_2|answer_124f5dc3_1|answer_124f5dc3_1
8c18457d,TR,temporal-reasoning,2023/03/29 (Wed) 13:43,hybrid_raw,10,0.6666666666666666,1.0,0.5,0.6666666666666666,0.06799999937356915,,,218,3,2,False,0,0,14,2,481.60550458715596,2878,104,0.47706422018348627,0.61477637263613,0.02830026844249988,0.5717529654502869,0.7692341804504395,0.5,0.29066982379167017,0.0,1.0,False,False,True,True,10047886336,answer_124f5dc3_2::round_4|answer_124f5dc3_2::round_3|b53f447a_1::round_2|answer_124f5dc3_2::round_5|b53f447a_1::round_4|b53f447a_1::round_5|answer_124f5dc3_2::round_0|answer_124f5dc3_2::round_2|b53f447a_1::round_3|c8dcbe7f_1::round_4,answer_124f5dc3_2|answer_124f5dc3_2|b53f447a_1|answer_124f5dc3_2|b53f447a_1|b53f447a_1|answer_124f5dc3_2|answer_124f5dc3_2|b53f447a_1|c8dcbe7f_1
gpt4_1d4ab0c9,TR,temporal-reasoning,2023/04/18 (Tue) 10:43,semantic,5,1.0,1.0,1.0,1.0,0.07269999878189992,,,244,2,2,False,0,0,0,0,429.1516393442623,2419,86,0.3524590163934426,0.6117462713698871,0.032163071553189905,0.5615704655647278,0.8116538524627686,0.4999999999999999,0.29045647252614326,0.0,1.0,False,False,True,True,10047956992,answer_febde667_1::round_0|answer_febde667_2::round_0|answer_febde667_2::round_1|answer_febde667_2::round_2|answer_febde667_1::round_4,answer_febde667_1|answer_febde667_2|answer_febde667_2|answer_febde667_2|answer_febde667_1
gpt4_1d4ab0c9,TR,temporal-reasoning,2023/04/18 (Tue) 10:43,hybrid_raw,5,0.5,1.0,0.5,0.5,0.07299999924725853,,,244,2,2,False,0,0,0,0,429.1516393442623,2419,86,0.3524590163934426,0.6117462713698871,0.032163071553189905,0.5615704655647278,0.8116538524627686,0.4999999999999999,0.29045647252614326,0.0,1.0,False,False,True,True,10047956992,answer_febde667_2::round_0|ultrachat_562892::round_6|answer_febde667_2::round_1|ultrachat_562892::round_4|answer_febde667_2::round_2,answer_febde667_2|ultrachat_562892|answer_febde667_2|ultrachat_562892|answer_febde667_2
gpt4_1d4ab0c9,TR,temporal-reasoning,2023/04/18 (Tue) 10:43,hybrid_minmax,5,0.5,1.0,0.5,0.5,0.07139999979699496,,,244,2,2,False,0,0,0,0,429.1516393442623,2419,86,0.3524590163934426,0.6117462713698871,0.032163071553189905,0.5615704655647278,0.8116538524627686,0.4999999999999999,0.29045647252614326,0.0,1.0,False,False,True,True,10047956992,answer_febde667_2::round_0|answer_febde667_2::round_1|answer_febde667_2::round_2|answer_febde667_2::round_3|answer_febde667_2::round_5,answer_febde667_2|answer_febde667_2|answer_febde667_2|answer_febde667_2|answer_febde667_2
gpt4_1d4ab0c9,TR,temporal-reasoning,2023/04/18 (Tue) 10:43,semantic,10,1.0,1.0,1.0,1.0,0.07449999975506216,,,244,2,2,False,0,0,0,0,429.1516393442623,2419,86,0.3524590163934426,0.6117462713698871,0.032163071553189905,0.5615704655647278,0.8116538524627686,0.4999999999999999,0.29045647252614326,0.0,1.0,False,False,True,True,10047956992,answer_febde667_1::round_0|answer_febde667_2::round_0|answer_febde667_2::round_1|answer_febde667_2::round_2|answer_febde667_1::round_4|answer_febde667_1::round_5|answer_febde667_1::round_1|answer_febde667_2::round_3|sharegpt_htSCqmh_171::round_1|answer_febde667_1::round_3,answer_febde667_1|answer_febde667_2|answer_febde667_2|answer_febde667_2|answer_febde667_1|answer_febde667_1|answer_febde667_1|answer_febde667_2|sharegpt_htSCqmh_171|answer_febde667_1
gpt4_1d4ab0c9,TR,temporal-reasoning,2023/04/18 (Tue) 10:43,hybrid_raw,10,0.5,1.0,0.5,0.5,0.07280000136233866,,,244,2,2,False,0,0,0,0,429.1516393442623,2419,86,0.3524590163934426,0.6117462713698871,0.032163071553189905,0.5615704655647278,0.8116538524627686,0.4999999999999999,0.29045647252614326,0.0,1.0,False,False,True,True,10047956992,answer_febde667_2::round_0|ultrachat_562892::round_6|answer_febde667_2::round_1|ultrachat_562892::round_4|answer_febde667_2::round_2|ultrachat_562892::round_5|ultrachat_201007::round_2|ultrachat_201007::round_4|ultrachat_201007::round_0|ultrachat_562892::round_2,answer_febde667_2|ultrachat_562892|answer_febde667_2|ultrachat_562892|answer_febde667_2|ultrachat_562892|ultrachat_201007|ultrachat_201007|ultrachat_201007|ultrachat_562892
gpt4_1d4ab0c9,TR,temporal-reasoning,2023/04/18 (Tue) 10:43,hybrid_minmax,10,1.0,1.0,1.0,1.0,0.09390000013809185,,,244,2,2,False,0,0,0,0,429.1516393442623,2419,86,0.3524590163934426,0.6117462713698871,0.032163071553189905,0.5615704655647278,0.8116538524627686,0.4999999999999999,0.29045647252614326,0.0,1.0,False,False,True,True,10047956992,answer_febde667_2::round_0|answer_febde667_2::round_1|answer_febde667_2::round_2|answer_febde667_2::round_3|answer_febde667_2::round_5|answer_febde667_1::round_0|sharegpt_6cz1Sq6_328::round_0|answer_febde667_2::round_4|ultrachat_201007::round_2|2f50399c::round_1,answer_febde667_2|answer_febde667_2|answer_febde667_2|answer_febde667_2|answer_febde667_2|answer_febde667_1|sharegpt_6cz1Sq6_328|answer_febde667_2|ultrachat_201007|2f50399c
gpt4_1d4ab0c9,TR,temporal-reasoning,2023/04/18 (Tue) 10:43,hybrid_rrf,10,0.5,1.0,0.5,0.5,0.07560000085504726,,,244,2,2,False,0,0,0,0,429.1516393442623,2419,86,0.3524590163934426,0.6117462713698871,0.032163071553189905,0.5615704655647278,0.8116538524627686,0.4999999999999999,0.29045647252614326,0.0,1.0,False,False,True,True,10047956992,answer_febde667_2::round_0|answer_febde667_2::round_1|answer_febde667_2::round_2|answer_febde667_2::round_3|sharegpt_6cz1Sq6_328::round_0|answer_febde667_2::round_5|answer_febde667_2::round_4|2f50399c::round_1|ultrachat_201007::round_2|feb9e0c3_2::round_5,answer_febde667_2|answer_febde667_2|answer_febde667_2|answer_febde667_2|sharegpt_6cz1Sq6_328|answer_febde667_2|answer_febde667_2|2f50399c|ultrachat_201007|feb9e0c3_2
gpt4_af6db32f,TR,temporal-reasoning,2023/03/01 (Wed) 19:28,semantic,5,0.0,0.0,1.0,0.0,0.07260000165842939,,,240,1,1,False,0,0,0,0,444.60833333333335,869,103,0.42916666666666664,0.6131062433123589,0.023918204318920697,0.5603185296058655,0.715325117111206,0.5,0.2904862754428415,0.0,1.0,False,False,True,True,10047737856,aee13015_6::round_2|answer_184c8f56_1::round_1|answer_184c8f56_1::round_2|aee13015_6::round_4|sharegpt_4sEBgMJ_5::round_0,aee13015_6|answer_184c8f56_1|answer_184c8f56_1|aee13015_6|sharegpt_4sEBgMJ_5
gpt4_af6db32f,TR,temporal-reasoning,2023/03/01 (Wed) 19:28,hybrid_minmax,10,0.0,0.0,1.0,0.0,0.07270000060088933,,,240,1,1,False,0,0,0,0,444.60833333333335,869,103,0.42916666666666664,0.6131062433123589,0.023918204318920697,0.5603185296058655,0.715325117111206,0.5,0.2904862754428415,0.0,1.0,False,False,True,True,10047737856,aee13015_6::round_2|answer_184c8f56_1::round_1|answer_184c8f56_1::round_2|aee13015_6::round_4|ultrachat_552923::round_4|ultrachat_552923::round_5|ultrachat_552923::round_6|ultrachat_552923::round_3|ultrachat_552923::round_2|aee13015_6::round_5,aee13015_6|answer_184c8f56_1|answer_184c8f56_1|aee13015_6|ultrachat_552923|ultrachat_552923|ultrachat_552923|ultrachat_552923|ultrachat_552923|aee13015_6
gpt4_af6db32f,TR,temporal-reasoning,2023/03/01 (Wed) 19:28,hybrid_rrf,10,0.0,0.0,1.0,0.0,0.07349999941652641,,,240,1,1,False,0,0,0,0,444.60833333333335,869,103,0.42916666666666664,0.6131062433123589,0.023918204318920697,0.5603185296058655,0.715325117111206,0.5,0.2904862754428415,0.0,1.0,False,False,True,True,10047737856,ultrachat_552923::round_4|ultrachat_552923::round_5|aee13015_6::round_2|ultrachat_552923::round_6|aee13015_6::round_4|ultrachat_552923::round_3|ultrachat_552923::round_2|aee13015_6::round_5|answer_184c8f56_1::round_1|answer_184c8f56_1::round_2,ultrachat_552923|ultrachat_552923|aee13015_6|ultrachat_552923|aee13015_6|ultrachat_552923|ultrachat_552923|aee13015_6|answer_184c8f56_1|answer_184c8f56_1
gpt4_fa19884c,TR,temporal-reasoning,2023/04/05 (Wed) 09:11,hybrid_raw,5,0.5,1.0,0.5,0.5,0.07259999983943999,,,256,2,2,False,0,0,0,0,401.57421875,1409,79,0.30859375,0.6113184890709817,0.025000434465483567,0.56651771068573,0.750716507434845,0.5,0.29037267193547334,0.0,1.0,False,False,True,True,10047737856,answer_ff201786_2::round_0|4d408e9d::round_1|4d408e9d::round_0|4d408e9d::round_5|4d408e9d::round_2,answer_ff201786_2|4d408e9d|4d408e9d|4d408e9d|4d408e9d
gpt4_fa19884c,TR,temporal-reasoning,2023/04/05 (Wed) 09:11,hybrid_rrf,5,0.5,1.0,0.5,0.5,0.07729999924777076,,,256,2,2,False,0,0,0,0,401.57421875,1409,79,0.30859375,0.6113184890709817,0.025000434465483567,0.56651771068573,0.750716507434845,0.5,0.29037267193547334,0.0,1.0,False,False,True,True,10047737856,answer_ff201786_2::round_0|answer_ff201786_2::round_2|answer_ff201786_2::round_4|answer_ff201786_2::round_1|answer_ff201786_2::round_3,answer_ff201786_2|answer_ff201786_2|answer_ff201786_2|answer_ff201786_2|answer_ff201786_2
gpt4_fa19884c,TR,temporal-reasoning,2023/04/05 (Wed) 09:11,semantic,10,1.0,1.0,1.0,1.0,0.07850000110920519,,,256,2,2,False,0,0,0,0,401.57421875,1409,79,0.30859375,0.6113184890709817,0.025000434465483567,0.56651771068573,0.750716507434845,0.5,0.29037267193547334,0.0,1.0,False,False,True,True,10047737856,answer_ff201786_1::round_4|answer_ff201786_2::round_0|answer_ff201786_1::round_5|answer_ff201786_2::round_2|answer_ff201786_1::round_2|answer_ff201786_2::round_1|answer_ff201786_2::round_4|answer_ff201786_1::round_0|ultrachat_423544::round_1|ultrachat_423544::round_2,answer_ff201786_1|answer_ff201786_2|answer_ff201786_1|answer_ff201786_2|answer_ff201786_1|answer_ff201786_2|answer_ff201786_2|answer_ff201786_1|ultrachat_423544|ultrachat_423544
gpt4_fa19884c,TR,temporal-reasoning,2023/04/05 (Wed) 09:11,hybrid_raw,10,0.5,1.0,0.5,0.5,0.07580000055895653,,,256,2,2,False,0,0,0,0,401.57421875,1409,79,0.30859375,0.6113184890709817,0.025000434465483567,0.56651771068573,0.750716507434845,0.5,0.29037267193547334,0.0,1.0,False,False,True,True,10047737856,answer_ff201786_2::round_0|4d408e9d::round_1|4d408e9d::round_0|4d408e9d::round_5|4d408e9d::round_2|ultrachat_287678::round_1|ultrachat_287678::round_2|4d408e9d::round_4|4d408e9d::round_3|ultrachat_465862::round_3,answer_ff201786_2|4d408e9d|4d408e9d|4d408e9d|4d408e9d|ultrachat_287678|ultrachat_287678|4d408e9d|4d408e9d|ultrachat_465862
gpt4_fa19884c,TR,temporal-reasoning,2023/04/05 (Wed) 09:11,hybrid_minmax,10,1.0,1.0,1.0,1.0,0.07920000098238233,,,256,2,2,False,0,0,0,0,401.57421875,1409,79,0.30859375,0.6113184890709817,0.025000434465483567,0.56651771068573,0.750716507434845,0.5,0.29037267193547334,0.0,1.0,False,False,True,True,10047737856,answer_ff201786_2::round_0|answer_ff201786_2::round_2|answer_ff201786_2::round_1|answer_ff201786_2::round_4|answer_ff201786_1::round_4|answer_ff201786_2::round_3|answer_ff201786_1::round_5|87a02ddc_3::round_0|fee8e72a_5::round_5|4d408e9d::round_1,answer_ff201786_2|answer_ff201786_2|answer_ff201786_2|answer_ff201786_2|answer_ff201786_1|answer_ff201786_2|answer_ff201786_1|87a02ddc_3|fee8e72a_5|4d408e9d
gpt4_a1b77f9c,TR,temporal-reasoning,2022/04/30 (Sat) 13:22,semantic,5,0.3333333333333333,1.0,0.5,0.3333333333333333,0.07610000102431513,,,251,6,6,False,0,0,0,0,427.66932270916334,905,107,0.4262948207171315,0.6308478114614449,0.034016478849115954,0.5770789980888367,0.7447323203086853,0.5,0.2904066114949864,0.0,1.0,False,False,True,True,10047889408,answer_e9ad5914_3::round_3|answer_e9ad5914_6::round_0|answer_e9ad5914_6::round_4|answer_e9ad5914_5::round_3|answer_e9ad5914_6::round_1,answer_e9ad5914_3|answer_e9ad5914_6|answer_e9ad5914_6|answer_e9ad5914_5|answer_e9ad5914_6
gpt4_a1b77f9c,TR,temporal-reasoning,2022/04/30 (Sat) 13:22,hybrid_minmax,5,0.3333333333333333,1.0,0.5,0.3333333333333333,0.07469999945897143,,,251,6,6,False,0,0,0,0,427.66932270916334,905,107,0.4262948207171315,0.6308478114614449,0.034016478849115954,0.5770789980888367,0.7447323203086853,0.5,0.2904066114949864,0.0,1.0,False,False,True,True,10047889408,answer_e9ad5914_6::round_4|answer_e9ad5914_6::round_0|answer_e9ad5914_5::round_3|answer_e9ad5914_6::round_1|answer_e9ad5914_3::round_3,answer_e9ad5914_6|answer_e9ad5914_6|answer_e9ad5914_5|answer_e9ad5914_6|answer_e9ad5914_3
gpt4_a1b77f9c,TR,temporal-reasoning,2022/04/30 (Sat) 13:22,hybrid_rrf,5,0.3333333333333333,1.0,0.3333333333333333,0.3333333333333333,0.07559999903605785,,,251,6,6,False,0,0,0,0,427.66932270916334,905,107,0.4262948207171315,0.6308478114614449,0.034016478849115954,0.5770789980888367,0.7447323203086853,0.5,0.2904066114949864,0.0,1.0,False,False,True,True,10047889408,answer_e9ad5914_6::round_4|answer_e9ad5914_6::round_0|answer_e9ad5914_6::round_1|answer_e9ad5914_5::round_3|answer_e9ad5914_5::round_4,answer_e9ad5914_6|answer_e9ad5914_6|answer_e9ad5914_6|answer_e9ad5914_5|answer_e9ad5914_5
gpt4_a1b77f9c,TR,temporal-reasoning,2022/04/30 (Sat) 13:22,semantic,10,0.6666666666666666,1.0,0.8333333333333334,0.6666666666666666,0.07530000038968865,,,251,6,6,False,0,0,0,0,427.66932270916334,905,107,0.4262948207171315,0.6308478114614449,0.034016478849115954,0.5770789980888367,0.7447323203086853,0.5,0.2904066114949864,0.0,1.0,False,False,True,True,10047889408,answer_e9ad5914_3::round_3|answer_e9ad5914_6::round_0|answer_e9ad5914_6::round_4|answer_e9ad5914_5::round_3|answer_e9ad5914_6::round_1|answer_e9ad5914_5::round_0|answer_e9ad5914_5::round_4|answer_e9ad5914_2::round_0|answer_e9ad5914_3::round_4|answer_e9ad5914_1::round_3,answer_e9ad5914_3|answer_e9ad5914_6|answer_e9ad5914_6|answer_e9ad5914_5|answer_e9ad5914_6|answer_e9ad5914_5|answer_e9ad5914_5|answer_e9ad5914_2|answer_e9ad5914_3|answer_e9ad5914_1
gpt4_a1b77f9c,TR,temporal-reasoning,2022/04/30 (Sat) 13:22,hybrid_minmax,10,0.5,1.0,0.5,0.5,0.0794000006862916,,,251,6,6,False,0,0,0,0,427.66932270916334,905,107,0.4262948207171315,0.6308478114614449,0.034016478849115954,0.5770789980888367,0.7447323203086853,0.5,0.2904066114949864,0.0,1.0,False,False,True,True,10047889408,answer_e9ad5914_6::round_4|answer_e9ad5914_6::round_0|answer_e9ad5914_5::round_3|answer_e9ad5914_6::round_1|answer_e9ad5914_3::round_3|answer_e9ad5914_5::round_4|answer_e9ad5914_5::round_0|answer_e9ad5914_6::round_3|answer_e9ad5914_6::round_2|answer_e9ad5914_6::round_5,answer_e9ad5914_6|answer_e9ad5914_6|answer_e9ad5914_5|answer_e9ad5914_6|answer_e9ad5914_3|answer_e9ad5914_5|answer_e9ad5914_5|answer_e9ad5914_6|answer_e9ad5914_6|answer_e9ad5914_6
gpt4_a1b77f9c,TR,temporal-reasoning,2022/04/30 (Sat) 13:22,hybrid_rrf,10,0.5,1.0,0.5,0.5,0.0808000004326459,,,251,6,6,False,0,0,0,0,427.66932270916334,905,107,0.4262948207171315,0.6308478114614449,0.034016478849115954,0.5770789980888367,0.7447323203086853,0.5,0.2904066114949864,0.0,1.0,False,False,True,True,10047889408,answer_e9ad5914_6::round_4|answer_e9ad5914_6::round_0|answer_e9ad5914_6::round_1|answer_e9ad5914_5::round_3|answer_e9ad5914_5::round_4|answer_e9ad5914_5::round_0|answer_e9ad5914_6::round_3|answer_e9ad5914_3::round_3|answer_e9ad5914_6::round_2|answer_e9ad5914_6::round_5,answer_e9ad5914_6|answer_e9ad5914_6|answer_e9ad5914_6|answer_e9ad5914_5|answer_e9ad5914_5|answer_e9ad5914_5|answer_e9ad5914_6|answer_e9ad5914_3|answer_e9ad5914_6|answer_e9ad5914_6
f0853d11,TR,temporal-reasoning,2023/03/14 (Tue) 21:24,semantic,10,1.0,1.0,1.0,1.0,0.07719999848632142,,,252,2,2,False,0,0,1,0,411.74603174603175,878,103,0.4087301587301587,0.6083126730389066,0.02976316980165365,0.5575657486915588,0.7443705201148987,0.5,0.2903997154444928,0.0,1.0,False,False,True,True,10047737856,answer_932ea3bf_2::round_5|answer_932ea3bf_2::round_4|answer_932ea3bf_2::round_2|788da930_1::round_3|ultrachat_114660::round_2|answer_932ea3bf_1::round_0|788da930_1::round_5|bd8708e2_2::round_4|ultrachat_114660::round_0|answer_932ea3bf_2::round_0,answer_932ea3bf_2|answer_932ea3bf_2|answer_932ea3bf_2|788da930_1|ultrachat_114660|answer_932ea3bf_1|788da930_1|bd8708e2_2|ultrachat_114660|answer_932ea3bf_2
f0853d11,TR,temporal-reasoning,2023/03/14 (Tue) 21:24,hybrid_rrf,10,0.5,1.0,0.5,0.5,0.07960000039020088,,,252,2,2,False,0,0,1,0,411.74603174603175,878,103,0.4087301587301587,0.6083126730389066,0.02976316980165365,0.5575657486915588,0.7443705201148987,0.5,0.2903997154444928,0.0,1.0,False,False,True,True,10047737856,answer_932ea3bf_2::round_5|answer_932ea3bf_2::round_4|answer_932ea3bf_2::round_2|bd8708e2_2::round_4|sharegpt_9upOSlE_27::round_5|212ce1f4_6::round_1|answer_932ea3bf_2::round_0|212ce1f4_6::round_2|sharegpt_9upOSlE_27::round_4|answer_932ea3bf_2::round_3,answer_932ea3bf_2|answer_932ea3bf_2|answer_932ea3bf_2|bd8708e2_2|sharegpt_9upOSlE_27|212ce1f4_6|answer_932ea3bf_2|212ce1f4_6|sharegpt_9upOSlE_27|answer_932ea3bf_2
0bc8ad92,TR,temporal-reasoning,2023/03/25 (Sat) 17:18,hybrid_minmax,5,0.0,0.0,0.3333333333333333,0.0,0.06740000026184134,,,225,3,3,False,0,0,0,0,464.18666666666667,1595,103,0.4577777777777778,0.6234141945838928,0.026439155245618916,0.5741173624992371,0.7314097881317139,0.5,0.2906075126404361,0.0,1.0,False,False,True,True,10047763456,answer_f4ea84fb_1::round_4|ultrachat_282889::round_2|881acf41_1::round_4|ultrachat_282889::round_1|sharegpt_vClQxDr_21::round_0,answer_f4ea84fb_1|ultrachat_282889|881acf41_1|ultrachat_282889|sharegpt_vClQxDr_21
0bc8ad92,TR,temporal-reasoning,2023/03/25 (Sat) 17:18,hybrid_rrf,5,0.0,0.0,0.3333333333333333,0.0,0.0684000006003771,,,225,3,3,False,0,0,0,0,464.18666666666667,1595,103,0.4577777777777778,0.6234141945838928,0.026439155245618916,0.5741173624992371,0.7314097881317139,0.5,0.2906075126404361,0.0,1.0,False,False,True,True,10047763456,ultrachat_282889::round_2|881acf41_1::round_4|ultrachat_282889::round_1|answer_f4ea84fb_1::round_4|sharegpt_vClQxDr_21::round_0,ultrachat_282889|881acf41_1|ultrachat_282889|answer_f4ea84fb_1|sharegpt_vClQxDr_21
d596882b,IE,single-session-assistant,2023/05/30 (Tue) 19:29,no_retrieval,0,,,,,0.0,19,19,,,,,,,,,,,,,,,,,,,,,,,,,,,
778164c6,IE,single-session-assistant,2023/05/30 (Tue) 20:36,no_retrieval,0,,,,,0.0,19,19,,,,,,,,,,,,,,,,,,,,,,,,,,,
b0479f84,IE,single-session-preference,2023/05/30 (Tue) 22:56,oracle,0,,,,,0.0,662,662,,,,,,,,,,,,,,,,,,,,,,,,,,answer_30f63ddb::round_0,answer_30f63ddb
b6025781,IE,single-session-preference,2023/05/30 (Tue) 21:41,no_retrieval,0,,,,,0.0,19,19,,,,,,,,,,,,,,,,,,,,,,,,,,,
b6025781,IE,single-session-preference,2023/05/30 (Tue) 21:41,oracle,0,,,,,0.0,517,517,,,,,,,,,,,,,,,,,,,,,,,,,,answer_8414cc57::round_0,answer_8414cc57
a89d7624,IE,single-session-preference,2023/05/30 (Tue) 21:17,no_retrieval,0,,,,,0.0,19,19,,,,,,,,,,,,,,,,,,,,,,,,,,,
a89d7624,IE,single-session-preference,2023/05/30 (Tue) 21:17,oracle,0,,,,,0.0,1036,1036,,,,,,,,,,,,,,,,,,,,,,,,,,answer_8f15ac24::round_2|answer_8f15ac24::round_3,answer_8f15ac24|answer_8f15ac24
38146c39,IE,single-session-preference,2023/05/30 (Tue) 20:02,no_retrieval,0,,,,,0.0,19,19,,,,,,,,,,,,,,,,,,,,,,,,,,,
1c0ddc50,IE,single-session-preference,2023/05/30 (Tue) 13:09,oracle,0,,,,,0.0,1138,1138,,,,,,,,,,,,,,,,,,,,,,,,,,answer_8da8c7e0::round_0|answer_8da8c7e0::round_2,answer_8da8c7e0|answer_8da8c7e0
0a34ad58,IE,single-session-preference,2023/05/30 (Tue) 22:40,no_retrieval,0,,,,,0.0,19,19,,,,,,,,,,,,,,,,,,,,,,,,,,,
0a34ad58,IE,single-session-preference,2023/05/30 (Tue) 22:40,oracle,0,,,,,0.0,1135,1135,,,,,,,,,,,,,,,,,,,,,,,,,,answer_cebb7159::round_1|answer_cebb7159::round_3,answer_cebb7159|answer_cebb7159
195a1a1b,IE,single-session-preference,2023/05/30 (Tue) 22:28,no_retrieval,0,,,,,0.0,19,19,,,,,,,,,,,,,,,,,,,,,,,,,,,
195a1a1b,IE,single-session-preference,2023/05/30 (Tue) 22:28,oracle,0,,,,,0.0,626,626,,,,,,,,,,,,,,,,,,,,,,,,,,answer_6dc4305e::round_2,answer_6dc4305e
fca70973,IE,single-session-preference,2023/08/15 (Tue) 23:59,no_retrieval,0,,,,,0.0,19,19,,,,,,,,,,,,,,,,,,,,,,,,,,,
fca70973,IE,single-session-preference,2023/08/15 (Tue) 23:59,oracle,0,,,,,0.0,413,413,,,,,,,,,,,,,,,,,,,,,,,,,,answer_a1e169b1::round_0,answer_a1e169b1
07b6f563,IE,single-session-preference,2023/05/30 (Tue) 21:46,oracle,0,,,,,0.0,1198,1198,,,,,,,,,,,,,,,,,,,,,,,,,,answer_d03098f9::round_0|answer_d03098f9::round_1,answer_d03098f9|answer_d03098f9
35a27287,IE,single-session-preference,2023/05/30 (Tue) 22:15,oracle,0,,,,,0.0,1889,1889,,,,,,,,,,,,,,,,,,,,,,,,,,answer_9b182436::round_1|answer_9b182436::round_2|answer_9b182436::round_6,answer_9b182436|answer_9b182436|answer_9b182436
a1cc6108,MR,multi-session,2023/05/30 (Tue) 20:23,oracle,0,,,,,0.0,1158,1158,,,,,,,,,,,,,,,,,,,,,,,,,,answer_17dc2f5b_2::round_1|answer_17dc2f5b_1::round_0,answer_17dc2f5b_2|answer_17dc2f5b_1
7024f17c,MR,multi-session,2023/05/30 (Tue) 21:24,oracle,0,,,,,0.0,1054,1054,,,,,,,,,,,,,,,,,,,,,,,,,,answer_a21f3697_1::round_0|answer_a21f3697_2::round_0,answer_a21f3697_1|answer_a21f3697_2
157a136e,MR,multi-session,2024/02/05 (Mon) 23:49,oracle,0,,,,,0.0,1999,1999,,,,,,,,,,,,,,,,,,,,,,,,,,answer_8de18468_2::round_0|answer_8de18468_2::round_1|answer_8de18468_1::round_1,answer_8de18468_2|answer_8de18468_2|answer_8de18468_1
gpt4_2f91af09,MR,multi-session,2023/05/30 (Tue) 17:14,oracle,0,,,,,0.0,1927,1927,,,,,,,,,,,,,,,,,,,,,,,,,,answer_669318cf_2::round_0|answer_669318cf_1::round_0|answer_669318cf_3::round_0,answer_669318cf_2|answer_669318cf_1|answer_669318cf_3
gpt4_372c3eed,MR,multi-session,2021/08/20 (Fri) 23:34,oracle,0,,,,,0.0,2229,2229,,,,,,,,,,,,,,,,,,,,,,,,,,answer_35c5419d_3::round_0|answer_35c5419d_2::round_0|answer_35c5419d_1::round_1,answer_35c5419d_3|answer_35c5419d_2|answer_35c5419d_1
2b8f3739,MR,multi-session,2023/06/01 (Thu) 23:37,oracle,0,,,,,0.0,2091,2091,,,,,,,,,,,,,,,,,,,,,,,,,,answer_23759615_2::round_0|answer_23759615_3::round_0|answer_23759615_1::round_0,answer_23759615_2|answer_23759615_3|answer_23759615_1
gpt4_e05b82a6,MR,multi-session,2023/11/04 (Sat) 23:49,oracle,0,,,,,0.0,1886,1886,,,,,,,,,,,,,,,,,,,,,,,,,,answer_6350aa4f_1::round_5|answer_6350aa4f_2::round_0|answer_6350aa4f_3::round_0|answer_6350aa4f_4::round_0,answer_6350aa4f_1|answer_6350aa4f_2|answer_6350aa4f_3|answer_6350aa4f_4
gpt4_731e37d7,MR,multi-session,2023/02/26 (Sun) 23:35,oracle,0,,,,,0.0,2373,2373,,,,,,,,,,,,,,,,,,,,,,,,,,answer_826d51da_3::round_0|answer_826d51da_3::round_5|answer_826d51da_4::round_0|answer_826d51da_2::round_0,answer_826d51da_3|answer_826d51da_3|answer_826d51da_4|answer_826d51da_2
gpt4_4fc4f797,TR,temporal-reasoning,2023/06/01 (Thu) 21:22,oracle,0,,,,,0.0,1489,1489,,,,,,,,,,,,,,,,,,,,,,,,,,answer_be07688f_1::round_5|answer_be07688f_2::round_0,answer_be07688f_1|answer_be07688f_2
gpt4_7bc6cf22,TR,temporal-reasoning,2023/04/01 (Sat) 08:36,oracle,0,,,,,0.0,694,694,,,,,,,,,,,,,,,,,,,,,,,,,,answer_e22d6aef_1::round_0,answer_e22d6aef_1
6e984301,TR,temporal-reasoning,2023/04/01 (Sat) 18:55,oracle,0,,,,,0.0,1409,1409,,,,,,,,,,,,,,,,,,,,,,,,,,answer_88841f26_1::round_0|answer_88841f26_2::round_1,answer_88841f26_1|answer_88841f26_2
gpt4_74aed68e,TR,temporal-reasoning,2023/04/01 (Sat) 21:42,oracle,0,,,,,0.0,1382,1382,,,,,,,,,,,,,,,,,,,,,,,,,,answer_aed8cf17_1::round_0|answer_aed8cf17_2::round_0,answer_aed8cf17_1|answer_aed8cf17_2
08f4fc43,TR,temporal-reasoning,2023/02/20 (Mon) 21:26,oracle,0,,,,,0.0,1089,1089,,,,,,,,,,,,,,,,,,,,,,,,,,answer_6ea1541e_2::round_0|answer_6ea1541e_1::round_0,answer_6ea1541e_2|answer_6ea1541e_1
6613b389,TR,temporal-reasoning,2023/07/07 (Fri) 13:04,oracle,0,,,,,0.0,1078,1078,,,,,,,,,,,,,,,,,,,,,,,,,,answer_aaf71ce2_3::round_0|answer_aaf71ce2_2::round_0,answer_aaf71ce2_3|answer_aaf71ce2_2
gpt4_1d4ab0c9,TR,temporal-reasoning,2023/04/18 (Tue) 10:43,oracle,0,,,,,0.0,1295,1295,,,,,,,,,,,,,,,,,,,,,,,,,,answer_febde667_1::round_0|answer_febde667_2::round_0,answer_febde667_1|answer_febde667_2
gpt4_a1b77f9c,TR,temporal-reasoning,2022/04/30 (Sat) 13:22,oracle,0,,,,,0.0,4020,4020,,,,,,,,,,,,,,,,,,,,,,,,,,answer_e9ad5914_1::round_0|answer_e9ad5914_2::round_0|answer_e9ad5914_3::round_3|answer_e9ad5914_4::round_0|answer_e9ad5914_5::round_4|answer_e9ad5914_6::round_0,answer_e9ad5914_1|answer_e9ad5914_2|answer_e9ad5914_3|answer_e9ad5914_4|answer_e9ad5914_5|answer_e9ad5914_6
f0853d11,TR,temporal-reasoning,2023/03/14 (Tue) 21:24,oracle,0,,,,,0.0,1150,1150,,,,,,,,,,,,,,,,,,,,,,,,,,answer_932ea3bf_2::round_0|answer_932ea3bf_1::round_0,answer_932ea3bf_2|answer_932ea3bf_1
