review_index,question_id,task_type,strategy,k,completion_token_count,ending_review,ending_excerpt,generated_answer,review_scope
0,41275add,IE,hybrid_raw,5,128,clear_incomplete_ending,"nels**: Channels like Ergotron, Herman Miller, and the American Academy of Orthopaedic Surgeons (AAOS) often post videos on workplace ergonomics and posture.
3. **Occupational Safety and Health Administration (","In our previous conversation, I didn't recommend a specific video from the Mayo Clinic. However, I can suggest some general tips for maintaining good posture at work.

If you're looking for videos on workplace posture, you might find the following resources helpful:

1. **Mayo Clinic's website**: They have a section on workplace safety and ergonomics, which includes tips on maintaining good posture.
2. **YouTube channels**: Channels like Ergotron, Herman Miller, and the American Academy of Orthopaedic Surgeons (AAOS) often post videos on workplace ergonomics and posture.
3. **Occupational Safety and Health Administration (",Visible text ending only; not an answer-correctness judgement or verified finish reason.
1,41275add,IE,recency,10,128,clear_incomplete_ending,"t with your feet on the floor or a footrest, keeping your knees at or below hip level.
2. Keep your monitor directly in front of you, at a distance of about 20-25 inches, and at a height that allows you to gaze","I'm happy to help, but I don't have any information about a previous conversation about a Mayo Clinic video on workplace posture. I'm a large language model, I don't have the ability to retain memories of previous conversations. Each time you interact with me, it's a new conversation.

However, I can suggest some general tips for maintaining good posture at work:

1. Sit with your feet on the floor or a footrest, keeping your knees at or below hip level.
2. Keep your monitor directly in front of you, at a distance of about 20-25 inches, and at a height that allows you to gaze",Visible text ending only; not an answer-correctness judgement or verified finish reason.
2,ceb54acb,IE,hybrid_minmax,10,128,clear_incomplete_ending,"l behaviors and the difficulties individuals may face in controlling them.
4. **Compulsive sexuality** - This phrase emphasizes the compulsive nature of certain sexual behaviors and the difficulties individuals","In our previous chat, I suggested the following alternative terms for certain behaviors:

1. **Sexual fixations** - This term implies a strong preoccupation with sexual thoughts or behaviors that may interfere with other areas of life.
2. **Problematic sexual behaviors** - This phrase is straightforward and describes behaviors that cause problems or difficulties in an individual's life.
3. **Sexual impulsivity** - This term emphasizes the impulsive or compulsive nature of certain sexual behaviors and the difficulties individuals may face in controlling them.
4. **Compulsive sexuality** - This phrase emphasizes the compulsive nature of certain sexual behaviors and the difficulties individuals",Visible text ending only; not an answer-correctness judgement or verified finish reason.
3,8aef76bc,IE,hybrid_raw,10,128,clear_incomplete_ending,"prevent moisture and stains from damaging the paper.

If you're looking for a more eco-friendly option, you could consider using a natural sealant like beeswax or plant-based wax. These types of sealants are bi","Unfortunately, I don't have enough information to provide a specific recommendation for a sealant for the newspaper flower vase. However, I can suggest some general options for sealing and protecting a DIY project made from recycled materials.

For a newspaper flower vase, you might consider using a clear acrylic spray or a water-based polyurethane to seal and protect the paper. These types of sealants are generally easy to apply and can help prevent moisture and stains from damaging the paper.

If you're looking for a more eco-friendly option, you could consider using a natural sealant like beeswax or plant-based wax. These types of sealants are bi",Visible text ending only; not an answer-correctness judgement or verified finish reason.
4,8aef76bc,IE,hybrid_minmax,10,128,clear_incomplete_ending,"ar options include:

1. **Mod Podge**: A popular craft sealant that comes in various formulas, including a matte and a glossy finish.
2. **Rust-Oleum**: A water-based polyurethane sealant that provides a clear,","Unfortunately, I don't have any information about a previous conversation about a newspaper flower vase. However, I can provide some general information about sealants that you can use for DIY home decor projects.

For a newspaper flower vase, you might want to use a clear acrylic spray or a water-based polyurethane sealant to protect the paper from moisture and add a glossy finish. Some popular options include:

1. **Mod Podge**: A popular craft sealant that comes in various formulas, including a matte and a glossy finish.
2. **Rust-Oleum**: A water-based polyurethane sealant that provides a clear,",Visible text ending only; not an answer-correctness judgement or verified finish reason.
5,fca762bc,IE,recency,10,128,clear_incomplete_ending,"d on mnemonics, Duolingo uses interactive exercises and games to help learners memorize vocabulary.
3. **Anki**: This app uses spaced repetition and mnemonics to help learners memorize words and phrases.
4. **L","Unfortunately, the conversation about language learning apps was not mentioned in the provided memory context. However, I can suggest some popular language learning apps that use mnemonics to help learners memorize words and phrases:

1. **Memrise**: This app uses mnemonics, spaced repetition, and gamification to help learners memorize words and phrases.
2. **Duolingo**: While not exclusively focused on mnemonics, Duolingo uses interactive exercises and games to help learners memorize vocabulary.
3. **Anki**: This app uses spaced repetition and mnemonics to help learners memorize words and phrases.
4. **L",Visible text ending only; not an answer-correctness judgement or verified finish reason.
6,fca762bc,IE,hybrid_raw,10,128,clear_incomplete_ending,"lp learners memorize vocabulary and phrases.
3. Quizlet: This app uses flashcards, mnemonics, and other learning tools to help learners memorize vocabulary and phrases.

These are just a few examples, and there","Unfortunately, the conversation about language learning apps was not mentioned in the provided memory context. However, I can suggest some popular language learning apps that use mnemonics to help learners memorize words and phrases:

1. Memrise: This app uses mnemonics, spaced repetition, and gamification to help learners memorize words and phrases.
2. Anki: This app uses spaced repetition and mnemonics to help learners memorize vocabulary and phrases.
3. Quizlet: This app uses flashcards, mnemonics, and other learning tools to help learners memorize vocabulary and phrases.

These are just a few examples, and there",Visible text ending only; not an answer-correctness judgement or verified finish reason.
7,a40e080f,IE,semantic,10,128,clear_incomplete_ending,"oyees, who they call ""Warriors"". Southwest offers its ""Warriors"" top-of-the-line training, generous benefits packages, and a positive work environment. The result is an enthusiastic team that prioritizes safety","The two companies that prioritize employee safety and well-being like Triumvirate are:

1. Patagonia - This outdoor clothing and gear company is well-known for its commitment to environmental conservation and also prioritizes the well-being of its employees. The company offers flexible work arrangements, generous maternity and paternity leave, and invests in employee education and wellness.

2. Southwest Airlines - This popular airline puts a strong emphasis on its employees, who they call ""Warriors"". Southwest offers its ""Warriors"" top-of-the-line training, generous benefits packages, and a positive work environment. The result is an enthusiastic team that prioritizes safety",Visible text ending only; not an answer-correctness judgement or verified finish reason.
8,a40e080f,IE,hybrid_minmax,10,128,clear_incomplete_ending,"oyees, who they call ""Warriors"". Southwest offers its ""Warriors"" top-of-the-line training, generous benefits packages, and a positive work environment. The result is an enthusiastic team that prioritizes safety","The two companies that prioritize employee safety and well-being like Triumvirate are:

1. Patagonia - This outdoor clothing and gear company is well-known for its commitment to environmental conservation and also prioritizes the well-being of its employees. The company offers flexible work arrangements, generous maternity and paternity leave, and invests in employee education and wellness.

2. Southwest Airlines - This popular airline puts a strong emphasis on its employees, who they call ""Warriors"". Southwest offers its ""Warriors"" top-of-the-line training, generous benefits packages, and a positive work environment. The result is an enthusiastic team that prioritizes safety",Visible text ending only; not an answer-correctness judgement or verified finish reason.
9,a40e080f,IE,hybrid_rrf,10,128,clear_incomplete_ending,"oyees, who they call ""Warriors"". Southwest offers its ""Warriors"" top-of-the-line training, generous benefits packages, and a positive work environment. The result is an enthusiastic team that prioritizes safety","The two companies that prioritize employee safety and well-being like Triumvirate are:

1. Patagonia - This outdoor clothing and gear company is well-known for its commitment to environmental conservation and also prioritizes the well-being of its employees. The company offers flexible work arrangements, generous maternity and paternity leave, and invests in employee education and wellness.
2. Southwest Airlines - This popular airline puts a strong emphasis on its employees, who they call ""Warriors"". Southwest offers its ""Warriors"" top-of-the-line training, generous benefits packages, and a positive work environment. The result is an enthusiastic team that prioritizes safety",Visible text ending only; not an answer-correctness judgement or verified finish reason.
10,b0479f84,IE,hybrid_rrf,5,128,clear_incomplete_ending,"
3. **March of the Penguins** (Netflix) - A heartwarming documentary about Emperor Penguins in Antarctica.
4. **Dynasties** (Netflix) - Follow the lives of five animal families in the wild, narrated by David At","You've already watched ""Our Planet"", ""Free Solo"", and ""Tiger King"". Here are some more documentary series recommendations:

**Nature and Wildlife:**

1. **Planet Earth** (Netflix) - Another BBC series, similar to ""Our Planet"", showcasing stunning natural history footage.
2. **Blue Planet** (Netflix) - Explore the marine world with David Attenborough.
3. **March of the Penguins** (Netflix) - A heartwarming documentary about Emperor Penguins in Antarctica.
4. **Dynasties** (Netflix) - Follow the lives of five animal families in the wild, narrated by David At",Visible text ending only; not an answer-correctness judgement or verified finish reason.
11,b0479f84,IE,hybrid_minmax,10,128,uncertain_boundary,"th David Attenborough.
3. **March of the Penguins** (Netflix) - A heartwarming documentary about Emperor Penguins in Antarctica.
4. **Dynasties** (Netflix) - Follow the lives of five animal families in the wild","Based on our previous conversation, I'd be happy to recommend some documentaries. Since you enjoyed ""Our Planet"", ""Free Solo"", and ""Tiger King"", I think you might like:

1. **Planet Earth** (Netflix) - Another BBC series, similar to ""Our Planet"", showcasing stunning natural history footage.
2. **Blue Planet** (Netflix) - Explore the marine world with David Attenborough.
3. **March of the Penguins** (Netflix) - A heartwarming documentary about Emperor Penguins in Antarctica.
4. **Dynasties** (Netflix) - Follow the lives of five animal families in the wild",Visible text ending only; not an answer-correctness judgement or verified finish reason.
12,b6025781,IE,semantic,5,128,clear_incomplete_ending,"tortillas with avocado, sour cream, and mixed greens.
2. **Vegan Chili con Carne**: A hearty, plant-based chili made with black beans, sweet potatoes, and a blend of spices, served with whole-grain cornbread or","Based on our previous conversation, I'd be happy to suggest some new recipes for your meal prep next week. Since you mentioned you're interested in Mexican-inspired dishes, I'll provide some recipe ideas that fit that theme.

Here are a few suggestions:

1. **Chicken Tinga Tacos**: Shredded chicken cooked in a smoky chipotle tomato sauce, served in whole-grain tortillas with avocado, sour cream, and mixed greens.
2. **Vegan Chili con Carne**: A hearty, plant-based chili made with black beans, sweet potatoes, and a blend of spices, served with whole-grain cornbread or",Visible text ending only; not an answer-correctness judgement or verified finish reason.
13,b6025781,IE,hybrid_minmax,5,128,clear_incomplete_ending,"es that incorporate ingredients from Colombian cuisine, such as ajiaco (potato soup with chicken and corn), bandeja paisa (a platter with beans, rice, plantains, eggs, and meat), or arroz con coco (coconut rice","Based on our previous conversations, I can suggest some healthy recipes from the websites I mentioned earlier, such as Allrecipes, Epicurious, Cooking Light, Food.com, The Kitchn, and MyFitnessPal. You can also try searching for specific ingredients, cooking methods, or dietary restrictions to find relevant recipes.

If you're looking for something new, you could try searching for recipes that incorporate ingredients from Colombian cuisine, such as ajiaco (potato soup with chicken and corn), bandeja paisa (a platter with beans, rice, plantains, eggs, and meat), or arroz con coco (coconut rice",Visible text ending only; not an answer-correctness judgement or verified finish reason.
14,b6025781,IE,semantic,10,128,coherent_boundary,"eam, and queso fresco.
2. **Vegan Black Bean and Sweet Potato Enchiladas**: Fill tortillas with roasted sweet potatoes, black beans, and spices, and top with a dairy-free enchilada sauce and avocado sour cream.","Based on our previous conversations, I'd be happy to suggest some new recipes for your meal prep next week. Since you mentioned you're interested in trying out some Mexican-inspired dishes, I'll provide you with a few ideas:

1. **Chicken Tinga Tacos**: Shredded chicken cooked in a smoky chipotle tomato sauce, served in tacos with sliced avocado, sour cream, and queso fresco.
2. **Vegan Black Bean and Sweet Potato Enchiladas**: Fill tortillas with roasted sweet potatoes, black beans, and spices, and top with a dairy-free enchilada sauce and avocado sour cream.",Visible text ending only; not an answer-correctness judgement or verified finish reason.
15,b6025781,IE,hybrid_raw,10,128,clear_incomplete_ending,"on't forget to include a variety of protein sources, vegetables, and whole grains in your meal prep

If you'd like more specific suggestions, I'd be happy to try and help you brainstorm some ideas based on your","Unfortunately, the memories do not contain enough information to provide suggestions for new recipes. However, I can suggest some general ideas for meal prep recipes that you might find helpful:

* Consider recipes that are easy to scale up or down, depending on your needs
* Choose recipes that use similar ingredients to reduce food waste and save time
* Think about recipes that can be cooked in bulk and reheated throughout the week
* Don't forget to include a variety of protein sources, vegetables, and whole grains in your meal prep

If you'd like more specific suggestions, I'd be happy to try and help you brainstorm some ideas based on your",Visible text ending only; not an answer-correctness judgement or verified finish reason.
16,b6025781,IE,hybrid_minmax,10,128,clear_incomplete_ending,"no-bake recipe made with rolled oats, nuts, seeds, and dried fruits. These energy balls are perfect for a quick snack or post-workout fuel.
2. **Ajiaco Chicken Soup**: A hearty and comforting Colombian-inspired","Based on our previous conversations, I'd be happy to help you with new recipe suggestions. Since you're planning your meal prep for next week, I'll provide you with some ideas that are healthy, easy to prepare, and can be made in bulk.

Considering your interest in superhero movies and Colombian cuisine, I'll suggest some recipes that might fit your tastes:

1. **Superhero Energy Balls**: A no-bake recipe made with rolled oats, nuts, seeds, and dried fruits. These energy balls are perfect for a quick snack or post-workout fuel.
2. **Ajiaco Chicken Soup**: A hearty and comforting Colombian-inspired",Visible text ending only; not an answer-correctness judgement or verified finish reason.
17,0edc2aef,IE,hybrid_raw,10,128,clear_incomplete_ending,"menities: Think about what you need and want in a hotel. Do you want a pool, gym, or spa? Do you need a hotel with a restaurant or bar on site?
3. Check reviews: Read reviews from other travelers to get a sense","Unfortunately, the memories provided do not contain any information about hotels in Miami. However, I can suggest some general tips for finding a great hotel in Miami:

1. Consider the location: Miami has many different neighborhoods, each with its own unique character. Think about what you want to do and see during your trip and choose a hotel that's close to those attractions.
2. Look for amenities: Think about what you need and want in a hotel. Do you want a pool, gym, or spa? Do you need a hotel with a restaurant or bar on site?
3. Check reviews: Read reviews from other travelers to get a sense",Visible text ending only; not an answer-correctness judgement or verified finish reason.
18,a89d7624,IE,semantic,5,128,clear_incomplete_ending," and wildlife viewing opportunities.
2. **Explore the Denver Art Museum**: This unique museum features an impressive collection of art from around the world, as well as rotating exhibitions and installations.
3","Since you're planning a trip to Denver soon, I'll provide you with some suggestions on what to do there. However, I don't have any specific information about your trip date or preferences. 

Denver is a great city with plenty of attractions and activities to enjoy. Here are some general suggestions:

1. **Visit the Rocky Mountain National Park**: Just an hour and a half west of Denver, this national park offers stunning mountain scenery, hiking trails, and wildlife viewing opportunities.
2. **Explore the Denver Art Museum**: This unique museum features an impressive collection of art from around the world, as well as rotating exhibitions and installations.
3",Visible text ending only; not an answer-correctness judgement or verified finish reason.
19,a89d7624,IE,hybrid_raw,5,128,uncertain_boundary,"LoDo (Lower Downtown) or Larimer Square, which offer a mix of shopping, dining, and entertainment options.

Additionally, if you're interested in the outdoors, Denver is close to several beautiful natural areas","The information is insufficient to provide a specific answer to your question about what to do in Denver. However, I can suggest some general tips based on the context of the conversation.

Since you're planning a trip to Denver, you might want to consider visiting some of the city's popular attractions, such as the Denver Art Museum, the History Colorado Center, or the Denver Zoo. You could also explore the city's vibrant neighborhoods, like LoDo (Lower Downtown) or Larimer Square, which offer a mix of shopping, dining, and entertainment options.

Additionally, if you're interested in the outdoors, Denver is close to several beautiful natural areas",Visible text ending only; not an answer-correctness judgement or verified finish reason.
20,a89d7624,IE,recency,10,128,clear_incomplete_ending,"o has a number of museums, art galleries, and cultural institutions, such as the Denver Art Museum, the History Colorado Center, and the Denver Museum of Nature & Science.

In terms of food, Denver is known for","The information is insufficient to provide specific suggestions for your trip to Denver. However, I can tell you that Denver is a beautiful city surrounded by the Rocky Mountains, with plenty of outdoor activities, cultural attractions, and a vibrant food scene.

If you're interested in exploring the great outdoors, you might consider visiting the Rocky Mountain National Park, hiking in the nearby foothills, or taking a scenic drive through the mountains. Denver also has a number of museums, art galleries, and cultural institutions, such as the Denver Art Museum, the History Colorado Center, and the Denver Museum of Nature & Science.

In terms of food, Denver is known for",Visible text ending only; not an answer-correctness judgement or verified finish reason.
21,a89d7624,IE,semantic,10,128,clear_incomplete_ending,". **City Park**: A sprawling urban park with several lakes, walking trails, and plenty of green space for picnics or relaxation.

**Cultural Attractions:**

1. **Denver Art Museum**: A stunning building with an","Denver is a fantastic destination, with plenty of exciting activities to enjoy. Here are some suggestions for your trip:

**Outdoor Activities:**

1. **Rocky Mountain National Park**: A must-visit for nature lovers, with breathtaking mountain vistas, hiking trails, and abundant wildlife.
2. **Denver Botanic Gardens**: Explore the beautiful gardens, featuring a variety of plant species and a tranquil atmosphere.
3. **City Park**: A sprawling urban park with several lakes, walking trails, and plenty of green space for picnics or relaxation.

**Cultural Attractions:**

1. **Denver Art Museum**: A stunning building with an",Visible text ending only; not an answer-correctness judgement or verified finish reason.
22,a89d7624,IE,hybrid_minmax,10,128,clear_incomplete_ending," Rockies, or take a stroll down the 16th Street Mall
Or visit the Denver Art Museum, it's a work of art, after all
You can take a brewery tour, or visit the Colorado State Capitol too
There's so much to see and","""Take a walk on the wild side, take a walk on the wild side
And when you lose something you can't find
It's just like me, baby, there's no good time
But I can show you, darling, I can show you
How to make the most of your time in Denver, it's a beautiful sight
You can visit the Rockies, or take a stroll down the 16th Street Mall
Or visit the Denver Art Museum, it's a work of art, after all
You can take a brewery tour, or visit the Colorado State Capitol too
There's so much to see and",Visible text ending only; not an answer-correctness judgement or verified finish reason.
23,a89d7624,IE,hybrid_rrf,10,128,clear_incomplete_ending,"ood
You're a hard road to follow, you're a hard road to follow
You're a hard road to follow, you're a hard road to follow
You're a hard road to follow, you're a hard road to follow
You're a hard road to follow,","""Take a walk on the wild side, take a walk on the wild side
And when you lose something you can't find
It's just like me, baby, there's no good time
Like a rolling stone, you can't define
The way you feel, the way you feel
When you're out on the highway, feeling good
You're a hard road to follow, you're a hard road to follow
You're a hard road to follow, you're a hard road to follow
You're a hard road to follow, you're a hard road to follow
You're a hard road to follow,",Visible text ending only; not an answer-correctness judgement or verified finish reason.
24,38146c39,IE,recency,5,128,uncertain_boundary," of flavor and texture.
3. Pay attention to the ratio of sugar to butter in your cookie dough. A higher ratio of sugar can result in a crisper cookie, while a higher ratio of butter can make the cookies chewier","The information provided does not contain any advice on baking chocolate chip cookies. However, I can suggest some general tips that might be helpful:

1. Consider adding a unique ingredient to give your cookies an extra boost of flavor. Some options could be nuts, dried cranberries, or even a hint of spice like cinnamon or nutmeg.
2. Experiment with different types of chocolate chips or chunks to find the perfect balance of flavor and texture.
3. Pay attention to the ratio of sugar to butter in your cookie dough. A higher ratio of sugar can result in a crisper cookie, while a higher ratio of butter can make the cookies chewier",Visible text ending only; not an answer-correctness judgement or verified finish reason.
25,38146c39,IE,semantic,5,128,clear_incomplete_ending,"en a hint of spice to give your cookies an extra boost of flavor. Alternatively, you could experiment with different types of chocolate chips or add-ins, like caramel bits or espresso powder.

If you're looking","Based on the memories, I don't see any specific advice on chocolate chip cookies. However, I can suggest some general tips that might be helpful.

In a conversation about baking a cherry clafoutis, the assistant mentioned the importance of experimentation and trying new things in the kitchen. This could be applied to your chocolate chip cookies as well.

You might consider trying different combinations of ingredients, such as adding nuts, dried fruits, or even a hint of spice to give your cookies an extra boost of flavor. Alternatively, you could experiment with different types of chocolate chips or add-ins, like caramel bits or espresso powder.

If you're looking",Visible text ending only; not an answer-correctness judgement or verified finish reason.
26,38146c39,IE,recency,10,128,clear_incomplete_ending,", you could try adding some espresso powder or instant coffee to the dough. This will give your cookies a mocha flavor and a nice depth of flavor.
* Finally, you could try using a combination of white and brown","You can definitely add some extra flavor and texture to your chocolate chip cookies. Here are a few ideas:

* Try adding a sprinkle of flaky sea salt on top of the cookies before baking. This will add a nice salty flavor and a crunchy texture.
* Consider adding some chopped nuts, like walnuts or pecans, to the dough for added texture and flavor.
* If you want to get a little fancier, you could try adding some espresso powder or instant coffee to the dough. This will give your cookies a mocha flavor and a nice depth of flavor.
* Finally, you could try using a combination of white and brown",Visible text ending only; not an answer-correctness judgement or verified finish reason.
27,38146c39,IE,semantic,10,128,clear_incomplete_ending,"nut butter cups) to create unique flavor combinations.
2. **Try a different type of sugar**: Instead of using regular white sugar, try using brown sugar, muscovado sugar, or even honey to add a richer flavor to","Based on the memories provided, there is insufficient information to give specific advice on how to enhance your chocolate chip cookies. However, I can suggest some general tips that might be helpful:

1. **Experiment with mix-ins**: Consider adding different mix-ins like nuts (walnuts, pecans, or hazelnuts), dried fruits (cranberries or cherries), or even candy pieces (M&M's or chopped peanut butter cups) to create unique flavor combinations.
2. **Try a different type of sugar**: Instead of using regular white sugar, try using brown sugar, muscovado sugar, or even honey to add a richer flavor to",Visible text ending only; not an answer-correctness judgement or verified finish reason.
28,38146c39,IE,hybrid_minmax,10,128,clear_incomplete_ending,"hopped nuts like walnuts or pecans can provide a nice texture contrast and flavor combination.
3. **Spices**: Incorporating spices like cinnamon, nutmeg, or cardamom can add depth and warmth to your cookies.
4.","Insufficient information is provided to give a specific answer. However, based on the conversation about the cherry clafoutis, I can suggest some ideas to enhance your chocolate chip cookies.

You could consider adding a unique twist to your cookies, such as:

1. **Brown sugar**: Using brown sugar instead of white sugar can add a richer flavor to your cookies.
2. **Nuts**: Adding chopped nuts like walnuts or pecans can provide a nice texture contrast and flavor combination.
3. **Spices**: Incorporating spices like cinnamon, nutmeg, or cardamom can add depth and warmth to your cookies.
4.",Visible text ending only; not an answer-correctness judgement or verified finish reason.
29,38146c39,IE,hybrid_rrf,10,128,clear_incomplete_ending,"hopped nuts like walnuts or pecans can provide a nice texture contrast and flavor combination.
3. **Spices**: Incorporating spices like cinnamon, nutmeg, or cardamom can add depth and warmth to your cookies.
4.","Insufficient information is provided to give a specific answer. However, based on the conversation about the cherry clafoutis, I can suggest some ideas to enhance your chocolate chip cookies.

You could consider adding a unique twist to your cookies, such as:

1. **Brown sugar**: Using brown sugar instead of white sugar can add a richer flavor to your cookies.
2. **Nuts**: Adding chopped nuts like walnuts or pecans can provide a nice texture contrast and flavor combination.
3. **Spices**: Incorporating spices like cinnamon, nutmeg, or cardamom can add depth and warmth to your cookies.
4.",Visible text ending only; not an answer-correctness judgement or verified finish reason.
30,1da05512,IE,recency,5,128,clear_incomplete_ending," want to research different NAS devices and their features to determine which one best suits your needs.

In the provided memories, there is a mention of a web search result about digital strategy [[2](https://","Based on the provided memories, there is no information about the pros and cons of buying a NAS device. However, considering the context of the conversation about decoupage and ceramics, it seems that the topic of NAS devices is not relevant.

If you're looking for advice on whether to buy a NAS device, I would recommend considering factors such as your storage needs, budget, and the type of files you plan to store. You may also want to research different NAS devices and their features to determine which one best suits your needs.

In the provided memories, there is a mention of a web search result about digital strategy [[2](https://",Visible text ending only; not an answer-correctness judgement or verified finish reason.
31,1da05512,IE,semantic,5,128,clear_incomplete_ending,"ecommendation.

If I had to make an educated guess, I would say that the user might be considering a NAS device for personal use, such as storing photos, videos, and music files. In this case, it might be worth","Considering the context of the conversations, it seems that the user is interested in technology and gadgets. However, there is no direct information about the user's specific needs or requirements for a NAS device.

Given the user's interest in laptops and smartphones, it's possible that they might be considering a NAS device for storing and sharing files across their devices. However, without more information, it's difficult to provide a specific recommendation.

If I had to make an educated guess, I would say that the user might be considering a NAS device for personal use, such as storing photos, videos, and music files. In this case, it might be worth",Visible text ending only; not an answer-correctness judgement or verified finish reason.
32,1da05512,IE,hybrid_minmax,5,128,clear_incomplete_ending,"age setup. If that's the case, buying a NAS device now might be a good idea, especially if they're planning to use it for tasks like file sharing, media streaming, or backup. 

On the other hand, if the user is","The information provided is insufficient to give a specific recommendation on whether to buy a NAS device now or wait. However, based on the context of the conversation, which was about laptops and a guitar amp, it seems that the user is considering making a purchase. 

Considering the user's interest in laptops and a guitar amp, it's possible that they might be looking to upgrade their home network or storage setup. If that's the case, buying a NAS device now might be a good idea, especially if they're planning to use it for tasks like file sharing, media streaming, or backup. 

On the other hand, if the user is",Visible text ending only; not an answer-correctness judgement or verified finish reason.
33,1da05512,IE,hybrid_rrf,5,128,clear_incomplete_ending,"to buy a new laptop, you might also want to consider buying a NAS device at the same time, as it can be a useful addition to your home network.

Since you're already planning to make some purchases, it might be","The information provided is insufficient to give a specific recommendation on whether to buy a NAS device now or wait. However, based on the context of the conversation, which is about buying a laptop and other electronics, it seems that you are considering making some purchases.

Considering your current laptop is about three years old and slowing down, it might be a good idea to upgrade to a new laptop soon. If you're planning to buy a new laptop, you might also want to consider buying a NAS device at the same time, as it can be a useful addition to your home network.

Since you're already planning to make some purchases, it might be",Visible text ending only; not an answer-correctness judgement or verified finish reason.
34,1da05512,IE,recency,10,128,clear_incomplete_ending,"ut data security and want to ensure that your files are protected with features like encryption and access controls.

On the other hand, waiting might be a good option if:

1. You're not sure about the specific","Insufficient information is provided to give a specific recommendation. However, I can provide some general considerations to help you decide.

Buying a NAS (Network-Attached Storage) device now might be a good idea if:

1. You need to store and share files across multiple devices on your network.
2. You want to have a centralized storage solution for your files, making it easier to access and manage them.
3. You're concerned about data security and want to ensure that your files are protected with features like encryption and access controls.

On the other hand, waiting might be a good option if:

1. You're not sure about the specific",Visible text ending only; not an answer-correctness judgement or verified finish reason.
35,1da05512,IE,semantic,10,128,coherent_boundary,"features like encryption, backup, or data redundancy.
* If you're planning to use the NAS device for streaming media or other applications, consider the device's performance and compatibility with your devices.","Based on the conversation, I don't have any specific information about your needs or preferences regarding a NAS device. However, I can provide some general points to consider:

* If you're looking to store and share files across multiple devices, a NAS device can be a great option.
* Consider your current storage needs and whether a NAS device would provide enough capacity for your files.
* Think about the types of files you'll be storing and whether you need features like encryption, backup, or data redundancy.
* If you're planning to use the NAS device for streaming media or other applications, consider the device's performance and compatibility with your devices.",Visible text ending only; not an answer-correctness judgement or verified finish reason.
36,1da05512,IE,hybrid_minmax,10,128,clear_incomplete_ending,"stment.
3. **Budget**: Consider your budget and whether purchasing a NAS device now aligns with your financial goals.
4. **Availability**: Check if the NAS device you're interested in is currently available and","The information is insufficient to provide a recommendation. However, I can offer some general points to consider:

1. **Current needs**: If you need a NAS device for immediate use, such as for storing and sharing files, it might be a good idea to purchase one now.
2. **Future plans**: If you're planning to upgrade your home network or add more devices in the near future, a NAS device might be a worthwhile investment.
3. **Budget**: Consider your budget and whether purchasing a NAS device now aligns with your financial goals.
4. **Availability**: Check if the NAS device you're interested in is currently available and",Visible text ending only; not an answer-correctness judgement or verified finish reason.
37,1da05512,IE,hybrid_rrf,10,128,clear_incomplete_ending,"others, either within your household or with colleagues.
4. Want to back up your important files and data to a secure and reliable storage device.

On the other hand, waiting to buy a NAS device might be a good","Insufficient information is provided to give a specific recommendation. However, I can provide some general considerations to help you decide.

Buying a NAS (Network-Attached Storage) device can be a good idea if you:

1. Need a centralized storage solution for your files and data.
2. Want to access your files from multiple devices, such as computers, smartphones, or tablets.
3. Need to share files and folders with others, either within your household or with colleagues.
4. Want to back up your important files and data to a secure and reliable storage device.

On the other hand, waiting to buy a NAS device might be a good",Visible text ending only; not an answer-correctness judgement or verified finish reason.
38,1c0ddc50,IE,semantic,5,128,clear_incomplete_ending,"ng apps like Duolingo, Babbel, or Rosetta Stone to improve your language skills.
3. **News and Updates:** Catch up on news, industry updates, or listen to educational podcasts related to your field.
4. **Mental","Based on our previous conversation on May 23, 2023, I can suggest some activities you can do during your commute to work. Here are a few ideas:

**Productive Options:**

1. **Audiobooks and Podcasts:** Listen to educational or engaging content that can help you learn something new or stay informed.
2. **Language Learning:** Take advantage of language learning apps like Duolingo, Babbel, or Rosetta Stone to improve your language skills.
3. **News and Updates:** Catch up on news, industry updates, or listen to educational podcasts related to your field.
4. **Mental",Visible text ending only; not an answer-correctness judgement or verified finish reason.
39,1c0ddc50,IE,hybrid_minmax,5,128,clear_incomplete_ending,"ivery.
3. Meditate or practice mindfulness: You can use guided meditation apps or simply focus on your breath to calm your mind and set a positive tone for the day.
4. Learn a new language: You can use language","Considering your interest in stepping out of your comfort zone and building confidence, I'd like to suggest some activities you can do during your commute to work:

1. Listen to a podcast or audiobook: You can learn something new, get inspired, or escape into a story while commuting.
2. Practice public speaking: You can record yourself speaking about a topic you're passionate about and listen to it to improve your delivery.
3. Meditate or practice mindfulness: You can use guided meditation apps or simply focus on your breath to calm your mind and set a positive tone for the day.
4. Learn a new language: You can use language",Visible text ending only; not an answer-correctness judgement or verified finish reason.
40,1c0ddc50,IE,recency,10,128,clear_incomplete_ending," could listen to your favorite music or podcasts while commuting.
3. Solving puzzles or playing games: You could bring a puzzle book or play games on your phone, like a card game similar to Crinklewitch.
4. Day","Based on the memories provided, there is no direct information about activities for commuting to work. However, considering the context of the conversation, which is about a card game called Crinklewitch, I can suggest some activities that might be relevant:

1. Reading: You could read a book, article, or even a script for a card game like Crinklewitch.
2. Listening to music or podcasts: You could listen to your favorite music or podcasts while commuting.
3. Solving puzzles or playing games: You could bring a puzzle book or play games on your phone, like a card game similar to Crinklewitch.
4. Day",Visible text ending only; not an answer-correctness judgement or verified finish reason.
41,1c0ddc50,IE,semantic,10,128,clear_incomplete_ending,"atch up on news, industry updates, or listen to educational podcasts related to your field.
4. **Mental preparation**: Use the time to mentally prepare for the day ahead. Think about your tasks, prioritize your","Based on the conversation, here are some activities you can do during your commute to work:

1. **Listen to podcasts or audiobooks**: You can listen to educational or engaging content that can help you learn something new or stay informed.
2. **Language learning**: Take advantage of language learning apps like Duolingo, Babbel, or Rosetta Stone to improve your language skills.
3. **News and updates**: Catch up on news, industry updates, or listen to educational podcasts related to your field.
4. **Mental preparation**: Use the time to mentally prepare for the day ahead. Think about your tasks, prioritize your",Visible text ending only; not an answer-correctness judgement or verified finish reason.
42,1c0ddc50,IE,hybrid_raw,10,128,clear_incomplete_ending," could listen to your favorite music or podcasts while commuting.
3. Solving puzzles or playing games: You could bring a puzzle book or play games on your phone, like a card game similar to Crinklewitch.
4. Day","Based on the memories provided, there is no direct information about activities for commuting to work. However, considering the context of the conversation, which is about a card game called Crinklewitch, I can suggest some activities that might be relevant:

1. Reading: You could read a book, article, or even a script for a card game like Crinklewitch.
2. Listening to music or podcasts: You could listen to your favorite music or podcasts while commuting.
3. Solving puzzles or playing games: You could bring a puzzle book or play games on your phone, like a card game similar to Crinklewitch.
4. Day",Visible text ending only; not an answer-correctness judgement or verified finish reason.
43,1c0ddc50,IE,hybrid_minmax,10,128,clear_incomplete_ending,"anguage: You can use language learning apps like Duolingo to learn a new language and improve your communication skills.
4. Meditate or practice mindfulness: You can use guided meditation apps like Headspace or","Based on our previous conversations, I'd be happy to suggest some activities you can do during your commute to work. Here are a few ideas:

1. Listen to a podcast or audiobook: You can learn something new, get entertained, or escape into a different world while commuting.
2. Practice public speaking: You can record yourself speaking and listen to it to improve your tone, pace, and confidence.
3. Learn a new language: You can use language learning apps like Duolingo to learn a new language and improve your communication skills.
4. Meditate or practice mindfulness: You can use guided meditation apps like Headspace or",Visible text ending only; not an answer-correctness judgement or verified finish reason.
44,1c0ddc50,IE,hybrid_rrf,10,128,clear_incomplete_ending,"ou can learn something new, get inspired, or simply enjoy a good story.
2. Practice mindfulness or meditation: Take a few minutes to breathe, relax, and focus on the present moment.
3. Learn a new language: Use","Based on our previous conversation, I suggested activities that can help you step out of your comfort zone, such as trying a new hobby, attending social events, volunteering, public speaking, and traveling. However, since you're asking about activities for your commute to work, I'll provide some suggestions that are more suitable for that context.

Here are some ideas:

1. Listen to a podcast or audiobook: You can learn something new, get inspired, or simply enjoy a good story.
2. Practice mindfulness or meditation: Take a few minutes to breathe, relax, and focus on the present moment.
3. Learn a new language: Use",Visible text ending only; not an answer-correctness judgement or verified finish reason.
45,0a34ad58,IE,semantic,5,128,clear_incomplete_ending,"tination. This will help you avoid confusion and ensure you arrive at your destination on time.
3. **Check the schedule**: Verify the schedule for trains and buses to ensure you catch the right one. Some trains","Considering the memories provided, here are some helpful tips for getting around Tokyo:

1. **Use your Suica card**: As you've already obtained a Suica card, make sure to use it for traveling on public transportation, such as trains and buses. It's a convenient and cost-effective way to get around the city.
2. **Plan your route**: Use a transit app or Google Maps to find the best route to your destination. This will help you avoid confusion and ensure you arrive at your destination on time.
3. **Check the schedule**: Verify the schedule for trains and buses to ensure you catch the right one. Some trains",Visible text ending only; not an answer-correctness judgement or verified finish reason.
46,0a34ad58,IE,hybrid_minmax,5,128,clear_incomplete_ending,"nk you), and ""sumimasen"" (excuse me).
2. **Get a Suica or Pasmo card:** These prepaid cards can be used to ride the Tokyo Metro and buses, making it easier to get around the city.
3. **Download a transit app:**","Unfortunately, the memories do not contain any information about Tokyo. However, I can provide you with some general tips that might be helpful:

1. **Learn some basic Japanese phrases:** While many Tokyo residents speak some English, it's still a good idea to learn basic phrases like ""konnichiwa"" (hello), ""arigatou"" (thank you), and ""sumimasen"" (excuse me).
2. **Get a Suica or Pasmo card:** These prepaid cards can be used to ride the Tokyo Metro and buses, making it easier to get around the city.
3. **Download a transit app:**",Visible text ending only; not an answer-correctness judgement or verified finish reason.
47,0a34ad58,IE,hybrid_rrf,5,128,clear_incomplete_ending,"nk you), and ""sumimasen"" (excuse me).
2. **Get a Suica or Pasmo card:** These prepaid cards can be used to ride the Tokyo Metro and buses, making it easier to get around the city.
3. **Download a transit app:**","Unfortunately, the memories do not contain any information about Tokyo. However, I can provide you with some general tips that might be helpful:

1. **Learn some basic Japanese phrases:** While many Tokyo residents speak some English, it's still a good idea to learn basic phrases like ""konnichiwa"" (hello), ""arigatou"" (thank you), and ""sumimasen"" (excuse me).
2. **Get a Suica or Pasmo card:** These prepaid cards can be used to ride the Tokyo Metro and buses, making it easier to get around the city.
3. **Download a transit app:**",Visible text ending only; not an answer-correctness judgement or verified finish reason.
48,0a34ad58,IE,recency,10,128,clear_incomplete_ending," route, and offers real-time updates.
3.  **Learn basic Japanese phrases:** While many Tokyo residents speak some English, it's always appreciated when visitors make an effort to communicate in Japanese.
4.  **","Tokyo can be overwhelming, especially for first-time visitors. Here are some helpful tips to make your trip smoother:

1.  **Purchase a Suica or Pasmo card:** These prepaid cards can be used to ride the metro, buses, and some trains. They're convenient and save you time.
2.  **Download the Tokyo Metro app:** This app provides a map of the metro system, helps you plan your route, and offers real-time updates.
3.  **Learn basic Japanese phrases:** While many Tokyo residents speak some English, it's always appreciated when visitors make an effort to communicate in Japanese.
4.  **",Visible text ending only; not an answer-correctness judgement or verified finish reason.
49,0a34ad58,IE,semantic,10,128,clear_incomplete_ending,"oad the Tokyo Metro app or Google Maps to help you navigate.
2. **Buy a Suica or Pasmo card:** These prepaid IC cards are a convenient way to pay for train fares and can be used on most public transportation in","Getting around Tokyo can be intimidating at first, but with some preparation and insider knowledge, you'll be navigating like a pro in no time. Here are some helpful tips to make your Tokyo adventure smoother:

1. **Get familiar with the train system:** Tokyo's train network is extensive, but it can be overwhelming at first. Take some time to study the maps and learn the basic routes. You can also download the Tokyo Metro app or Google Maps to help you navigate.
2. **Buy a Suica or Pasmo card:** These prepaid IC cards are a convenient way to pay for train fares and can be used on most public transportation in",Visible text ending only; not an answer-correctness judgement or verified finish reason.
50,195a1a1b,IE,recency,5,128,clear_incomplete_ending,"lating or exciting, and read for a bit before bed.
3. **Listening to music**: Put on some calming music or nature sounds to help you relax.
4. **Taking a warm bath**: Fill your bathtub with warm water, add some","Based on our conversation, I'd be happy to suggest some activities you can do in the evening to help you relax and unwind before bed. Here are a few ideas:

1. **Meditation**: Try the ""Body Scan"" meditation by Insight Timer, or explore other guided meditations on apps like Headspace or Calm.
2. **Reading**: Choose a book that's not too stimulating or exciting, and read for a bit before bed.
3. **Listening to music**: Put on some calming music or nature sounds to help you relax.
4. **Taking a warm bath**: Fill your bathtub with warm water, add some",Visible text ending only; not an answer-correctness judgement or verified finish reason.
51,195a1a1b,IE,semantic,5,128,clear_incomplete_ending,"r stretching: Gentle stretches to relax your muscles.
5. Listening to soothing music: Calming music or nature sounds can help you unwind.
6. Journaling: Write in a journal to clear your mind and reflect on your","Based on the conversation, here are some activities you can do in the evening to unwind and prepare for a good night's sleep:

1. Reading: Pick a book that's not too engaging or stimulating.
2. Meditation: Use a guided meditation app like Headspace, Calm, or Insight Timer.
3. Deep breathing exercises: Focus on slow, deep breaths to calm your nervous system.
4. Yoga or stretching: Gentle stretches to relax your muscles.
5. Listening to soothing music: Calming music or nature sounds can help you unwind.
6. Journaling: Write in a journal to clear your mind and reflect on your",Visible text ending only; not an answer-correctness judgement or verified finish reason.
52,195a1a1b,IE,hybrid_raw,5,128,coherent_boundary,". **Yoga or stretching**: Gentle stretches can help relax your muscles and prepare your body for sleep.
4. **Journaling**: Writing in a journal can help you clear your mind and process your thoughts before bed.","Based on our previous conversation, I suggested a wind-down schedule to help you relax and prepare for a good night's sleep. Here are some activities you can consider doing in the evening:

1. **Reading**: Choose a book that's not too engaging or stimulating, and read for 20-30 minutes before bed.
2. **Listening to soothing music**: Calming music or nature sounds can help you unwind.
3. **Yoga or stretching**: Gentle stretches can help relax your muscles and prepare your body for sleep.
4. **Journaling**: Writing in a journal can help you clear your mind and process your thoughts before bed.",Visible text ending only; not an answer-correctness judgement or verified finish reason.
53,195a1a1b,IE,hybrid_minmax,5,128,clear_incomplete_ending,"itation app like Headspace, Calm, or Insight Timer, or try a free resource like Guided Meditation by Andrew Weil.
3. **Deep breathing exercises**: Focus on slow, deep breaths to calm your nervous system.
4. **Y","Based on the conversation, it seems that you're looking for activities to do in the evening to help you unwind and prepare for a good night's sleep. Considering your preferences, here are some suggestions:

1. **Reading**: Pick a book that's not too engaging or stimulating, and read for 20-30 minutes before bed.
2. **Meditation**: Use a guided meditation app like Headspace, Calm, or Insight Timer, or try a free resource like Guided Meditation by Andrew Weil.
3. **Deep breathing exercises**: Focus on slow, deep breaths to calm your nervous system.
4. **Y",Visible text ending only; not an answer-correctness judgement or verified finish reason.
54,195a1a1b,IE,hybrid_rrf,5,128,clear_incomplete_ending," soothing music**: Calming music or nature sounds can help you relax and unwind.
3. **Meditation or deep breathing exercises**: Use a guided meditation app or resource to help you relax and prepare for sleep.
4","Based on our previous conversation, I'd be happy to suggest some activities you can do in the evening to unwind and prepare for a good night's sleep.

Considering your preference for winding down by 9:30 pm, here are some activities you can consider:

1. **Reading**: Pick a book that's not too engaging or stimulating, and read for 20-30 minutes before bed.
2. **Listening to soothing music**: Calming music or nature sounds can help you relax and unwind.
3. **Meditation or deep breathing exercises**: Use a guided meditation app or resource to help you relax and prepare for sleep.
4",Visible text ending only; not an answer-correctness judgement or verified finish reason.
55,195a1a1b,IE,recency,10,128,clear_incomplete_ending,"usic**: Put on some calming music or nature sounds to help you relax.
3. **Yoga or stretching**: Practice some gentle stretches or yoga poses to release tension and calm your mind.
4. **Journaling**: Write down","Based on our previous conversation, I'd be happy to suggest some activities that you can do in the evening to unwind and prepare for a good night's sleep.

Considering your interest in meditation and relaxation, here are some activities that you might enjoy:

1. **Reading**: Choose a book that's not too engaging or stimulating, and read for 20-30 minutes before bed.
2. **Listening to soothing music**: Put on some calming music or nature sounds to help you relax.
3. **Yoga or stretching**: Practice some gentle stretches or yoga poses to release tension and calm your mind.
4. **Journaling**: Write down",Visible text ending only; not an answer-correctness judgement or verified finish reason.
56,195a1a1b,IE,semantic,10,128,clear_incomplete_ending,"r stretching: Gentle stretches to relax your muscles.
5. Listening to soothing music: Calming music or nature sounds can help you unwind.
6. Journaling: Write in a journal to clear your mind and reflect on your","Based on the conversation, here are some activities you can do in the evening to unwind and prepare for a good night's sleep:

1. Reading: Pick a book that's not too engaging or stimulating.
2. Meditation: Use a guided meditation app like Headspace, Calm, or Insight Timer.
3. Deep breathing exercises: Focus on slow, deep breaths to calm your nervous system.
4. Yoga or stretching: Gentle stretches to relax your muscles.
5. Listening to soothing music: Calming music or nature sounds can help you unwind.
6. Journaling: Write in a journal to clear your mind and reflect on your",Visible text ending only; not an answer-correctness judgement or verified finish reason.
57,195a1a1b,IE,hybrid_raw,10,128,clear_incomplete_ending," to soothing music**: Put on some calming music or nature sounds to help you relax.
3. **Yoga or stretching**: Practice some gentle stretches or yoga poses to release tension and calm your mind.
4. **Meditation","Based on our previous conversation, I'd be happy to suggest some activities that you can do in the evening to help you unwind and prepare for a good night's sleep.

Considering your interest in relaxation and meditation, here are some activities that you might enjoy:

1. **Reading**: Choose a book that's not too engaging or stimulating, and read for 20-30 minutes before bed.
2. **Listening to soothing music**: Put on some calming music or nature sounds to help you relax.
3. **Yoga or stretching**: Practice some gentle stretches or yoga poses to release tension and calm your mind.
4. **Meditation",Visible text ending only; not an answer-correctness judgement or verified finish reason.
58,195a1a1b,IE,hybrid_minmax,10,128,clear_incomplete_ending,"lax.
3. **Taking a warm bath**: Fill your bathtub with warm water, add some calming essential oils, and soak for 15-20 minutes.
4. **Practicing gentle stretches**: Do some light stretching to release tension in","Based on our previous conversations, I'd like to suggest some activities that you can do in the evening to help you unwind and prepare for a good night's sleep:

1. **Reading**: Choose a book that's not too engaging or stimulating, and read for 20-30 minutes before bed.
2. **Listening to soothing music**: Put on some calming music or nature sounds to help you relax.
3. **Taking a warm bath**: Fill your bathtub with warm water, add some calming essential oils, and soak for 15-20 minutes.
4. **Practicing gentle stretches**: Do some light stretching to release tension in",Visible text ending only; not an answer-correctness judgement or verified finish reason.
59,195a1a1b,IE,hybrid_rrf,10,128,uncertain_boundary,"lax.
3. **Taking a warm bath**: Fill your bathtub with warm water, add some calming essential oils, and soak for 15-20 minutes to relax your muscles.
4. **Practicing gentle stretches**: Do some light stretching","Based on our previous conversation, I'd like to suggest some activities that you can do in the evening to help you unwind and prepare for a good night's sleep:

1. **Reading**: Choose a book that's not too engaging or stimulating, and read for 20-30 minutes before bed.
2. **Listening to soothing music**: Put on some calming music or nature sounds to help you relax.
3. **Taking a warm bath**: Fill your bathtub with warm water, add some calming essential oils, and soak for 15-20 minutes to relax your muscles.
4. **Practicing gentle stretches**: Do some light stretching",Visible text ending only; not an answer-correctness judgement or verified finish reason.
60,fca70973,IE,recency,5,128,clear_incomplete_ending,"Other theme parks that offer Halloween-themed events and VIP experiences

It would be helpful to have more information about your preferences, such as the location, dates, and type of experience you are looking","Insufficient information is available to provide specific suggestions for another theme park weekend. However, based on the provided memories, it seems that you are interested in Halloween-themed events and VIP experiences. 

Considering this, I would suggest looking into other theme parks that offer Halloween-themed events and VIP experiences. Some options to consider might include:

* Disneyland's Halloween Time
* Knott's Scary Farm
* Six Flags Magic Mountain's Fright Fest
* Other theme parks that offer Halloween-themed events and VIP experiences

It would be helpful to have more information about your preferences, such as the location, dates, and type of experience you are looking",Visible text ending only; not an answer-correctness judgement or verified finish reason.
61,fca70973,IE,semantic,5,128,clear_incomplete_ending,"2. **Legoland California**: Located in Carlsbad, this theme park is geared towards younger kids, with rides, shows, and attractions based on the popular Lego toy brand.
3. **SeaWorld San Diego**: Located in San","You've already visited Disneyland, Knott's Berry Farm, Six Flags Magic Mountain, and Universal Studios Hollywood. Considering you're looking for another theme park weekend, I'd suggest visiting other theme parks in the LA area.

Some options to consider are:

1. **Adventureland**: Located in Buena Park, this theme park features a mix of thrill rides, water attractions, and family-friendly shows.
2. **Legoland California**: Located in Carlsbad, this theme park is geared towards younger kids, with rides, shows, and attractions based on the popular Lego toy brand.
3. **SeaWorld San Diego**: Located in San",Visible text ending only; not an answer-correctness judgement or verified finish reason.
62,fca70973,IE,hybrid_raw,5,128,clear_incomplete_ending,"en Tenders.
2. **Knott's Berry Farm**: Knott's Scary Farm is a popular Halloween event that runs through the fall, featuring haunted mazes, scare zones, and live entertainment. Don't miss the Boo-fet, a special","Based on your interest in Halloween-themed events and unique food experiences, I would suggest considering the following theme parks for your next visit:

1. **Disneyland Resort**: With Halloween Time starting in mid-September, you can enjoy the festive decorations, themed food, and special entertainment. Be sure to check out the seasonal food items, such as the Pumpkin Beignets and Bat Wing Chicken Tenders.
2. **Knott's Berry Farm**: Knott's Scary Farm is a popular Halloween event that runs through the fall, featuring haunted mazes, scare zones, and live entertainment. Don't miss the Boo-fet, a special",Visible text ending only; not an answer-correctness judgement or verified finish reason.
63,fca70973,IE,hybrid_minmax,5,128,clear_incomplete_ending,"might consider visiting other theme parks in the LA area, such as Disney California Adventure, Knott's Soak City, or Pacific Park on the Santa Monica Pier.

If you're interested in a specific type of theme park","Considering your interest in theme parks and Halloween events, I'd recommend visiting the state park you mentioned earlier with Rachel. However, if you're looking for a theme park experience, I'd suggest checking out the Halloween events at the theme parks you've visited before, such as Disneyland, Knott's Berry Farm, Six Flags Magic Mountain, and Universal Studios Hollywood.

If you're looking for a new theme park experience, you might consider visiting other theme parks in the LA area, such as Disney California Adventure, Knott's Soak City, or Pacific Park on the Santa Monica Pier.

If you're interested in a specific type of theme park",Visible text ending only; not an answer-correctness judgement or verified finish reason.
64,fca70973,IE,hybrid_rrf,5,128,clear_incomplete_ending,"en Tenders.
2. **Knott's Berry Farm**: Knott's Scary Farm is a popular Halloween event that runs through the fall, featuring haunted mazes, scare zones, and live entertainment. Don't miss the Boo-fet, a special","Based on your interest in Halloween-themed events and unique food experiences, I would suggest considering the following theme parks for your next visit:

1. **Disneyland Resort**: With Halloween Time starting in mid-September, you can enjoy the festive decorations, themed food, and special entertainment. Be sure to check out the seasonal food items, such as the Pumpkin Beignets and Bat Wing Chicken Tenders.
2. **Knott's Berry Farm**: Knott's Scary Farm is a popular Halloween event that runs through the fall, featuring haunted mazes, scare zones, and live entertainment. Don't miss the Boo-fet, a special",Visible text ending only; not an answer-correctness judgement or verified finish reason.
65,fca70973,IE,recency,10,128,clear_incomplete_ending," Pier, and other attractions.
2. **Legoland California**: If you're traveling with kids, Legoland California is a great option, featuring rides, shows, and attractions based on the popular LEGO franchise.
3. **","Based on our previous conversation, I'd be happy to help you plan another theme park weekend.

Since you've already visited Disneyland, Knott's Berry Farm, Six Flags Magic Mountain, and Universal Studios Hollywood, I'll suggest some alternative theme parks in the LA area:

1. **Disney California Adventure Park**: While you've already visited Disneyland, Disney California Adventure Park offers a unique experience with its Cars Land, Pixar Pier, and other attractions.
2. **Legoland California**: If you're traveling with kids, Legoland California is a great option, featuring rides, shows, and attractions based on the popular LEGO franchise.
3. **",Visible text ending only; not an answer-correctness judgement or verified finish reason.
66,fca70973,IE,semantic,10,128,clear_incomplete_ending," Knott's Berry Farm, offering a variety of water slides, a wave pool, and a lazy river.
2. **Legoland California**: A theme park designed for kids aged 2-12, featuring rides, shows, and attractions based on the","Based on our previous conversations, I'd be happy to help you plan another theme park weekend. Since you've already visited Disneyland, Knott's Berry Farm, Six Flags Magic Mountain, and Universal Studios Hollywood, I'll suggest some new theme parks or events in the LA area.

Have you considered visiting:

1. **Knott's Soak City**: A water park located next to Knott's Berry Farm, offering a variety of water slides, a wave pool, and a lazy river.
2. **Legoland California**: A theme park designed for kids aged 2-12, featuring rides, shows, and attractions based on the",Visible text ending only; not an answer-correctness judgement or verified finish reason.
67,fca70973,IE,hybrid_minmax,10,128,clear_incomplete_ending,"ractions suitable for families with young children.
2. **Legoland California**: Located in Carlsbad, this theme park is perfect for families with kids aged 2-12, featuring rides, shows, and attractions based on","Based on our previous conversation, I'd be happy to help you plan another theme park weekend. Since you've already visited Disneyland, Knott's Berry Farm, Six Flags Magic Mountain, and Universal Studios Hollywood, I'll suggest some alternative theme parks in the LA area.

Have you considered visiting:

1. **Adventure City**: A smaller theme park in Buena Park that offers a range of rides, shows, and attractions suitable for families with young children.
2. **Legoland California**: Located in Carlsbad, this theme park is perfect for families with kids aged 2-12, featuring rides, shows, and attractions based on",Visible text ending only; not an answer-correctness judgement or verified finish reason.
68,fca70973,IE,hybrid_rrf,10,128,clear_incomplete_ending,"xploring this immersive land at Disneyland. It's a must-visit for any Star Wars enthusiast.
2. **Knott's Scary Farm's Special Events**: Knott's Scary Farm offers various special events throughout the year, such","Based on your previous theme park visits, I'd be happy to suggest some new theme parks or events for you to consider.

Since you've already visited Disneyland, Knott's Berry Farm, Six Flags Magic Mountain, and Universal Studios Hollywood, here are a few suggestions:

1. **Disneyland's Star Wars: Galaxy's Edge**: If you're a fan of the Star Wars franchise, you might enjoy exploring this immersive land at Disneyland. It's a must-visit for any Star Wars enthusiast.
2. **Knott's Scary Farm's Special Events**: Knott's Scary Farm offers various special events throughout the year, such",Visible text ending only; not an answer-correctness judgement or verified finish reason.
69,09d032c9,IE,semantic,5,128,clear_incomplete_ending," Bluetooth, GPS, and location services when not in use.
4. Update your phone's software: Regular software updates often include battery life improvements.
5. Charge your phone correctly: Avoid overcharging your","The information is insufficient to provide a specific answer about the battery life on your phone. However, I can suggest some general tips that may help:

1. Check your phone's battery health: You can usually find this information in your phone's settings or battery menu.
2. Adjust your screen brightness and timeout: Lowering your screen brightness and setting a shorter timeout can help conserve battery life.
3. Turn off unnecessary features: Disable features like Bluetooth, GPS, and location services when not in use.
4. Update your phone's software: Regular software updates often include battery life improvements.
5. Charge your phone correctly: Avoid overcharging your",Visible text ending only; not an answer-correctness judgement or verified finish reason.
70,09d032c9,IE,hybrid_rrf,5,128,clear_incomplete_ending,"able any features that you don't use regularly, such as Bluetooth, GPS, or location services.
3. **Adjust your screen brightness**: Lowering your screen brightness can help conserve battery life.
4. **Use power","Based on the conversation, I don't have any specific information about your phone's battery life. However, I can suggest some general tips that might be helpful:

1. **Check your phone's settings**: Make sure your phone's settings are optimized for battery life. You can usually find these settings in the ""Battery"" or ""Power"" section of your phone's settings app.
2. **Turn off unnecessary features**: Disable any features that you don't use regularly, such as Bluetooth, GPS, or location services.
3. **Adjust your screen brightness**: Lowering your screen brightness can help conserve battery life.
4. **Use power",Visible text ending only; not an answer-correctness judgement or verified finish reason.
71,09d032c9,IE,hybrid_minmax,10,128,clear_incomplete_ending,"ow-battery mode to limit background activity and reduce battery consumption.
4. **Update your operating system**: Ensure your phone's operating system is up-to-date, as newer versions often include battery life","The information is insufficient to provide a specific answer. However, I can suggest some general tips to help improve your phone's battery life:

1. **Adjust your screen brightness**: Lowering your screen brightness can significantly reduce battery consumption.
2. **Turn off unnecessary features**: Disable features like Bluetooth, GPS, and Wi-Fi when not in use to conserve battery life.
3. **Use power-saving modes**: Enable your phone's power-saving mode or low-battery mode to limit background activity and reduce battery consumption.
4. **Update your operating system**: Ensure your phone's operating system is up-to-date, as newer versions often include battery life",Visible text ending only; not an answer-correctness judgement or verified finish reason.
72,09d032c9,IE,hybrid_rrf,10,128,clear_incomplete_ending,"timeout can help conserve battery life.
3. **Turn off unnecessary features**: Disable features like Bluetooth, GPS, and location services when not in use to save battery power.
4. **Update your phone's software","Insufficient information is available to provide a specific answer to your question about battery life. However, I can offer some general tips that might be helpful:

1. **Check your battery health**: Make sure your battery is in good condition. If it's old or damaged, it might be affecting your battery life.
2. **Adjust your screen settings**: Lowering your screen brightness, turning off auto-brightness, and adjusting your screen timeout can help conserve battery life.
3. **Turn off unnecessary features**: Disable features like Bluetooth, GPS, and location services when not in use to save battery power.
4. **Update your phone's software",Visible text ending only; not an answer-correctness judgement or verified finish reason.
73,07b6f563,IE,semantic,5,128,clear_incomplete_ending,"s manufacturer or reputable brands like Zagg or TechArmor. These protectors provide a clear, scratch-resistant layer for your phone's screen.
3. **Power bank**: A portable power bank can be a lifesaver when you","Based on the memories, I can suggest some useful accessories for your phone. 

1. **Phone wallet case**: Consider a high-quality wallet case from brands like Nomad, Fossil, Bellroy, or Spigen. These cases offer a stylish and functional design, with features like card slots, cash storage, and RFID-blocking material.
2. **Screen protector**: Look into official screen protectors from your phone's manufacturer or reputable brands like Zagg or TechArmor. These protectors provide a clear, scratch-resistant layer for your phone's screen.
3. **Power bank**: A portable power bank can be a lifesaver when you",Visible text ending only; not an answer-correctness judgement or verified finish reason.
74,07b6f563,IE,hybrid_raw,5,128,clear_incomplete_ending,"e charger can help keep your phone charged on the go.
4. **Wireless earbuds**: Wireless earbuds can provide a convenient and hands-free listening experience.
5. **Power bank**: A power bank can help charge your","Based on the conversation, I don't have any specific information about your phone or its model. However, I can suggest some general accessories that are popular and useful for many phones:

1. **Phone case**: A protective case can help prevent scratches and drops.
2. **Screen protector**: A screen protector can help prevent scratches and cracks on your phone's screen.
3. **Portable charger**: A portable charger can help keep your phone charged on the go.
4. **Wireless earbuds**: Wireless earbuds can provide a convenient and hands-free listening experience.
5. **Power bank**: A power bank can help charge your",Visible text ending only; not an answer-correctness judgement or verified finish reason.
75,07b6f563,IE,hybrid_minmax,5,128,coherent_boundary,"ing you stay connected during power outages.
2. **Solar charger**: A solar charger can provide a sustainable way to charge your phone, especially during outdoor activities or in areas with limited power access.","Based on our previous conversations, I'd be happy to suggest some useful accessories for your phone. Since you're looking for a phone wallet case, I'll recommend some additional accessories that complement your existing needs.

Considering your interest in emergency preparedness, I'll suggest some accessories that can help you stay connected and prepared during power outages:

1. **Portable power bank**: A portable power bank can help you charge your phone on the go, ensuring you stay connected during power outages.
2. **Solar charger**: A solar charger can provide a sustainable way to charge your phone, especially during outdoor activities or in areas with limited power access.",Visible text ending only; not an answer-correctness judgement or verified finish reason.
76,07b6f563,IE,hybrid_rrf,5,128,coherent_boundary,"ing you stay connected during power outages.
2. **Solar charger**: A solar charger can provide a sustainable way to charge your phone, especially during outdoor activities or in areas with limited power access.","Based on our previous conversations, I'd be happy to suggest some useful accessories for your phone. Since you're looking for a phone wallet case, I'll recommend some additional accessories that complement your existing needs.

Considering your interest in emergency preparedness, I'll suggest some accessories that can help you stay connected and prepared during power outages:

1. **Portable power bank**: A portable power bank can help you charge your phone on the go, ensuring you stay connected during power outages.
2. **Solar charger**: A solar charger can provide a sustainable way to charge your phone, especially during outdoor activities or in areas with limited power access.",Visible text ending only; not an answer-correctness judgement or verified finish reason.
77,07b6f563,IE,recency,10,128,clear_incomplete_ending,"e go, even when you're away from a power outlet.
3. **Wireless earbuds**: Wireless earbuds can provide a convenient and hands-free way to listen to music or take calls.
4. **Phone stand with a built-in charging","Based on the conversation, I'd be happy to suggest some useful accessories for your phone. Here are a few ideas:

1. **Phone case with a built-in wallet**: A phone case with a built-in wallet can help you stay organized and keep your cards and cash within reach.
2. **Portable power bank**: A portable power bank can ensure that your phone stays charged on the go, even when you're away from a power outlet.
3. **Wireless earbuds**: Wireless earbuds can provide a convenient and hands-free way to listen to music or take calls.
4. **Phone stand with a built-in charging",Visible text ending only; not an answer-correctness judgement or verified finish reason.
78,07b6f563,IE,semantic,10,128,clear_incomplete_ending," and within reach.
3. **Wireless charging pads**: Consider a wireless charging pad for convenient and clutter-free charging.
4. **Phone grips or stands**: Explore phone grips or stands that can help you prop up","Based on our previous conversations, I'd be happy to suggest some useful accessories for your phone.

Considering your interest in phone wallet cases, I'd recommend exploring the following options:

1. **Screen protectors**: Invest in a high-quality screen protector to safeguard your phone's display from scratches and cracks.
2. **Phone cases with card slots**: Look for cases with built-in card slots or cash storage to keep your essentials organized and within reach.
3. **Wireless charging pads**: Consider a wireless charging pad for convenient and clutter-free charging.
4. **Phone grips or stands**: Explore phone grips or stands that can help you prop up",Visible text ending only; not an answer-correctness judgement or verified finish reason.
79,07b6f563,IE,hybrid_raw,10,128,clear_incomplete_ending,"ged on the go, even when you're away from a power outlet.
3. **Wireless earbuds**: Wireless earbuds can provide a convenient and hands-free way to listen to music or take calls.
4. **Phone stand with a built-in","Based on the conversation, I'd be happy to suggest some useful accessories for your phone. Here are a few ideas:

1. **Phone case with a built-in wallet**: A phone case with a built-in wallet can help you stay organized and keep your cards and cash within easy reach.
2. **Portable power bank**: A portable power bank can ensure that your phone stays charged on the go, even when you're away from a power outlet.
3. **Wireless earbuds**: Wireless earbuds can provide a convenient and hands-free way to listen to music or take calls.
4. **Phone stand with a built-in",Visible text ending only; not an answer-correctness judgement or verified finish reason.
80,07b6f563,IE,hybrid_minmax,10,128,clear_incomplete_ending,"If you want to carry your cards and cash with you, consider a phone case with built-in card slots. This can help keep your cards organized and within reach.
3. **Wireless charging pads**: If you have a wireless","Based on our previous conversation, I'd be happy to suggest some useful accessories for your phone.

Considering your interest in a phone wallet case, I'd recommend exploring the following options:

1. **Screen protectors**: A good screen protector can help prevent scratches and cracks on your phone's screen. You can consider a tempered glass screen protector or a film-based one.
2. **Phone cases with card slots**: If you want to carry your cards and cash with you, consider a phone case with built-in card slots. This can help keep your cards organized and within reach.
3. **Wireless charging pads**: If you have a wireless",Visible text ending only; not an answer-correctness judgement or verified finish reason.
81,07b6f563,IE,hybrid_rrf,10,128,clear_incomplete_ending,"D-blocking material.

Additionally, since you're also interested in fitness tracking, I recommended some popular fitness trackers like Fitbit Inspire HR, Garmin Vivosport, Samsung Galaxy Fit, Apple Watch Series","Based on our previous conversation, I'd be happy to suggest some useful accessories for your phone.

Considering you're looking for a phone wallet case, I recommended some popular brands like Nomad, Fossil, Bellroy, Incipio, Speck, Case-Mate, Tech21, UAG, Mophie, and Spigen. These brands offer high-quality wallet cases with various features like card slots, cash storage, and RFID-blocking material.

Additionally, since you're also interested in fitness tracking, I recommended some popular fitness trackers like Fitbit Inspire HR, Garmin Vivosport, Samsung Galaxy Fit, Apple Watch Series",Visible text ending only; not an answer-correctness judgement or verified finish reason.
82,35a27287,IE,semantic,5,128,clear_incomplete_ending,"upcoming events.
3. **Local newspapers or community newsletters**: Check the entertainment or community section of local newspapers or community newsletters to find out about upcoming cultural events.
4. **Word","Unfortunately, the information provided does not contain enough details about your location. However, I can suggest some general tips to find cultural events happening around you this weekend:

1. **Check online event calendars**: Websites like Eventbrite, Meetup, or local newspaper websites often list upcoming events in your area.
2. **Social media**: Follow local cultural organizations, museums, or event promoters on social media platforms like Facebook, Twitter, or Instagram to stay updated on upcoming events.
3. **Local newspapers or community newsletters**: Check the entertainment or community section of local newspapers or community newsletters to find out about upcoming cultural events.
4. **Word",Visible text ending only; not an answer-correctness judgement or verified finish reason.
83,35a27287,IE,hybrid_minmax,5,128,clear_incomplete_ending,"ook, Twitter, or Instagram. They often post about upcoming events and festivals.
3. **Language Schools and Cultural Centers**: Reach out to local language schools, cultural centers, or institutions that promote","Since I don't have access to your location, I'll provide some general suggestions on how to find cultural events in your area. You can try the following:

1. **Online Event Calendars**: Websites like Eventbrite, Meetup, or local event calendars can help you find cultural events happening in your area.
2. **Social Media and Local News**: Follow local cultural organizations, language schools, and community centers on social media platforms like Facebook, Twitter, or Instagram. They often post about upcoming events and festivals.
3. **Language Schools and Cultural Centers**: Reach out to local language schools, cultural centers, or institutions that promote",Visible text ending only; not an answer-correctness judgement or verified finish reason.
84,35a27287,IE,hybrid_rrf,5,128,uncertain_boundary,"ining groups of people with shared interests. Search for groups related to cultural events, language exchange, or international events.
2. **Social Media and Local News**:
	* Follow local cultural organizations","Since I'm a large language model, I don't have access to your location, but I can suggest some ways to find cultural events happening around you this weekend:

1. **Online Event Calendars**:
	* Eventbrite: A popular platform for finding and registering for events. Use keywords like ""cultural event,"" ""festival,"" or ""concert"" to find relevant events.
	* Meetup: A platform for finding and joining groups of people with shared interests. Search for groups related to cultural events, language exchange, or international events.
2. **Social Media and Local News**:
	* Follow local cultural organizations",Visible text ending only; not an answer-correctness judgement or verified finish reason.
85,35a27287,IE,semantic,10,128,uncertain_boundary,"ia platforms like Facebook or Instagram using hashtags related to your interests.

If you're in a different country, you can try searching for cultural events on local event calendars, social media, or websites","I'd be happy to help you find some cultural events happening around you this weekend. However, I don't have access to your current location. Could you please provide me with your city or zip code so I can give you more accurate information?

If you're in the United States, you can check websites like Eventbrite, Meetup, or local event calendars to find cultural events happening in your area. You can also search for events on social media platforms like Facebook or Instagram using hashtags related to your interests.

If you're in a different country, you can try searching for cultural events on local event calendars, social media, or websites",Visible text ending only; not an answer-correctness judgement or verified finish reason.
86,35a27287,IE,hybrid_minmax,10,128,clear_incomplete_ending,"ost about upcoming events.
3. **Local News**: Check local news websites, newspapers, or community newsletters for event listings and articles about cultural events.
4. **Community Organizations**: Contact local","Based on the memories provided, I don't have information about your current location. However, I can suggest some general ways to find cultural events happening around you this weekend:

1. **Online Event Calendars**: Check websites like Eventbrite, Meetup, or local newspaper websites for event listings.
2. **Social Media**: Follow local cultural organizations, museums, or community centers on social media platforms like Facebook, Twitter, or Instagram. They often post about upcoming events.
3. **Local News**: Check local news websites, newspapers, or community newsletters for event listings and articles about cultural events.
4. **Community Organizations**: Contact local",Visible text ending only; not an answer-correctness judgement or verified finish reason.
87,35a27287,IE,hybrid_rrf,10,128,coherent_boundary,"t about upcoming events and festivals.
3. **Language Schools and Cultural Centers**: Reach out to local language schools, cultural centers, or institutions that promote language diversity and cultural exchange.","Unfortunately, I don't have access to your location. However, I can suggest some ways to find cultural events happening around you this weekend:

1. **Online Event Calendars**: Check websites like Eventbrite, Meetup, or local event calendars to find cultural events in your area.
2. **Social Media and Local News**: Follow local cultural organizations, language schools, and community centers on social media platforms like Facebook, Twitter, or Instagram. They often post about upcoming events and festivals.
3. **Language Schools and Cultural Centers**: Reach out to local language schools, cultural centers, or institutions that promote language diversity and cultural exchange.",Visible text ending only; not an answer-correctness judgement or verified finish reason.
88,75f70248,IE,hybrid_minmax,5,128,clear_incomplete_ending,"onally, considering the plants mentioned earlier that can help purify the air, you might want to explore incorporating some of those into your living room.

However, without more information about your specific","Considering the context, it's possible that your living room might be contributing to your sneezing. The presence of a cat that sheds a lot, as mentioned earlier, can increase dust and dander in the air. This could be exacerbating your sneezing.

To better understand the situation, I would recommend checking the dust-reducing tips provided earlier, such as vacuuming regularly, dusting with a damp cloth, and changing air filters. Additionally, considering the plants mentioned earlier that can help purify the air, you might want to explore incorporating some of those into your living room.

However, without more information about your specific",Visible text ending only; not an answer-correctness judgement or verified finish reason.
89,75f70248,IE,hybrid_rrf,5,128,clear_incomplete_ending,"f dust and dander in your living room. Additionally, considering the plants I suggested earlier, which can help purify the air, might also be beneficial.

However, if you're experiencing persistent sneezing, it","Considering the context of our previous conversations, it's possible that your living room might be contributing to your sneezing. As a cat owner, you mentioned that your cat sheds a lot, which can lead to dust and dander accumulation in your living room.

Some of the tips I provided earlier, such as vacuuming regularly, dusting with a damp cloth, and using a lint roller, might help reduce the amount of dust and dander in your living room. Additionally, considering the plants I suggested earlier, which can help purify the air, might also be beneficial.

However, if you're experiencing persistent sneezing, it",Visible text ending only; not an answer-correctness judgement or verified finish reason.
90,75f70248,IE,recency,10,128,clear_incomplete_ending,"their waste products can trigger allergies.
2. Pet dander: If you have pets in your living room, their dander can become airborne and cause sneezing.
3. Mold and mildew: High humidity levels in your living room","The information provided does not contain any context or details about your living room or the potential causes of your sneezing. However, I can provide some general information about common allergens that might be present in a living room.

Some common allergens that could be present in a living room include:

1. Dust mites: These tiny creatures live in carpets, upholstered furniture, and bedding, and their waste products can trigger allergies.
2. Pet dander: If you have pets in your living room, their dander can become airborne and cause sneezing.
3. Mold and mildew: High humidity levels in your living room",Visible text ending only; not an answer-correctness judgement or verified finish reason.
91,75f70248,IE,hybrid_minmax,10,128,uncertain_boundary,"ioned the importance of grooming your cat regularly to reduce shedding.

Considering your concern about sneezing, it's possible that dust and allergens in your living room could be contributing to your symptoms","Based on the memories provided, it seems that you're concerned about dust and allergies in your living room, especially with a cat that sheds a lot. The memories suggest that you're looking for ways to keep your living room dust-free and healthy.

In one of the memories, I provided you with some simple ways to keep your living room dust-free, including vacuuming regularly, dusting with a damp cloth, and using a lint roller. I also mentioned the importance of grooming your cat regularly to reduce shedding.

Considering your concern about sneezing, it's possible that dust and allergens in your living room could be contributing to your symptoms",Visible text ending only; not an answer-correctness judgement or verified finish reason.
92,75f70248,IE,hybrid_rrf,10,128,uncertain_boundary,"rgens.
2. **Pet dander:** If your cat is shedding a lot, it's possible that their dander is contributing to your sneezing. Brushing your cat regularly and using a lint roller can help reduce pet hair and dander","Considering the context of our previous conversations, it's possible that your living room might be contributing to your sneezing. Here are a few potential factors to consider:

1. **Dust and allergens:** As we discussed earlier, dust and allergens can accumulate in your living room, especially with a cat that sheds a lot. Regular vacuuming and dusting can help reduce these allergens.
2. **Pet dander:** If your cat is shedding a lot, it's possible that their dander is contributing to your sneezing. Brushing your cat regularly and using a lint roller can help reduce pet hair and dander",Visible text ending only; not an answer-correctness judgement or verified finish reason.
93,32260d93,IE,semantic,5,128,clear_incomplete_ending,"om science and technology to culture and creativity.
2. **The Great Hack**: A documentary that explores the world of data exploitation and the impact of technology on our lives.
3. **The Inventor: Out for Blood","Based on the context of the conversation, I'd recommend a show or movie that's a good fit for a relaxing evening. Since you've been enjoying true crime podcasts and are interested in self-improvement, I'd suggest a documentary or a show that's informative and engaging.

Here are a few recommendations:

1. **The Ted Talks Daily Podcast**: You can find a wide range of TED Talks on various topics, from science and technology to culture and creativity.
2. **The Great Hack**: A documentary that explores the world of data exploitation and the impact of technology on our lives.
3. **The Inventor: Out for Blood",Visible text ending only; not an answer-correctness judgement or verified finish reason.
94,32260d93,IE,hybrid_rrf,5,128,uncertain_boundary,"als feature strong storytelling abilities and are relatable to a wide range of audiences.

If you're in the mood for something different, you could also consider watching a documentary series like ""The Keepers""","Based on our conversation, I'd recommend watching a show or movie that aligns with your interests in comedy and storytelling. Considering your earlier question about stand-up comedy specials, I think you might enjoy watching a documentary or a comedy special that features storytelling.

From the list of Netflix stand-up specials I provided earlier, I think you might enjoy watching ""Hasan Minhaj: Homecoming King"" or ""Ali Wong: Hard Knock Wife"". Both specials feature strong storytelling abilities and are relatable to a wide range of audiences.

If you're in the mood for something different, you could also consider watching a documentary series like ""The Keepers""",Visible text ending only; not an answer-correctness judgement or verified finish reason.
95,32260d93,IE,hybrid_raw,10,128,clear_incomplete_ending,"lore complex historical events or themes.

Some popular historical dramas that come to mind include ""The Crown,"" ""Vikings,"" or ""The Last Kingdom."" However, without more information about your specific interests","Based on our conversation, I don't have any information about your personal preferences or interests. However, I can suggest a general approach to finding a show or movie that might interest you.

Since you mentioned earlier that you're not sure about the time period of the Fire-Eaters, I'm going to take a guess that you might be interested in historical dramas or period pieces. If that's the case, you might enjoy shows or movies that explore complex historical events or themes.

Some popular historical dramas that come to mind include ""The Crown,"" ""Vikings,"" or ""The Last Kingdom."" However, without more information about your specific interests",Visible text ending only; not an answer-correctness judgement or verified finish reason.
96,32260d93,IE,hybrid_minmax,10,128,clear_incomplete_ending,"ved critical acclaim for its performances, direction, and historical accuracy.

If you're interested in watching a documentary instead, I would suggest ""The Codebreaker's Dilemma"" (2011), a BBC documentary that","Based on our conversation, I would recommend the movie ""The Imitation Game"" (2014) starring Benedict Cumberbatch as Alan Turing. This film is a biographical drama that explores Turing's life and work, including his contributions to the development of computer science and his struggles with his sexual identity during World War II. The movie is a gripping and thought-provoking portrayal of Turing's story, and it has received critical acclaim for its performances, direction, and historical accuracy.

If you're interested in watching a documentary instead, I would suggest ""The Codebreaker's Dilemma"" (2011), a BBC documentary that",Visible text ending only; not an answer-correctness judgement or verified finish reason.
97,32260d93,IE,hybrid_rrf,10,128,coherent_boundary,"ayal of Turing's struggles with his identity and the societal pressures he faced.

Alternatively, if you're in the mood for something more lighthearted, you might enjoy the TV show ""Schitt's Creek"" (2015-2020).","Based on our conversation, I would recommend the movie ""The Imitation Game"" (2014) starring Benedict Cumberbatch as Alan Turing. This film is a historical drama that explores the life of Turing, a British mathematician and computer scientist who played a crucial role in cracking the German Enigma code during World War II. The movie is a gripping and thought-provoking portrayal of Turing's struggles with his identity and the societal pressures he faced.

Alternatively, if you're in the mood for something more lighthearted, you might enjoy the TV show ""Schitt's Creek"" (2015-2020).",Visible text ending only; not an answer-correctness judgement or verified finish reason.
98,d6233ab6,IE,recency,5,128,clear_incomplete_ending,"schedule, budget, and personal preferences.

If you're still unsure, you might want to ask yourself a few questions:

1. What are your motivations for attending the reunion? Is it to reconnect with old friends,","The information provided does not contain any details about your high school reunion or your feelings of nostalgia. However, based on the context of the conversation, it seems that you're considering attending your high school reunion. 

To answer your question, attending your high school reunion could be a good idea if you're feeling nostalgic and want to reconnect with old friends. However, it's also essential to consider your current circumstances, such as your schedule, budget, and personal preferences.

If you're still unsure, you might want to ask yourself a few questions:

1. What are your motivations for attending the reunion? Is it to reconnect with old friends,",Visible text ending only; not an answer-correctness judgement or verified finish reason.
99,d6233ab6,IE,hybrid_rrf,5,128,clear_incomplete_ending,"es, attending the reunion might be a great way to reconnect and strengthen those bonds.
2. **Your current schedule and commitments:** Make sure you have the time and energy to attend the reunion without feeling","The information is insufficient to provide a recommendation on attending your high school reunion. However, I can offer some general advice. Attending a high school reunion can be a great way to reconnect with old friends and reminisce about the past. It's also an opportunity to see how people have grown and changed over time.

To help you decide, consider the following factors:

1. **Your current relationship with classmates:** If you're close with some classmates, attending the reunion might be a great way to reconnect and strengthen those bonds.
2. **Your current schedule and commitments:** Make sure you have the time and energy to attend the reunion without feeling",Visible text ending only; not an answer-correctness judgement or verified finish reason.
100,d6233ab6,IE,recency,10,128,clear_incomplete_ending,"s, attending the reunion might be a great way to rekindle those friendships.
2. **Your comfort level with change:** If you're not comfortable with the idea of seeing people from your past, it might be better to","The memories of your high school days are likely to be a mix of nostalgia and possibly some awkwardness. However, attending your high school reunion can be a great opportunity to reconnect with old friends, see how people have changed, and even make new connections.

It's worth considering the following factors before deciding:

1. **Your current relationship with your high school friends:** If you're close with some of your former classmates, attending the reunion might be a great way to rekindle those friendships.
2. **Your comfort level with change:** If you're not comfortable with the idea of seeing people from your past, it might be better to",Visible text ending only; not an answer-correctness judgement or verified finish reason.
101,d6233ab6,IE,semantic,10,128,clear_incomplete_ending,"best use of your time.

To help you decide, ask yourself:

* What are my motivations for attending the reunion? Is it to reconnect with old friends, or is it to relive past experiences?
* How will attending the","Considering the context of your conversations, it seems like you're reflecting on your past and looking to reconnect with old friends. Attending your high school reunion could be a great opportunity to reminisce and catch up with people from your past.

However, it's also essential to consider your current priorities and goals. If you're in a period of transition or focusing on personal growth, attending the reunion might not be the best use of your time.

To help you decide, ask yourself:

* What are my motivations for attending the reunion? Is it to reconnect with old friends, or is it to relive past experiences?
* How will attending the",Visible text ending only; not an answer-correctness judgement or verified finish reason.
102,d6233ab6,IE,hybrid_minmax,10,128,clear_incomplete_ending," with old friends, attending the reunion could be a good idea. However, it's essential to weigh the pros and cons, consider your current schedule and priorities, and decide what's best for you.

If you're still","Based on the conversation, it seems that you're considering attending your high school reunion. However, the conversation doesn't provide enough information to give a definitive answer. It's also unclear when the reunion is scheduled to take place.

Considering the context of the conversation, which took place on May 29, 2023, it's possible that the reunion might be happening soon. If you're feeling nostalgic and want to reconnect with old friends, attending the reunion could be a good idea. However, it's essential to weigh the pros and cons, consider your current schedule and priorities, and decide what's best for you.

If you're still",Visible text ending only; not an answer-correctness judgement or verified finish reason.
103,d6233ab6,IE,hybrid_rrf,10,128,clear_incomplete_ending," with old friends, attending the reunion could be a good idea. However, it's essential to weigh the pros and cons, consider your current schedule and priorities, and decide what's best for you.

If you're still","Based on the conversation, it seems that you're considering attending your high school reunion. However, the conversation doesn't provide enough information to give a definitive answer. It's also unclear when the reunion is scheduled to take place.

Considering the context of the conversation, which took place on May 29, 2023, it's possible that the reunion might be happening soon. If you're feeling nostalgic and want to reconnect with old friends, attending the reunion could be a good idea. However, it's essential to weigh the pros and cons, consider your current schedule and priorities, and decide what's best for you.

If you're still",Visible text ending only; not an answer-correctness judgement or verified finish reason.
104,ba358f49,MR,semantic,5,128,clear_incomplete_ending," age at the time of the wedding. If you're asking about your age at the time of the wedding, I'll need more information about your current age to provide an accurate answer.

However, based on the conversation,","Since the conversation took place on September 1, 2022, and the wedding is next year, we can assume the wedding will take place in 2023.

If the wedding is in 2023, and the conversation took place in 2022, it means that the wedding will take place in about 1 year.

Since you didn't mention your current age, I'll assume you're asking about your age at the time of the wedding. If you're asking about your age at the time of the wedding, I'll need more information about your current age to provide an accurate answer.

However, based on the conversation,",Visible text ending only; not an answer-correctness judgement or verified finish reason.
105,f35224e0,MR,hybrid_minmax,10,128,clear_incomplete_ending,"hed around 15 episodes of 'How I Built This'.

Since we don't have information about the number of episodes you've listened to from 'How I Built This' and 'My Favorite Murder' beyond these two conversations, we","To find the total number of episodes you've listened to from 'How I Built This' and 'My Favorite Murder', we need to look at the conversations you had with the assistant.

From the conversation on May 26, 2023, you mentioned that you've finished episode 12 of 'My Favorite Murder'. 

From the conversation on May 29, 2023, you mentioned that you've finished around 15 episodes of 'How I Built This'.

Since we don't have information about the number of episodes you've listened to from 'How I Built This' and 'My Favorite Murder' beyond these two conversations, we",Visible text ending only; not an answer-correctness judgement or verified finish reason.
106,1192316e,MR,semantic,5,128,clear_incomplete_ending,"user mentioned that they were looking for advice on how to make the most of their morning commute, which implies that they have some time to prepare before leaving for work.

However, the exact time it takes to","Based on the memory context, the total time it takes to get ready and commute to work is not explicitly stated. However, we can infer some information.

The user mentioned that their daily commute to work takes about 30 minutes. They also discussed tips for staying focused and alert during their morning commute, which suggests that they have some time to prepare before leaving for work.

In the session on May 20, 2023, the user mentioned that they were looking for advice on how to make the most of their morning commute, which implies that they have some time to prepare before leaving for work.

However, the exact time it takes to",Visible text ending only; not an answer-correctness judgement or verified finish reason.
107,1192316e,MR,hybrid_minmax,5,128,uncertain_boundary,"the user is comfortable with driving for extended periods.

In the conversation about home office design, the user mentioned that they had been working from home more often, but there is no specific information","To determine the total time it takes to get ready and commute to work, we need to look at the information provided in the memory context.

Unfortunately, the memory context does not provide specific information about the user's work schedule, commute time, or preparation time. However, we can infer some information from the conversations.

In the conversation about the hike, the user mentioned that they had recently done a 4-hour drive to visit their family. This suggests that the user is comfortable with driving for extended periods.

In the conversation about home office design, the user mentioned that they had been working from home more often, but there is no specific information",Visible text ending only; not an answer-correctness judgement or verified finish reason.
108,1192316e,MR,hybrid_raw,10,128,clear_incomplete_ending,"the assistant at 2023/05/30 (Tue) 14:51 and another session at 2023/05/30 (Tue) 15:42.

However, we don't have information about the user's daily routine, including the time it takes to get ready and commute to","To calculate the total time it takes to get ready and commute to work, we need to know the time it takes for each activity.

From the memory context, we can see that the user started planning to update their home office on 2023/05/30 (Tue) 09:09. They also had a session with the assistant at 2023/05/30 (Tue) 14:51 and another session at 2023/05/30 (Tue) 15:42.

However, we don't have information about the user's daily routine, including the time it takes to get ready and commute to",Visible text ending only; not an answer-correctness judgement or verified finish reason.
109,gpt4_2f91af09,MR,semantic,5,128,clear_incomplete_ending,"he exact number of pieces is not specified. However, we can calculate the total number of pieces you completed since you started writing again three weeks ago.

Since you started writing again on May 14, 2023 (","You completed 5 short stories before the conversation started on May 21, 2023. 

During the conversation, you mentioned that you wrote 17 poems in the past two weeks. 

You also participated in a writing challenge and wrote a piece titled ""The Smell of Old Books"" in response to the prompt ""forgotten memories"". 

Additionally, you mentioned that you've been writing a lot lately, but the exact number of pieces is not specified. However, we can calculate the total number of pieces you completed since you started writing again three weeks ago.

Since you started writing again on May 14, 2023 (",Visible text ending only; not an answer-correctness judgement or verified finish reason.
110,gpt4_2f91af09,MR,hybrid_raw,5,128,clear_incomplete_ending,"e and Trello to organize your writing files and track your progress.

However, the memory context does not contain any information about the number of pieces you completed before writing ""The Smell of Old Books","Since the memory context does not contain enough information about the number of pieces you completed before the session on 2023/05/30, I will only consider the information provided in the session.

In the session on 2023/05/30, you mentioned that you wrote a piece titled ""The Smell of Old Books"" for the writing challenge prompt ""forgotten memories"". You also mentioned that you were going to start using Evernote and Trello to organize your writing files and track your progress.

However, the memory context does not contain any information about the number of pieces you completed before writing ""The Smell of Old Books",Visible text ending only; not an answer-correctness judgement or verified finish reason.
111,gpt4_2f91af09,MR,hybrid_minmax,5,128,clear_incomplete_ending,"again three weeks ago, and considering the dates provided in the memory context (2023/05/28 and 2023/05/30), it's likely that you wrote the five short stories and the piece for the writing challenge within this","To determine the total number of pieces of writing you've completed, we need to consider the information provided in the memory context.

You mentioned that you've written five short stories so far. Additionally, you participated in a writing challenge on a social media platform, where you wrote a piece titled ""The Smell of Old Books"" in response to the prompt ""forgotten memories"".

Since you started writing again three weeks ago, and considering the dates provided in the memory context (2023/05/28 and 2023/05/30), it's likely that you wrote the five short stories and the piece for the writing challenge within this",Visible text ending only; not an answer-correctness judgement or verified finish reason.
112,gpt4_2f91af09,MR,hybrid_rrf,5,128,clear_incomplete_ending,"e and Trello to organize your writing files and track your progress.

However, the memory context does not contain any information about the number of pieces you completed before writing ""The Smell of Old Books","Since the memory context does not contain enough information about the number of pieces you completed before the session on 2023/05/30, I will only consider the information provided in the session.

In the session on 2023/05/30, you mentioned that you wrote a piece titled ""The Smell of Old Books"" for the writing challenge prompt ""forgotten memories"". You also mentioned that you were going to start using Evernote and Trello to organize your writing files and track your progress.

However, the memory context does not contain any information about the number of pieces you completed before writing ""The Smell of Old Books",Visible text ending only; not an answer-correctness judgement or verified finish reason.
113,gpt4_2f91af09,MR,recency,10,128,clear_incomplete_ending,"t piece in response. However, the memories do not contain enough information about the number of pieces you completed for the challenge before the prompt ""forgotten memories"".

Since the memories do not contain","Since the memories do not contain enough information about the number of pieces you completed before the writing challenge, I will only consider the pieces you completed since the challenge started.

You mentioned that you completed a piece titled ""The Smell of Old Books"" for the writing challenge prompt ""forgotten memories"". 

You also mentioned that you started participating in a writing challenge on a social media platform, where you're given a prompt every week and have to write a short piece in response. However, the memories do not contain enough information about the number of pieces you completed for the challenge before the prompt ""forgotten memories"".

Since the memories do not contain",Visible text ending only; not an answer-correctness judgement or verified finish reason.
114,gpt4_2f91af09,MR,semantic,10,128,clear_incomplete_ending,"eks ago, you've completed:

17 poems (in the past two weeks)
5 short stories (as mentioned earlier)
1 piece for the writing challenge (""The Smell of Old Books"")

So, the total number of pieces of writing you've","You completed 17 poems in the past two weeks (as mentioned in the initial conversation on 2023/05/21). You also mentioned that you've written five short stories so far. Additionally, you've been participating in a writing challenge, and you wrote a piece titled ""The Smell of Old Books"" for the prompt ""forgotten memories"". 

Since you started writing again three weeks ago, you've completed:

17 poems (in the past two weeks)
5 short stories (as mentioned earlier)
1 piece for the writing challenge (""The Smell of Old Books"")

So, the total number of pieces of writing you've",Visible text ending only; not an answer-correctness judgement or verified finish reason.
115,gpt4_2f91af09,MR,hybrid_raw,10,128,clear_incomplete_ending,"t piece in response. However, the memories do not contain enough information about the number of pieces you completed for the challenge before the prompt ""forgotten memories"".

Since the memories do not contain","Since the memories do not contain enough information about the number of pieces you completed before the writing challenge, I will only consider the pieces you completed since the challenge started.

You mentioned that you completed a piece titled ""The Smell of Old Books"" for the writing challenge prompt ""forgotten memories"". 

You also mentioned that you started participating in a writing challenge on a social media platform, where you're given a prompt every week and have to write a short piece in response. However, the memories do not contain enough information about the number of pieces you completed for the challenge before the prompt ""forgotten memories"".

Since the memories do not contain",Visible text ending only; not an answer-correctness judgement or verified finish reason.
116,gpt4_2f91af09,MR,hybrid_minmax,10,128,clear_incomplete_ending,"llenge.

Since you started writing again three weeks ago, and you've been participating in the writing challenge, it's likely that you've completed at least one piece per week for the challenge. However, we don","To determine the total number of pieces of writing you've completed, we need to consider the following:

1. You mentioned that you've written five short stories so far.
2. You've also been participating in a writing challenge, where you're given a prompt every week and have to write a short piece in response.
3. You mentioned that you've completed a piece titled ""The Smell of Old Books"" for the writing challenge.

Since you started writing again three weeks ago, and you've been participating in the writing challenge, it's likely that you've completed at least one piece per week for the challenge. However, we don",Visible text ending only; not an answer-correctness judgement or verified finish reason.
117,gpt4_2f91af09,MR,hybrid_rrf,10,128,uncertain_boundary,"ing again three weeks ago, you've had three weeks to work on your writing challenge submissions. Assuming you've been participating in the challenge every week, that means you've completed at least three pieces","To determine the total number of pieces of writing you've completed since you started writing again three weeks ago, we need to look at the writing challenge submissions and the short stories and poetry collections.

You mentioned that you've been participating in a writing challenge on a social media platform, where you're given a prompt every week and have to write a short piece in response. You also mentioned that you've been writing short stories and poetry.

Since you started writing again three weeks ago, you've had three weeks to work on your writing challenge submissions. Assuming you've been participating in the challenge every week, that means you've completed at least three pieces",Visible text ending only; not an answer-correctness judgement or verified finish reason.
118,gpt4_372c3eed,MR,hybrid_minmax,5,128,coherent_boundary,"u are now in 2021, it is possible that you completed your Bachelor's degree in the past 4 years.

However, without more information about your educational background, it is difficult to provide an exact answer.","Based on the memories provided, it is insufficient to determine the exact number of years you spent in formal education from high school to the completion of your Bachelor's degree. However, we can make an educated estimate.

Since you are considering pursuing a Master's degree in Computer Science, it is likely that you have already completed your Bachelor's degree. Assuming a typical undergraduate program takes 4 years to complete, and considering that you are now in 2021, it is possible that you completed your Bachelor's degree in the past 4 years.

However, without more information about your educational background, it is difficult to provide an exact answer.",Visible text ending only; not an answer-correctness judgement or verified finish reason.
119,55241a1f,MR,hybrid_minmax,10,128,clear_incomplete_ending,"etailed information about your content, including the number of comments.
3. If you have a social media management tool or a third-party analytics platform connected to your social media accounts, you can check","To answer your question, I need to access the information about your recent Facebook Live session and your most popular YouTube video. However, I don't have that information available to me.

But I can suggest some possible ways to find the total number of comments:

1. Check your Facebook page or YouTube channel directly to see the number of comments on your recent Facebook Live session and your most popular YouTube video.
2. Use Facebook Insights or YouTube Analytics to get detailed information about your content, including the number of comments.
3. If you have a social media management tool or a third-party analytics platform connected to your social media accounts, you can check",Visible text ending only; not an answer-correctness judgement or verified finish reason.
120,gpt4_7fce9456,MR,semantic,5,128,clear_incomplete_ending," exact number of properties you viewed, I can only infer that you viewed at least one property in Cedar Creek on February 1st, and then you saw the townhouse in Brookside on February 22nd. However, I don't have","You mentioned that you saw the 3-bedroom townhouse in the Brookside neighborhood on February 22nd, and you put in an offer on February 25th. However, you also mentioned that you had been house hunting for a while and had seen some properties that just didn't fit your budget, like the one in Cedar Creek on February 1st.

Since you didn't specify the exact number of properties you viewed, I can only infer that you viewed at least one property in Cedar Creek on February 1st, and then you saw the townhouse in Brookside on February 22nd. However, I don't have",Visible text ending only; not an answer-correctness judgement or verified finish reason.
121,c18a7dc8,MR,hybrid_minmax,10,128,clear_incomplete_ending,"aduated from college in 2022 or earlier, then you are one year older than when you graduated from college.

If you graduated from college in 2021 or earlier, then you are two years older than when you graduated","To determine how many years older you are than when you graduated from college, I would need to know the year you graduated from college and the current year.

Since the memory context only provides the year 2023, I will assume that you graduated from college in 2023 or earlier.

If you graduated from college in 2023, then you are the same age as when you graduated from college.

If you graduated from college in 2022 or earlier, then you are one year older than when you graduated from college.

If you graduated from college in 2021 or earlier, then you are two years older than when you graduated",Visible text ending only; not an answer-correctness judgement or verified finish reason.
122,2b8f3739,MR,semantic,10,128,clear_incomplete_ending,"ed herb plants for $7.5 each, earning a total of $150.
3. At the farmers' market on May 15th, you sold 12 bunches of fresh organic herbs for $10 each, earning a total of $120.

Adding these amounts together, we","To calculate the total amount of money you earned from selling your products at the markets, we need to add up the amounts you mentioned:

1. At the Homemade and Handmade Market on May 29th, you sold 15 jars of your homemade jam and earned $225.
2. At the Summer Solstice Market, you sold 20 potted herb plants for $7.5 each, earning a total of $150.
3. At the farmers' market on May 15th, you sold 12 bunches of fresh organic herbs for $10 each, earning a total of $120.

Adding these amounts together, we",Visible text ending only; not an answer-correctness judgement or verified finish reason.
123,6d550036,MR,semantic,5,128,clear_incomplete_ending," have a good understanding of their strengths and weaknesses. This suggests that you are currently leading a project.

Additionally, in the memory dated 2023/05/27 (Sat) 02:54, you mentioned that you previously","Based on the memories provided, it appears that you have led at least one project, which is the Ethereum Mexico project, and are currently leading another project that you mentioned earlier. However, the exact number of projects you have led or are currently leading is not specified.

In the memory dated 2023/05/28 (Sun) 03:42, you mentioned that you have been leading the team and have a good understanding of their strengths and weaknesses. This suggests that you are currently leading a project.

Additionally, in the memory dated 2023/05/27 (Sat) 02:54, you mentioned that you previously",Visible text ending only; not an answer-correctness judgement or verified finish reason.
124,6c49646a,MR,semantic,5,128,clear_incomplete_ending,"one trip): The drive is approximately 300 miles on the first day.
4. From California to Florida: The drive is approximately 2,796 miles (via Route 66), 2,460 miles (via I-10 East), or 2,550 miles (via I-40 East","To find the total distance covered in your four road trips, we need to add up the distances mentioned in the conversations.

1. From Denver to Aspen: The drive is approximately 160 miles.
2. From Denver to Mount Rushmore: The drive is approximately 570 miles.
3. From Denver to Jackson, Wyoming (for the Yellowstone trip): The drive is approximately 300 miles on the first day.
4. From California to Florida: The drive is approximately 2,796 miles (via Route 66), 2,460 miles (via I-10 East), or 2,550 miles (via I-40 East",Visible text ending only; not an answer-correctness judgement or verified finish reason.
125,6c49646a,MR,hybrid_minmax,5,128,clear_incomplete_ending,"tly mentioned, but we can estimate the distances for the routes mentioned:
   - Route 66: approximately 2,796 miles
   - I-10 East: approximately 2,460 miles
   - I-40 East: approximately 2,550 miles

Since the","To calculate the total distance covered in the four road trips, we need to add up the distances mentioned in the conversations.

1. Denver to Aspen: 160 miles
2. Denver to Mount Rushmore: 570 miles
3. Yellowstone trip (first day): 300 miles
4. California to Florida: The distances for this trip are not explicitly mentioned, but we can estimate the distances for the routes mentioned:
   - Route 66: approximately 2,796 miles
   - I-10 East: approximately 2,460 miles
   - I-40 East: approximately 2,550 miles

Since the",Visible text ending only; not an answer-correctness judgement or verified finish reason.
126,6c49646a,MR,hybrid_rrf,5,128,clear_incomplete_ending,"ied, but we can consider the approximate distance of the routes mentioned:
   - Route 66: 2,796 miles
   - I-10 East: 2,460 miles
   - I-40 East: 2,550 miles
   Let's assume you took the most direct route, I-10","To find the total distance covered in your four road trips, we need to add up the distances covered in each trip.

1. Yellowstone trip: 1,200 miles
2. Drive from Denver to Mount Rushmore: 570 miles
3. Drive from California to Florida: The exact distance is not specified, but we can consider the approximate distance of the routes mentioned:
   - Route 66: 2,796 miles
   - I-10 East: 2,460 miles
   - I-40 East: 2,550 miles
   Let's assume you took the most direct route, I-10",Visible text ending only; not an answer-correctness judgement or verified finish reason.
127,6c49646a,MR,semantic,10,128,uncertain_boundary,"*OG Title 3:** California to Florida Road Trip
**OG Description 3:** Plan your epic road trip from California to Florida, covering 2,500 miles of diverse landscapes, iconic cities, and unforgettable experiences","**OG Title 1:** 4-Day Yellowstone Adventure
**OG Description 1:** Explore the breathtaking landscapes of Yellowstone National Park with 1,200 miles of scenic drives and unforgettable experiences.

**OG Title 2:** Road Tripping from Denver to Mount Rushmore
**OG Description 2:** Discover the best route from Denver to Mount Rushmore, covering 570 miles of stunning mountain vistas and charming towns.

**OG Title 3:** California to Florida Road Trip
**OG Description 3:** Plan your epic road trip from California to Florida, covering 2,500 miles of diverse landscapes, iconic cities, and unforgettable experiences",Visible text ending only; not an answer-correctness judgement or verified finish reason.
128,6c49646a,MR,hybrid_rrf,10,128,clear_incomplete_ending,"trip to Mount Rushmore, we can use the information provided in the conversation to estimate the total distance for this trip. The suggested route from Denver to Mount Rushmore is approximately 570 miles.

Since","To find the total distance you covered in your four road trips, we need to add up the distances from each trip.

From the conversation, we know that you covered 1,200 miles in your trip to Yellowstone National Park. We also know that you drove around 300 miles on the first day to reach Jackson, Wyoming, but we don't know the total distance for this trip.

However, since you mentioned that you're planning a trip to Mount Rushmore, we can use the information provided in the conversation to estimate the total distance for this trip. The suggested route from Denver to Mount Rushmore is approximately 570 miles.

Since",Visible text ending only; not an answer-correctness judgement or verified finish reason.
129,gpt4_e05b82a6,MR,semantic,5,128,clear_incomplete_ending,"o information about you riding any other rollercoasters during the events you attended from July to October.

Therefore, the total number of times you rode rollercoasters across all the events you attended from","To determine the total number of times you rode rollercoasters, we need to analyze the information provided in the memory context.

From the memory context, we know that you rode the Revenge of the Mummy rollercoaster three times in a row at Universal Studios Hollywood on October 15th. 

Additionally, you mentioned that you rode Space Mountain: Ghost Galaxy three times at Disneyland on September 24th during Mickey's Halloween Party.

There is no information about you riding any other rollercoasters during the events you attended from July to October.

Therefore, the total number of times you rode rollercoasters across all the events you attended from",Visible text ending only; not an answer-correctness judgement or verified finish reason.
130,gpt4_e05b82a6,MR,semantic,10,128,clear_incomplete_ending,"untain: Ghost Galaxy three times at Disneyland on September 24th during Mickey's Halloween Party.

Adding these instances together, you rode rollercoasters a total of 1 (Xcelerator) + 3 (Revenge of the Mummy) +","To determine the total number of times you rode rollercoasters, let's break down the information provided:

1. You rode the Xcelerator rollercoaster at Knott's Berry Farm on October 8th.
2. You rode the Revenge of the Mummy rollercoaster three times in a row at Universal Studios Hollywood on October 15th.
3. You rode Space Mountain: Ghost Galaxy three times at Disneyland on September 24th during Mickey's Halloween Party.

Adding these instances together, you rode rollercoasters a total of 1 (Xcelerator) + 3 (Revenge of the Mummy) +",Visible text ending only; not an answer-correctness judgement or verified finish reason.
131,gpt4_731e37d7,MR,semantic,5,128,clear_incomplete_ending," workshops in the last three months are not specified, we can assume that the most recent workshop (digital marketing workshop) was attended in February or March.

However, we can't determine the exact dates of","To calculate the total money spent on attending workshops in the last four months, we need to consider the following information:

- You attended a two-day writing workshop in November, which cost $200.
- You attended five workshops in the last three months (January, February, and March).
- You attended a digital marketing workshop in the last month (February or March, but the exact date is not specified).

Since the exact dates of the five workshops in the last three months are not specified, we can assume that the most recent workshop (digital marketing workshop) was attended in February or March.

However, we can't determine the exact dates of",Visible text ending only; not an answer-correctness judgement or verified finish reason.
132,gpt4_731e37d7,MR,hybrid_minmax,10,128,uncertain_boundary,"rkshop. You mentioned that the two-day writing workshop you attended in November cost $200, but the cost of the other four workshops is not specified.

Since the cost of the other four workshops is not provided","To calculate the total amount spent on attending workshops in the last four months, we need to consider the information provided in the conversation.

You mentioned attending five workshops in the last three months, with the most recent one being a digital marketing workshop. You also mentioned attending at least one workshop a month, which implies that you attended a total of five workshops in the last four months.

However, the conversation does not provide the exact cost of each workshop. You mentioned that the two-day writing workshop you attended in November cost $200, but the cost of the other four workshops is not specified.

Since the cost of the other four workshops is not provided",Visible text ending only; not an answer-correctness judgement or verified finish reason.
133,8cf4d046,MR,hybrid_raw,5,128,clear_incomplete_ending,"ou understand the technical aspects of data science and machine learning.

However, since the information about your graduate GPA is not explicitly mentioned, I will assume that the GPA of your graduate studies","To calculate the average GPA, we need to know the GPAs of both your undergraduate and graduate studies.

From the information provided earlier, we know that:

* Your undergraduate GPA is 3.86 out of 4.0.
* Your graduate GPA is not explicitly mentioned, but we can infer that it is 3.86 out of 4.0 as well, since you mentioned that your strong foundation in computer science from your undergraduate studies has helped you understand the technical aspects of data science and machine learning.

However, since the information about your graduate GPA is not explicitly mentioned, I will assume that the GPA of your graduate studies",Visible text ending only; not an answer-correctness judgement or verified finish reason.
134,8cf4d046,MR,hybrid_minmax,5,128,clear_incomplete_ending,"ou understand the technical aspects of data science and machine learning.

However, since the information about your graduate GPA is not explicitly mentioned, I will assume that the GPA of your graduate studies","To calculate the average GPA, we need to know the GPAs of both your undergraduate and graduate studies.

From the information provided earlier, we know that:

* Your undergraduate GPA is 3.86 out of 4.0.
* Your graduate GPA is not explicitly mentioned, but we can infer that it is 3.86 out of 4.0 as well, since you mentioned that your strong foundation in computer science from your undergraduate studies has helped you understand the technical aspects of data science and machine learning.

However, since the information about your graduate GPA is not explicitly mentioned, I will assume that the GPA of your graduate studies",Visible text ending only; not an answer-correctness judgement or verified finish reason.
135,8cf4d046,MR,hybrid_rrf,5,128,clear_incomplete_ending,"ou understand the technical aspects of data science and machine learning.

However, since the information about your graduate GPA is not explicitly mentioned, I will assume that the GPA of your graduate studies","To calculate the average GPA, we need to know the GPAs of both your undergraduate and graduate studies.

From the information provided earlier, we know that:

* Your undergraduate GPA is 3.86 out of 4.0.
* Your graduate GPA is not explicitly mentioned, but we can infer that it is 3.86 out of 4.0 as well, since you mentioned that your strong foundation in computer science from your undergraduate studies has helped you understand the technical aspects of data science and machine learning.

However, since the information about your graduate GPA is not explicitly mentioned, I will assume that the GPA of your graduate studies",Visible text ending only; not an answer-correctness judgement or verified finish reason.
136,8cf4d046,MR,hybrid_minmax,10,128,clear_incomplete_ending,"Science from the University of Illinois at Urbana-Champaign.

However, since the exact GPA of your graduate studies is not provided, we cannot calculate the average GPA accurately.

If you could provide the GPA","To calculate the average GPA, we need to know the GPAs of both your undergraduate and graduate studies.

From the information provided earlier, we know that:

* Your undergraduate GPA is 3.86/4.0 (First-Class distinction in Computer Science from the University of Mumbai).
* Your graduate GPA is not explicitly mentioned, but we can infer that it is likely to be high, given that you completed a Master's degree in Data Science from the University of Illinois at Urbana-Champaign.

However, since the exact GPA of your graduate studies is not provided, we cannot calculate the average GPA accurately.

If you could provide the GPA",Visible text ending only; not an answer-correctness judgement or verified finish reason.
137,8cf4d046,MR,hybrid_rrf,10,128,clear_incomplete_ending,"Science from the University of Illinois at Urbana-Champaign.

However, since the exact GPA of your graduate studies is not provided, we cannot calculate the average GPA accurately.

If you could provide the GPA","To calculate the average GPA, we need to know the GPAs of both your undergraduate and graduate studies.

From the information provided earlier, we know that:

* Your undergraduate GPA is 3.86/4.0 (First-Class distinction in Computer Science from the University of Mumbai).
* Your graduate GPA is not explicitly mentioned, but we can infer that it is likely to be high, given that you completed a Master's degree in Data Science from the University of Illinois at Urbana-Champaign.

However, since the exact GPA of your graduate studies is not provided, we cannot calculate the average GPA accurately.

If you could provide the GPA",Visible text ending only; not an answer-correctness judgement or verified finish reason.
138,0ddfec37,KU,hybrid_minmax,5,128,clear_incomplete_ending,"the exact start date of your collection. However, based on the information provided, we can make an educated estimate.

Assuming that the ""past few months"" is approximately 3 months, and considering that you've","You mentioned that you've added 20 autographed baseballs to your collection in the past few months. Since the exact date of starting your collection is not specified, I'll assume that the ""past few months"" refers to the period from the start of your collection to the session date of 2023/12/30 (Sat) 02:28.

To determine the exact number of months, we need to know the exact start date of your collection. However, based on the information provided, we can make an educated estimate.

Assuming that the ""past few months"" is approximately 3 months, and considering that you've",Visible text ending only; not an answer-correctness judgement or verified finish reason.
139,0ddfec37,KU,semantic,10,128,uncertain_boundary,"he initial number of autographed baseballs (15) from the total number of autographed baseballs you had after three months (15 + 20 = 35).

35 - 15 = 20

So, you added 20 autographed baseballs to your collection","You mentioned earlier that you started collecting autographed baseballs three months ago and had 15 autographed baseballs in your collection at that time. You also mentioned that you had added 20 autographed baseballs to your collection in the past few months. 

To find the number of autographed baseballs you added in the first three months, we need to subtract the initial number of autographed baseballs (15) from the total number of autographed baseballs you had after three months (15 + 20 = 35).

35 - 15 = 20

So, you added 20 autographed baseballs to your collection",Visible text ending only; not an answer-correctness judgement or verified finish reason.
140,0ddfec37,KU,hybrid_minmax,10,128,clear_incomplete_ending,"nswer, I would need more information about the time frame you're referring to. If you could provide the exact dates when you started collecting autographed baseballs and when you added the 20 baseballs, I could","According to the conversation, you mentioned that you've added 20 autographed baseballs to your collection in the past few months. However, the exact time frame is not specified. Since the conversation started on December 30, 2023, and you mentioned ""the past few months"", it's difficult to determine the exact number of autographed baseballs added in the first three months of collection.

To provide a more accurate answer, I would need more information about the time frame you're referring to. If you could provide the exact dates when you started collecting autographed baseballs and when you added the 20 baseballs, I could",Visible text ending only; not an answer-correctness judgement or verified finish reason.
141,0ddfec37,KU,hybrid_rrf,10,128,clear_incomplete_ending,"ume that the collection started around September or October 2023 (since the conversation on December 30, 2023, mentions your friend Rachel's book launch event on October 22nd).

If we assume that the collection","According to the conversation, you added 20 autographed baseballs to your collection in the past few months. Since the exact time frame is not specified, I will assume that the ""past few months"" refers to the period from the start of your collection to the conversation on December 30, 2023.

To estimate the number of autographed baseballs added in the first three months of collection, let's assume that the collection started around September or October 2023 (since the conversation on December 30, 2023, mentions your friend Rachel's book launch event on October 22nd).

If we assume that the collection",Visible text ending only; not an answer-correctness judgement or verified finish reason.
142,bcbe585f,TR,semantic,5,128,clear_incomplete_ending," you attended the workshop, we need to calculate the difference between the two dates.

From 2023/04/01 to 2023/04/01 is 0 days.
From 2023/04/01 to 2023/05/01 is 30 days.

There are 7 days in a week. 
30 days /","You attended the bird watching workshop at the local Audubon society on 2023/04/01 (Sat) 19:22. 

The current date is 2023/05/01 (Mon) 23:16. 

To find out how many weeks ago you attended the workshop, we need to calculate the difference between the two dates.

From 2023/04/01 to 2023/04/01 is 0 days.
From 2023/04/01 to 2023/05/01 is 30 days.

There are 7 days in a week. 
30 days /",Visible text ending only; not an answer-correctness judgement or verified finish reason.
143,bcbe585f,TR,hybrid_minmax,5,128,clear_incomplete_ending,"rent date (2023/05/01). 

Since the current date is 2023/05/01 and the session date was 2023/04/01, we can calculate the number of weeks as follows:

2023/05/01 - 2023/04/01 = 30 days

There are approximately 7","You attended the bird watching workshop at the local Audubon society on the same day as the session, which was on 2023/04/01 (Sat). 

To find out how many weeks ago you attended the workshop, we need to subtract the date of the session from the current date (2023/05/01). 

Since the current date is 2023/05/01 and the session date was 2023/04/01, we can calculate the number of weeks as follows:

2023/05/01 - 2023/04/01 = 30 days

There are approximately 7",Visible text ending only; not an answer-correctness judgement or verified finish reason.
144,bcbe585f,TR,hybrid_rrf,5,128,clear_incomplete_ending,"rent date (2023/05/01). 

Since the current date is 2023/05/01 and the session date was 2023/04/01, we can calculate the number of weeks as follows:

2023/05/01 - 2023/04/01 = 30 days

There are approximately 7","You attended the bird watching workshop at the local Audubon society on the same day as the session, which was on 2023/04/01 (Sat). 

To find out how many weeks ago you attended the workshop, we need to subtract the date of the session from the current date (2023/05/01). 

Since the current date is 2023/05/01 and the session date was 2023/04/01, we can calculate the number of weeks as follows:

2023/05/01 - 2023/04/01 = 30 days

There are approximately 7",Visible text ending only; not an answer-correctness judgement or verified finish reason.
145,gpt4_4fc4f797,TR,semantic,5,128,clear_incomplete_ending,"oint.

The date you tested your new suspension setup is not specified either, but we can use the date of the second session (2023/04/23) as a reference point.

Assuming the first session (2023/03/17) is the day","To find the number of days passed between the day you received feedback about your car's suspension and the day you tested your new suspension setup, we need to calculate the difference between the two dates.

The date you received feedback about your car's suspension is not specified, but we can use the date of the first session (2023/03/17) as a reference point.

The date you tested your new suspension setup is not specified either, but we can use the date of the second session (2023/04/23) as a reference point.

Assuming the first session (2023/03/17) is the day",Visible text ending only; not an answer-correctness judgement or verified finish reason.
146,gpt4_4fc4f797,TR,hybrid_raw,5,128,uncertain_boundary,"tion. The conversation only mentions that you were planning to participate in the ""Track Day Frenzy"" event at VIR on May 15th, but it does not provide information about when you tested your new suspension setup","To determine the number of days passed between the day you received feedback about your car's suspension and the day you tested your new suspension setup, we need to look at the dates mentioned in the conversation.

The day you received feedback about your car's suspension was on 2023/04/23 (Sun) 02:44.

However, there is no mention of the day you tested your new suspension setup in the conversation. The conversation only mentions that you were planning to participate in the ""Track Day Frenzy"" event at VIR on May 15th, but it does not provide information about when you tested your new suspension setup",Visible text ending only; not an answer-correctness judgement or verified finish reason.
147,gpt4_4fc4f797,TR,hybrid_minmax,5,128,clear_incomplete_ending," setup on 2023/04/23 (Sunday).

To find the number of days passed, we can subtract the date you received feedback from the date you tested your new suspension setup:

2023/04/23 (Sunday) - 2023/03/17 (Friday) =","To find the number of days passed between the day you received feedback about your car's suspension and the day you tested your new suspension setup, we need to know the exact dates.

From the memory context, we know that you received feedback about your car's suspension on 2023/03/17 (Friday) and tested your new suspension setup on 2023/04/23 (Sunday).

To find the number of days passed, we can subtract the date you received feedback from the date you tested your new suspension setup:

2023/04/23 (Sunday) - 2023/03/17 (Friday) =",Visible text ending only; not an answer-correctness judgement or verified finish reason.
148,gpt4_4fc4f797,TR,semantic,10,128,clear_incomplete_ending,"new suspension setup on 2023/04/23 (Sunday).

Let's calculate the number of days passed:

2023/04/23 (Sunday) - 2023/03/17 (Friday) = 38 days

So, 38 days passed between the day you received feedback about your","To find the number of days passed between the day you received feedback about your car's suspension and the day you tested your new suspension setup, we need to know the exact dates.

From the memory context, we know that you received feedback about your car's suspension on 2023/03/17 (Friday) and tested your new suspension setup on 2023/04/23 (Sunday).

Let's calculate the number of days passed:

2023/04/23 (Sunday) - 2023/03/17 (Friday) = 38 days

So, 38 days passed between the day you received feedback about your",Visible text ending only; not an answer-correctness judgement or verified finish reason.
149,gpt4_4fc4f797,TR,hybrid_raw,10,128,clear_incomplete_ending,"tested your new suspension setup.

Since the question is asked on June 1, 2023, we can assume that you tested your new suspension setup sometime between April 23, 2023, and June 1, 2023.

Without the exact date","To find the number of days passed between the day you received feedback about your car's suspension and the day you tested your new suspension setup, we need to know the exact dates of both events.

From the memory context, we know that you received feedback about your car's suspension on April 23, 2023. However, we don't know the exact date when you tested your new suspension setup.

Since the question is asked on June 1, 2023, we can assume that you tested your new suspension setup sometime between April 23, 2023, and June 1, 2023.

Without the exact date",Visible text ending only; not an answer-correctness judgement or verified finish reason.
150,gpt4_4fc4f797,TR,hybrid_minmax,10,128,clear_incomplete_ending," (Session date: 2023/03/17 (Fri) 15:43).

The day you tested your new suspension setup is April 23, 2023 (Session date: 2023/04/23 (Sun) 02:44).

The difference between the two dates is:

April 23, 2023 - March","To find the number of days passed between the day you received feedback about your car's suspension and the day you tested your new suspension setup, we need to calculate the difference between the two dates.

The day you received feedback about your car's suspension is March 17, 2023 (Session date: 2023/03/17 (Fri) 15:43).

The day you tested your new suspension setup is April 23, 2023 (Session date: 2023/04/23 (Sun) 02:44).

The difference between the two dates is:

April 23, 2023 - March",Visible text ending only; not an answer-correctness judgement or verified finish reason.
151,gpt4_4fc4f797,TR,hybrid_rrf,10,128,coherent_boundary,"'re preparing for an open track day at VIR on April 24, 2023.

However, we do know that you received feedback about your car's suspension on April 23, 2023, since that is the date mentioned in the conversation.","To find the number of days passed between the day you received feedback about your car's suspension and the day you tested your new suspension setup, we need to look at the dates mentioned in the conversation.

The day you received feedback about your car's suspension is not explicitly mentioned, but we can infer that it is sometime before April 23, 2023, since you mentioned that you're preparing for an open track day at VIR on April 24, 2023.

However, we do know that you received feedback about your car's suspension on April 23, 2023, since that is the date mentioned in the conversation.",Visible text ending only; not an answer-correctness judgement or verified finish reason.
152,6e984301,TR,semantic,5,128,clear_incomplete_ending,"23/03/04, there are approximately 21 days.

There are 7 days in a week, so 21 days is approximately 3 weeks.

Therefore, you had been taking sculpting classes for approximately 3 weeks when you invested in your","You started taking sculpting classes on 2023/02/11 (Sat) 18:51. You invested in your own set of sculpting tools on 2023/03/04 (Sat) 09:10.

To find the number of weeks, we need to calculate the difference between these two dates.

From 2023/02/11 to 2023/03/04, there are approximately 21 days.

There are 7 days in a week, so 21 days is approximately 3 weeks.

Therefore, you had been taking sculpting classes for approximately 3 weeks when you invested in your",Visible text ending only; not an answer-correctness judgement or verified finish reason.
153,6e984301,TR,hybrid_minmax,5,128,clear_incomplete_ending,"23/03/04, there are approximately 21 days.

There are 7 days in a week, so 21 days is approximately 3 weeks.

Therefore, you had been taking sculpting classes for approximately 3 weeks when you invested in your","You started taking sculpting classes on 2023/02/11 (Sat) 18:51. You invested in your own set of sculpting tools on 2023/03/04 (Sat) 09:10.

To find the number of weeks, we need to calculate the difference between these two dates.

From 2023/02/11 to 2023/03/04, there are approximately 21 days.

There are 7 days in a week, so 21 days is approximately 3 weeks.

Therefore, you had been taking sculpting classes for approximately 3 weeks when you invested in your",Visible text ending only; not an answer-correctness judgement or verified finish reason.
154,gpt4_74aed68e,TR,semantic,10,128,clear_incomplete_ending,"rged Tuesdays auto racking event on 2023/03/15 (Wednesday).

To find the number of days passed, we can subtract the earlier date from the later date:

2023/03/15 (Wednesday) - 2023/02/14 (Tuesday) = 31 days

So","To find the number of days passed between the day you replaced your spark plugs and the day you participated in the Turbocharged Tuesdays auto racking event, we need to look at the dates mentioned in the conversation.

You replaced your spark plugs on 2023/02/14 (Tuesday), and you participated in the Turbocharged Tuesdays auto racking event on 2023/03/15 (Wednesday).

To find the number of days passed, we can subtract the earlier date from the later date:

2023/03/15 (Wednesday) - 2023/02/14 (Tuesday) = 31 days

So",Visible text ending only; not an answer-correctness judgement or verified finish reason.
155,gpt4_74aed68e,TR,hybrid_rrf,10,128,clear_incomplete_ending,"ver, we don't have the exact dates of these events. The conversation only mentions that the events occurred before the session date, which is 2023/03/15.

Since we don't have the exact dates, we can't calculate","To find the number of days passed between the day you replaced your spark plugs and the day you participated in the Turbocharged Tuesdays auto racking event, we need to know the exact dates of these events.

From the conversation, we know that:

1. You replaced your spark plugs and noticed a smoother engine performance.
2. You participated in the Turbocharged Tuesdays auto racking event.

However, we don't have the exact dates of these events. The conversation only mentions that the events occurred before the session date, which is 2023/03/15.

Since we don't have the exact dates, we can't calculate",Visible text ending only; not an answer-correctness judgement or verified finish reason.
156,dcfa8644,TR,hybrid_minmax,10,128,clear_incomplete_ending,"ays, so from January 1st to January 24th, there are 24 days.

February 1st is the 1st day of February.

So, the total number of days that had passed is 24 (from January 1st to January 24th) + 1 (February 1st) =","You bought your Adidas running shoes on February 1st, and one of the shoelaces on your old Converse sneakers had broken on January 24th. 

To find the number of days that had passed, we need to calculate the difference between the two dates.

January has 31 days, so from January 1st to January 24th, there are 24 days.

February 1st is the 1st day of February.

So, the total number of days that had passed is 24 (from January 1st to January 24th) + 1 (February 1st) =",Visible text ending only; not an answer-correctness judgement or verified finish reason.
157,08f4fc43,TR,semantic,5,128,uncertain_boundary,"ince the conversation took place on February 20, 2023, we can calculate the number of days between February 1st and February 20th.

February has 28 days in 2023. From February 1st to February 20th, there are 19","To find the number of days between the Sunday mass at St. Mary's Church and the Ash Wednesday service at the cathedral, we need to know the date of the Sunday mass. However, the date of the Sunday mass is not mentioned in the conversation.

We do know that the Ash Wednesday service was on February 1st, 2023. 

Since the conversation took place on February 20, 2023, we can calculate the number of days between February 1st and February 20th.

February has 28 days in 2023. From February 1st to February 20th, there are 19",Visible text ending only; not an answer-correctness judgement or verified finish reason.
158,08f4fc43,TR,hybrid_raw,10,128,clear_incomplete_ending,"Church occurred on a typical Sunday before Ash Wednesday, and the Ash Wednesday service at the cathedral occurred on the first day of Lent, we can estimate the number of days between the two events.

Typically,","Insufficient information is provided to determine the exact dates of the Sunday mass at St. Mary's Church and the Ash Wednesday service at the cathedral. However, based on the general knowledge that Ash Wednesday typically falls 46 days before Easter Sunday, and Easter Sunday is a moveable feast, the exact number of days between the two events can vary from year to year.

However, if we assume that the Sunday mass at St. Mary's Church occurred on a typical Sunday before Ash Wednesday, and the Ash Wednesday service at the cathedral occurred on the first day of Lent, we can estimate the number of days between the two events.

Typically,",Visible text ending only; not an answer-correctness judgement or verified finish reason.
159,08f4fc43,TR,hybrid_minmax,10,128,clear_incomplete_ending,"f the Christian season of Lent. In 2023, Ash Wednesday was on February 22nd.

Since the Sunday mass was on January 2nd and Ash Wednesday was on February 22nd, we can calculate the number of days between the two","To determine the number of days between the Sunday mass at St. Mary's Church and the Ash Wednesday service at the cathedral, we need to know the date of the Sunday mass and the date of the Ash Wednesday service.

The Sunday mass at St. Mary's Church was on January 2nd.

Ash Wednesday is the day after Shrove Tuesday, which is the day before the start of the Christian season of Lent. In 2023, Ash Wednesday was on February 22nd.

Since the Sunday mass was on January 2nd and Ash Wednesday was on February 22nd, we can calculate the number of days between the two",Visible text ending only; not an answer-correctness judgement or verified finish reason.
160,08f4fc43,TR,hybrid_rrf,10,128,uncertain_boundary,"n assume that the Ash Wednesday service took place on 2023/02/22.

The Sunday mass at St. Mary's Church took place on 2023/01/02.

To calculate the number of days between the two dates:

2023/02/22 - 2023/01/02","To determine the number of days between the Sunday mass at St. Mary's Church and the Ash Wednesday service at the cathedral, we need to know the date of the Ash Wednesday service.

Since the conversation took place on 2023/02/20, and Ash Wednesday typically falls on a Wednesday in February or March, we can assume that the Ash Wednesday service took place on 2023/02/22.

The Sunday mass at St. Mary's Church took place on 2023/01/02.

To calculate the number of days between the two dates:

2023/02/22 - 2023/01/02",Visible text ending only; not an answer-correctness judgement or verified finish reason.
161,gpt4_e072b769,TR,semantic,5,128,clear_incomplete_ending," that you started using Ibotta around the time of the conversation.

Since the conversation started on 2023/04/16 (Sun) 02:19, we can assume that you started using Ibotta around this date.

To find out how many","To find out how many weeks ago you started using the cashback app 'Ibotta', we need to determine the date when you started using it.

The conversation started on 2023/04/16 (Sun) 02:19. 

You mentioned that you've just downloaded Ibotta, a cashback app that gives you rebates on certain grocery items. This implies that you started using Ibotta around the time of the conversation.

Since the conversation started on 2023/04/16 (Sun) 02:19, we can assume that you started using Ibotta around this date.

To find out how many",Visible text ending only; not an answer-correctness judgement or verified finish reason.
162,gpt4_e072b769,TR,hybrid_minmax,5,128,clear_incomplete_ending,":19. 

If we assume that you started using the app on that date, we can calculate the number of weeks that have passed since then.

There are approximately 7 days in a week. 

From 2023/04/16 to 2023/05/06 (the","To determine how many weeks ago you started using the cashback app 'Ibotta', we need to know the date you started using it. Unfortunately, that information is not provided in the memory context.

However, we do know that the session date when you started using the app is 2023/04/16 (Sun) 02:19. 

If we assume that you started using the app on that date, we can calculate the number of weeks that have passed since then.

There are approximately 7 days in a week. 

From 2023/04/16 to 2023/05/06 (the",Visible text ending only; not an answer-correctness judgement or verified finish reason.
163,gpt4_e072b769,TR,semantic,10,128,uncertain_boundary,"wo dates is:

2023/05/06 - 2023/04/16 = 20 days

There are 7 days in a week, so:

20 days / 7 days per week = 2.86 weeks (approximately)

So, you started using the cashback app 'Ibotta' approximately 2.86 weeks","To determine how many weeks ago you started using the cashback app 'Ibotta', we need to calculate the difference between the current date (2023/05/06) and the date when you started using Ibotta (2023/04/16).

The difference between the two dates is:

2023/05/06 - 2023/04/16 = 20 days

There are 7 days in a week, so:

20 days / 7 days per week = 2.86 weeks (approximately)

So, you started using the cashback app 'Ibotta' approximately 2.86 weeks",Visible text ending only; not an answer-correctness judgement or verified finish reason.
164,gpt4_e072b769,TR,hybrid_minmax,10,128,uncertain_boundary,"

The difference between the two dates is approximately 20 days. 

There are 7 days in a week. 

20 days / 7 days per week = 2.86 weeks.

So, you started using the cashback app 'Ibotta' approximately 2.86 weeks","The conversation about Ibotta started on 2023/04/16 (Sun) 02:19. To determine how many weeks ago you started using the cashback app 'Ibotta', we need to calculate the difference between the current date (2023/05/06) and the start date (2023/04/16).

The difference between the two dates is approximately 20 days. 

There are 7 days in a week. 

20 days / 7 days per week = 2.86 weeks.

So, you started using the cashback app 'Ibotta' approximately 2.86 weeks",Visible text ending only; not an answer-correctness judgement or verified finish reason.
165,c8090214,TR,hybrid_minmax,5,128,clear_incomplete_ending," is typically celebrated in March or April. 

Since the memories were created on December 10, 2023, and the iPhone 13 Pro was released in 2021, it is likely that you bought the iPhone 13 Pro before the memories","To determine how many days before you bought the iPhone 13 Pro you attended the Holiday Market, we need to know the date you bought the iPhone 13 Pro and the date you attended the Holiday Market.

Unfortunately, the memories do not contain this information. However, we can infer that the iPhone 13 Pro was released in 2021, and the memories mention the Easter Market, which is typically celebrated in March or April. 

Since the memories were created on December 10, 2023, and the iPhone 13 Pro was released in 2021, it is likely that you bought the iPhone 13 Pro before the memories",Visible text ending only; not an answer-correctness judgement or verified finish reason.
166,c8090214,TR,semantic,10,128,clear_incomplete_ending,"one 13 Pro on 2023/12/10. To find out how many days before you bought the iPhone 13 Pro you attended the Holiday Market, we need to subtract the date you attended the Holiday Market from the date you bought the","You attended the Holiday Market a week before Black Friday. Since the question date is 2023/12/10, and Black Friday is the day after Thanksgiving, which is the fourth Thursday of November, we can assume that Black Friday is around November 25th.

If you attended the Holiday Market a week before Black Friday, that would be around November 18th.

You bought the iPhone 13 Pro on 2023/12/10. To find out how many days before you bought the iPhone 13 Pro you attended the Holiday Market, we need to subtract the date you attended the Holiday Market from the date you bought the",Visible text ending only; not an answer-correctness judgement or verified finish reason.
167,gpt4_8e165409,TR,hybrid_minmax,5,128,clear_incomplete_ending,"s. Johnson, a few cuttings from your spider plant on the day you had a conversation with me (2023/03/18). 

However, we can find the number of days passed between the day you had a conversation with me (2023/03","To find the number of days passed between the day you repotted the previous spider plant and the day you gave your neighbor, Mrs. Johnson, a few cuttings from your spider plant, we need to know the date you repotted the previous spider plant.

Unfortunately, the memory context does not provide this information. The memory context only mentions that you gave your neighbor, Mrs. Johnson, a few cuttings from your spider plant on the day you had a conversation with me (2023/03/18). 

However, we can find the number of days passed between the day you had a conversation with me (2023/03",Visible text ending only; not an answer-correctness judgement or verified finish reason.
168,gpt4_8e165409,TR,hybrid_rrf,5,128,clear_incomplete_ending,"wever, there is no mention of repotting the spider plant or giving the cuttings to Mrs. Johnson on this date.

We also know that the question date is 2023/03/26 (Sun) 15:53. Since the question date is after the","Unfortunately, the memories do not contain enough information to determine the exact dates when you repotted the spider plant and gave the cuttings to Mrs. Johnson. However, we can try to find the answer based on the available information.

From the memories, we know that the session date is 2023/03/18 (Sat) 19:25. However, there is no mention of repotting the spider plant or giving the cuttings to Mrs. Johnson on this date.

We also know that the question date is 2023/03/26 (Sun) 15:53. Since the question date is after the",Visible text ending only; not an answer-correctness judgement or verified finish reason.
169,gpt4_8e165409,TR,semantic,10,128,clear_incomplete_ending,"The day you gave your neighbor, Mrs. Johnson, a few cuttings from your spider plant is mentioned as ""today"" in the conversation on March 18, 2023.

So, the number of days passed between the two dates is:

March","To find the number of days passed between the day you repotted the previous spider plant and the day you gave your neighbor, Mrs. Johnson, a few cuttings from your spider plant, we need to look at the dates mentioned in the conversation.

The day you repotted the previous spider plant is mentioned as ""today"" in the conversation on March 4, 2023.

The day you gave your neighbor, Mrs. Johnson, a few cuttings from your spider plant is mentioned as ""today"" in the conversation on March 18, 2023.

So, the number of days passed between the two dates is:

March",Visible text ending only; not an answer-correctness judgement or verified finish reason.
170,9a707b81,TR,recency,10,128,uncertain_boundary,"d is 2022/04/10 (Sunday, 14:14).

Since the session date is before the current date, we can assume that the baking class was held on or before 2022/04/10.

However, we don't have enough information to determine","To determine the number of days ago you attended a baking class, we need to know the date of the class and the current date.

From the memory context, we know that the current date is 2022/04/15 (Friday, 18:46). We also know that the session date when you asked about making croissants and banana bread is 2022/04/10 (Sunday, 14:14).

Since the session date is before the current date, we can assume that the baking class was held on or before 2022/04/10.

However, we don't have enough information to determine",Visible text ending only; not an answer-correctness judgement or verified finish reason.
171,9a707b81,TR,hybrid_rrf,10,128,uncertain_boundary,"might have been a recent event.

Since the question was asked on 2022/04/10, and you mentioned that you baked the cake for your friend's birthday party today, it's likely that the baking class was held recently","To determine how many days ago you attended a baking class, we need to know the date you attended the class and the date you asked the question.

You mentioned that you baked a chocolate cake for your friend's birthday party today (2022/04/10). However, you also mentioned that you were thinking of making croissants and banana bread for your dinner party, which suggests that the baking class might have been a recent event.

Since the question was asked on 2022/04/10, and you mentioned that you baked the cake for your friend's birthday party today, it's likely that the baking class was held recently",Visible text ending only; not an answer-correctness judgement or verified finish reason.
172,gpt4_f420262c,TR,semantic,10,128,clear_incomplete_ending,"/01/15)
3. American Airlines (flight from LAX to JFK on 2023/01/15)
4. American Airlines (flight from New York to Los Angeles on February 10th, 2023)
5. JetBlue (flight from Boston to Fort Lauderdale on 2023/02","Based on the memories provided, the order of airlines you flew with from earliest to latest before today (2023/03/02) is:

1. United Airlines (flight from Boston to Chicago on 2023/01/28)
2. American Airlines (flight from New York to Los Angeles on 2023/01/15)
3. American Airlines (flight from LAX to JFK on 2023/01/15)
4. American Airlines (flight from New York to Los Angeles on February 10th, 2023)
5. JetBlue (flight from Boston to Fort Lauderdale on 2023/02",Visible text ending only; not an answer-correctness judgement or verified finish reason.
173,gpt4_f420262c,TR,hybrid_rrf,10,128,clear_incomplete_ending,"rican Airlines from New York to Los Angeles (Session date: 2023/02/10 (Fri) 17:40) and then from LAX to JFK (Session date: 2023/02/10 (Fri) 17:40).

Finally, you booked a flight with JetBlue from Boston to Fort","To answer your question, I'll need to look at the memories you provided.

From the memories, I can see that you flew with United Airlines from Boston to Chicago on a previous occasion (Session date: 2023/01/28 (Sat) 01:32). 

Later, you flew with American Airlines from New York to Los Angeles (Session date: 2023/02/10 (Fri) 17:40) and then from LAX to JFK (Session date: 2023/02/10 (Fri) 17:40).

Finally, you booked a flight with JetBlue from Boston to Fort",Visible text ending only; not an answer-correctness judgement or verified finish reason.
174,6613b389,TR,semantic,10,128,clear_incomplete_ending,"got engaged on the 15th, we can count the days from May 15th to July 22nd.

May 15th to May 31st is 16 days.
June is 30 days.
July 1st to July 21st is 21 days.

Adding these days together, we get 16 + 30 + 21 =","Rachel got engaged on May 15th, and your anniversary is on July 22nd. To find out how many months before your anniversary Rachel got engaged, we need to calculate the difference between the two dates.

May has 31 days, so if we assume Rachel got engaged on the 15th, we can count the days from May 15th to July 22nd.

May 15th to May 31st is 16 days.
June is 30 days.
July 1st to July 21st is 21 days.

Adding these days together, we get 16 + 30 + 21 =",Visible text ending only; not an answer-correctness judgement or verified finish reason.
175,8c18457d,TR,hybrid_minmax,5,128,clear_incomplete_ending,"riend is 3/29.

First, we need to find the difference in days between these two dates. 

3/29 - 3/8 = 21 days

So, there were 21 days between the day you bought a gift for your brother's graduation ceremony and","To find the number of days between the day you bought a gift for your brother's graduation ceremony and the day you bought a birthday gift for your best friend, we need to know the exact dates of both events.

The day you bought a gift for your brother's graduation ceremony is 3/8. The day you bought a birthday gift for your best friend is 3/29.

First, we need to find the difference in days between these two dates. 

3/29 - 3/8 = 21 days

So, there were 21 days between the day you bought a gift for your brother's graduation ceremony and",Visible text ending only; not an answer-correctness judgement or verified finish reason.
176,8c18457d,TR,hybrid_raw,10,128,coherent_boundary,"aduation ceremony, but the date is not specified.

Since the user mentioned getting a gift for their best friend's 30th birthday on the 15th of March, we can assume that the gift was purchased around that date.","To determine the number of days between the two events, we need to know the dates of both events.

Unfortunately, the memories provided do not contain the exact dates of the events. However, we can infer some information:

1. The user mentioned getting a gift for their best friend's 30th birthday on the 15th of March.
2. The user also mentioned getting a gift for their brother's graduation ceremony, but the date is not specified.

Since the user mentioned getting a gift for their best friend's 30th birthday on the 15th of March, we can assume that the gift was purchased around that date.",Visible text ending only; not an answer-correctness judgement or verified finish reason.
177,gpt4_1d4ab0c9,TR,semantic,5,128,clear_incomplete_ending,"h herbs is 2023/04/15 (Saturday).

First, let's find the difference in days between the two dates:

1. Calculate the difference in days between the two dates:
   2023/04/15 (Saturday) - 2023/03/22 (Wednesday) =","To find the number of days passed between the day you started watering your herb garden and the day you harvested your first batch of fresh herbs, we need to calculate the difference between the two dates.

The day you started watering your herb garden is 2023/03/22 (Wednesday).
The day you harvested your first batch of fresh herbs is 2023/04/15 (Saturday).

First, let's find the difference in days between the two dates:

1. Calculate the difference in days between the two dates:
   2023/04/15 (Saturday) - 2023/03/22 (Wednesday) =",Visible text ending only; not an answer-correctness judgement or verified finish reason.
178,gpt4_1d4ab0c9,TR,hybrid_raw,5,128,clear_incomplete_ending,"on the same day (2023/04/15).

Since the user harvested the herbs on the same day they started watering the garden, it is likely that the user started watering the garden on the day before the session date (202","To find the number of days passed between the day you started watering your herb garden and the day you harvested your first batch of fresh herbs, we need to know the exact dates.

Unfortunately, the exact dates are not provided in the memory context. However, we can infer that the user started watering the herb garden on a day before the session date (2023/04/15) and harvested the herbs on the same day (2023/04/15).

Since the user harvested the herbs on the same day they started watering the garden, it is likely that the user started watering the garden on the day before the session date (202",Visible text ending only; not an answer-correctness judgement or verified finish reason.
179,gpt4_1d4ab0c9,TR,hybrid_minmax,5,128,clear_incomplete_ending,"e day you started the conversation, which is 2023/04/15 (Saturday).

So, the number of days passed between the day you started watering your herb garden and the day you harvested your first batch of fresh herbs","To find the number of days passed between the day you started watering your herb garden and the day you harvested your first batch of fresh herbs, we need to know the exact dates.

The conversation started on 2023/04/15 (Saturday) and you mentioned that you harvested your first batch of fresh herbs on the same day.

However, you also mentioned that you harvested your first batch of fresh herbs on the day you started the conversation, which is 2023/04/15 (Saturday).

So, the number of days passed between the day you started watering your herb garden and the day you harvested your first batch of fresh herbs",Visible text ending only; not an answer-correctness judgement or verified finish reason.
180,gpt4_1d4ab0c9,TR,semantic,10,128,clear_incomplete_ending," first batch of fresh herbs on 2023/04/15 (Saturday).

To calculate the number of days passed, we can subtract the start date from the end date:

2023/04/15 (Saturday) - 2023/03/22 (Wednesday) = 24 days

So, 24","To find the number of days passed between the day you started watering your herb garden and the day you harvested your first batch of fresh herbs, we need to know the exact dates.

From the memory context, we know that you started watering your herb garden on 2023/03/22 (Wednesday) and harvested your first batch of fresh herbs on 2023/04/15 (Saturday).

To calculate the number of days passed, we can subtract the start date from the end date:

2023/04/15 (Saturday) - 2023/03/22 (Wednesday) = 24 days

So, 24",Visible text ending only; not an answer-correctness judgement or verified finish reason.
181,gpt4_1d4ab0c9,TR,hybrid_raw,10,128,clear_incomplete_ending,"sted your first batch of fresh herbs on April 15, 2023.

Since the harvest date and the start date of watering the herb garden are the same, we cannot determine the exact number of days passed between these two","To find the number of days passed between the day you started watering your herb garden and the day you harvested your first batch of fresh herbs, we need to know the exact dates of these events.

Unfortunately, the memories provided do not contain the exact dates of when you started watering your herb garden. However, we can infer that you started watering your herb garden on or before April 15, 2023, and harvested your first batch of fresh herbs on April 15, 2023.

Since the harvest date and the start date of watering the herb garden are the same, we cannot determine the exact number of days passed between these two",Visible text ending only; not an answer-correctness judgement or verified finish reason.
182,gpt4_1d4ab0c9,TR,hybrid_minmax,10,128,clear_incomplete_ending,"2023/04/15 (Saturday).

To calculate the number of days passed, we can subtract the start date from the end date:

2023/04/15 (Saturday) - 2023/03/22 (Wednesday) = 24 days

Therefore, 24 days passed between the","To determine the number of days passed between the day you started watering your herb garden and the day you harvested your first batch of fresh herbs, we need to look at the dates mentioned in the conversation.

You started watering your herb garden on 2023/03/22 (Wednesday).

You harvested your first batch of fresh herbs on 2023/04/15 (Saturday).

To calculate the number of days passed, we can subtract the start date from the end date:

2023/04/15 (Saturday) - 2023/03/22 (Wednesday) = 24 days

Therefore, 24 days passed between the",Visible text ending only; not an answer-correctness judgement or verified finish reason.
183,gpt4_1d4ab0c9,TR,hybrid_rrf,10,128,clear_incomplete_ending,"atering your herb garden and harvested your first batch of fresh herbs.

However, based on the conversation, it seems that you harvested your first batch of fresh herbs on the same day you started watering your","To determine the number of days passed between the day you started watering your herb garden and the day you harvested your first batch of fresh herbs, we need to know the exact dates.

Unfortunately, the conversation does not provide the exact dates, but it does mention that the conversation took place on April 15, 2023.

Since the conversation does not provide the exact dates, I will assume that the conversation took place on the same day you started watering your herb garden and harvested your first batch of fresh herbs.

However, based on the conversation, it seems that you harvested your first batch of fresh herbs on the same day you started watering your",Visible text ending only; not an answer-correctness judgement or verified finish reason.
184,gpt4_af6db32f,TR,semantic,5,128,uncertain_boundary,"pically takes place in February, it's possible that you watched Super Bowl LVII (57) in 2023.

Super Bowl LVII (57) took place on February 12, 2023. 

If we assume that you watched the Super Bowl on February 12","To determine how many days ago you watched the Super Bowl, we need to know the date of the Super Bowl you watched. Unfortunately, the memories don't specify which Super Bowl you watched.

However, based on the context, it seems that you were discussing the NFL and fantasy football draft party. Since the memories are from 2023, and the Super Bowl typically takes place in February, it's possible that you watched Super Bowl LVII (57) in 2023.

Super Bowl LVII (57) took place on February 12, 2023. 

If we assume that you watched the Super Bowl on February 12",Visible text ending only; not an answer-correctness judgement or verified finish reason.
185,gpt4_af6db32f,TR,hybrid_minmax,10,128,uncertain_boundary,"akes place on the first Sunday in February, it's possible that you watched the Super Bowl on February 12, 2023.

If that's the case, the Super Bowl took place 1 day ago (on February 12, 2023), and it has been 1","To determine how many days ago you watched the Super Bowl, we need to know the date of the Super Bowl you watched. Unfortunately, the memory context does not provide this information.

However, based on the conversation, it appears that you were discussing the NFL and fantasy football draft party on February 12, 2023. Since the Super Bowl typically takes place on the first Sunday in February, it's possible that you watched the Super Bowl on February 12, 2023.

If that's the case, the Super Bowl took place 1 day ago (on February 12, 2023), and it has been 1",Visible text ending only; not an answer-correctness judgement or verified finish reason.
186,gpt4_af6db32f,TR,hybrid_rrf,10,128,uncertain_boundary,"akes place on the first Sunday in February, it's possible that you watched the Super Bowl on February 12, 2023.

If that's the case, the Super Bowl took place 1 day ago (on February 12, 2023), and it has been 1","To determine how many days ago you watched the Super Bowl, we need to know the date of the Super Bowl you watched. Unfortunately, the memory context does not provide this information.

However, based on the conversation, it appears that you were discussing the NFL and fantasy football draft party on February 12, 2023. Since the Super Bowl typically takes place on the first Sunday in February, it's possible that you watched the Super Bowl on February 12, 2023.

If that's the case, the Super Bowl took place 1 day ago (on February 12, 2023), and it has been 1",Visible text ending only; not an answer-correctness judgement or verified finish reason.
187,gpt4_fa19884c,TR,hybrid_raw,5,128,clear_incomplete_ending,"y context mentions that you discovered a bluegrass band on 2023/03/31 (Friday) and started enjoying their music that day. 

Since the question date is 2023/04/05 (Wednesday), we can estimate that you discovered","To find the number of days passed between the day you started playing along to your favorite songs on your old keyboard and the day you discovered a bluegrass band, we need to know the date you started playing along to your favorite songs on your old keyboard.

Unfortunately, the memory context does not provide this information. However, we can use the information provided to estimate the time frame.

The memory context mentions that you discovered a bluegrass band on 2023/03/31 (Friday) and started enjoying their music that day. 

Since the question date is 2023/04/05 (Wednesday), we can estimate that you discovered",Visible text ending only; not an answer-correctness judgement or verified finish reason.
188,gpt4_fa19884c,TR,hybrid_rrf,5,128,clear_incomplete_ending,"the date.

However, we can find the number of days passed between the day you discovered a bluegrass band and the day you asked for recommendations on bluegrass artists.

The day you discovered a bluegrass band","To find the number of days passed between the day you started playing along to your favorite songs on your old keyboard and the day you discovered a bluegrass band, we need to know the date you started playing along to your favorite songs on your old keyboard.

Unfortunately, the memory context does not provide this information. The memory context only mentions that you started playing along to your favorite songs on your old keyboard, but it does not specify the date.

However, we can find the number of days passed between the day you discovered a bluegrass band and the day you asked for recommendations on bluegrass artists.

The day you discovered a bluegrass band",Visible text ending only; not an answer-correctness judgement or verified finish reason.
189,gpt4_fa19884c,TR,semantic,10,128,coherent_boundary,"r, we can simply subtract the day of the month:

31 - 25 = 6

So, 6 days passed between the day you started playing along to your favorite songs on your old keyboard and the day you discovered a bluegrass band.","To find the number of days passed between the two dates, we need to subtract the earlier date from the later date.

The earlier date is 2023/03/25 (Saturday) and the later date is 2023/03/31 (Friday).

First, we need to find the difference in days between the two dates. 

Since the dates are in the same year, we can simply subtract the day of the month:

31 - 25 = 6

So, 6 days passed between the day you started playing along to your favorite songs on your old keyboard and the day you discovered a bluegrass band.",Visible text ending only; not an answer-correctness judgement or verified finish reason.
190,gpt4_fa19884c,TR,hybrid_raw,10,128,clear_incomplete_ending,"ass band occurred before the conversation on 2023/03/31 (Fri) 12:35.

Since the conversation on 2023/03/31 (Fri) 12:35 is the earliest mention of the bluegrass band, we can assume that the discovery of the blue","To find the number of days passed between the day you started playing along to your favorite songs on your old keyboard and the day you discovered a bluegrass band, we need to know the exact dates of these events.

Unfortunately, the memories provided do not contain the exact dates of these events. However, we can infer that the discovery of the bluegrass band occurred before the conversation on 2023/03/31 (Fri) 12:35.

Since the conversation on 2023/03/31 (Fri) 12:35 is the earliest mention of the bluegrass band, we can assume that the discovery of the blue",Visible text ending only; not an answer-correctness judgement or verified finish reason.
191,gpt4_fa19884c,TR,hybrid_minmax,10,128,clear_incomplete_ending,"laying again on 2023/03/25 (Sat) 05:54.

The day you discovered a bluegrass band is 2023/03/31 (Fri) 12:35.

To calculate the number of days passed between these two dates, we can subtract the earlier date from","To find the number of days passed between the day you started playing along to your favorite songs on your old keyboard and the day you discovered a bluegrass band, we need to calculate the difference between the two dates.

The day you started playing along to your favorite songs on your old keyboard is not specified, but we know that you started playing again on 2023/03/25 (Sat) 05:54.

The day you discovered a bluegrass band is 2023/03/31 (Fri) 12:35.

To calculate the number of days passed between these two dates, we can subtract the earlier date from",Visible text ending only; not an answer-correctness judgement or verified finish reason.
192,gpt4_a1b77f9c,TR,semantic,5,128,clear_incomplete_ending,"Sapiens: A Brief History of Humankind' on 2022/02/01 (Session date: 2022/02/01 (Tue) 18:18) and finished it on 2022/03/06 (Session date: 2022/03/06 (Sun) 19:30). This is approximately 4 weeks.

The user started","To determine the total number of weeks spent on reading 'The Nightingale' and listening to 'Sapiens: A Brief History of Humankind' and 'The Power', we need to look at the conversation.

The user started listening to 'Sapiens: A Brief History of Humankind' on 2022/02/01 (Session date: 2022/02/01 (Tue) 18:18) and finished it on 2022/03/06 (Session date: 2022/03/06 (Sun) 19:30). This is approximately 4 weeks.

The user started",Visible text ending only; not an answer-correctness judgement or verified finish reason.
193,gpt4_a1b77f9c,TR,hybrid_minmax,5,128,clear_incomplete_ending,"Sapiens: A Brief History of Humankind' on 2022/02/01 (Session date: 2022/02/01 (Tue) 18:18) and finished it on 2022/03/06 (Session date: 2022/03/06 (Sun) 19:30). This is approximately 4 weeks.

The user started","To determine the total number of weeks spent on reading 'The Nightingale' and listening to 'Sapiens: A Brief History of Humankind' and 'The Power', we need to look at the conversation.

The user started listening to 'Sapiens: A Brief History of Humankind' on 2022/02/01 (Session date: 2022/02/01 (Tue) 18:18) and finished it on 2022/03/06 (Session date: 2022/03/06 (Sun) 19:30). This is approximately 4 weeks.

The user started",Visible text ending only; not an answer-correctness judgement or verified finish reason.
194,gpt4_a1b77f9c,TR,hybrid_rrf,5,128,uncertain_boundary,"un) 19:30 and ended on 2022/03/20 (Sun) 05:21.

There are 13 days between these two dates. 

To convert this to weeks, we divide by 7 (since there are 7 days in a week). 

13 days / 7 days per week = 1.86 weeks","To determine the total number of weeks spent on reading 'The Nightingale' and listening to 'Sapiens: A Brief History of Humankind' and 'The Power', we need to look at the conversation.

The conversation started on 2022/03/06 (Sun) 19:30 and ended on 2022/03/20 (Sun) 05:21.

There are 13 days between these two dates. 

To convert this to weeks, we divide by 7 (since there are 7 days in a week). 

13 days / 7 days per week = 1.86 weeks",Visible text ending only; not an answer-correctness judgement or verified finish reason.
195,gpt4_a1b77f9c,TR,semantic,10,128,clear_incomplete_ending,"finished it on 2022/01/15 (Session date). This means they spent approximately 1 week reading 'The Nightingale'.

The user started listening to 'Sapiens: A Brief History of Humankind' on 2022/02/01 (Session date","To calculate the total number of weeks spent on reading 'The Nightingale' and listening to 'Sapiens: A Brief History of Humankind' and 'The Power', we need to look at the dates mentioned in the conversation.

The user started reading 'The Nightingale' on 2022/01/01 (Session date) and finished it on 2022/01/15 (Session date). This means they spent approximately 1 week reading 'The Nightingale'.

The user started listening to 'Sapiens: A Brief History of Humankind' on 2022/02/01 (Session date",Visible text ending only; not an answer-correctness judgement or verified finish reason.
196,gpt4_a1b77f9c,TR,hybrid_minmax,10,128,clear_incomplete_ending,"s: A Brief History of Humankind' on 2022/02/01 (Session date: 2022/02/01 (Tue) 18:18). The user continued to discuss the book on 2022/03/06 (Session date: 2022/03/06 (Sun) 19:30).

The user started listening to","To determine the total number of weeks spent on reading 'The Nightingale' and listening to 'Sapiens: A Brief History of Humankind' and 'The Power', we need to look at the conversation logs.

The user started listening to 'Sapiens: A Brief History of Humankind' on 2022/02/01 (Session date: 2022/02/01 (Tue) 18:18). The user continued to discuss the book on 2022/03/06 (Session date: 2022/03/06 (Sun) 19:30).

The user started listening to",Visible text ending only; not an answer-correctness judgement or verified finish reason.
197,gpt4_a1b77f9c,TR,hybrid_rrf,10,128,clear_incomplete_ending,"s: A Brief History of Humankind' on 2022/02/01 (Session date: 2022/02/01 (Tue) 18:18). The user continued to discuss the book on 2022/03/06 (Session date: 2022/03/06 (Sun) 19:30).

The user started listening to","To determine the total number of weeks spent on reading 'The Nightingale' and listening to 'Sapiens: A Brief History of Humankind' and 'The Power', we need to look at the conversation logs.

The user started listening to 'Sapiens: A Brief History of Humankind' on 2022/02/01 (Session date: 2022/02/01 (Tue) 18:18). The user continued to discuss the book on 2022/03/06 (Session date: 2022/03/06 (Sun) 19:30).

The user started listening to",Visible text ending only; not an answer-correctness judgement or verified finish reason.
198,f0853d11,TR,semantic,10,128,clear_incomplete_ending,"stal Cleanup' event took place on March 7th.

So, the number of days between the two events is:
March 7th - February 21st = 14 days

Therefore, 14 days had passed between the 'Walk for Hunger' event and the 'Co","To find the number of days between the 'Walk for Hunger' event and the 'Coastal Cleanup' event, we need to subtract the date of the 'Walk for Hunger' event from the date of the 'Coastal Cleanup' event.

The 'Walk for Hunger' event took place on February 21st, and the 'Coastal Cleanup' event took place on March 7th.

So, the number of days between the two events is:
March 7th - February 21st = 14 days

Therefore, 14 days had passed between the 'Walk for Hunger' event and the 'Co",Visible text ending only; not an answer-correctness judgement or verified finish reason.
199,f0853d11,TR,hybrid_rrf,10,128,clear_incomplete_ending,"ontext does not provide the date of the 'Walk for Hunger' event, we cannot accurately calculate the number of days between the two events.

If you provide the date of the 'Walk for Hunger' event, I can help you","To find the number of days between the 'Walk for Hunger' event and the 'Coastal Cleanup' event, we need to know the dates of both events.

Unfortunately, the memory context does not provide the dates of the 'Walk for Hunger' event. However, we can infer that the 'Coastal Cleanup' event took place on March 7th, 2023.

Since the memory context does not provide the date of the 'Walk for Hunger' event, we cannot accurately calculate the number of days between the two events.

If you provide the date of the 'Walk for Hunger' event, I can help you",Visible text ending only; not an answer-correctness judgement or verified finish reason.
200,0bc8ad92,TR,hybrid_minmax,5,128,clear_incomplete_ending,"ut the museum's fossil collection is 2023/02/18. 

Since the session date is 2023/02/18, and the current date is 2023/03/25, we can calculate the time that has passed since the session date.

From 2023/02/18 to","To determine how many months have passed since you last visited a museum with a friend, we need to know the date of your last visit. Unfortunately, that information is not provided in the memories.

However, we do know that the current date is 2023/03/25, and the session date when you asked about the museum's fossil collection is 2023/02/18. 

Since the session date is 2023/02/18, and the current date is 2023/03/25, we can calculate the time that has passed since the session date.

From 2023/02/18 to",Visible text ending only; not an answer-correctness judgement or verified finish reason.
201,0bc8ad92,TR,hybrid_rrf,5,128,clear_incomplete_ending,"ut the museum's fossil collection is 2023/02/18. 

Since the session date is 2023/02/18, and the current date is 2023/03/25, we can calculate the time that has passed since the session date.

From 2023/02/18 to","To determine how many months have passed since you last visited a museum with a friend, we need to know the date of your last visit. Unfortunately, that information is not provided in the memories.

However, we do know that the current date is 2023/03/25, and the session date when you asked about the museum's fossil collection is 2023/02/18. 

Since the session date is 2023/02/18, and the current date is 2023/03/25, we can calculate the time that has passed since the session date.

From 2023/02/18 to",Visible text ending only; not an answer-correctness judgement or verified finish reason.
202,d596882b,IE,no_retrieval,0,128,clear_incomplete_ending,"eral locations throughout the city.
2. Dig Inn - A farm-to-table restaurant with multiple locations, offering a variety of vegan options.
3. Sweetgreen - A salad chain with several locations, offering vegan and","I'm happy to help you with your question. However, I need to clarify that I'm a large language model, I don't have personal memories or experiences. I don't recall recommending a specific vegan eatery to you in the past.

That being said, I can suggest some popular vegan options in New York City with multiple locations. Some well-known options include:

1. By Chloe - A plant-based fast-food chain with several locations throughout the city.
2. Dig Inn - A farm-to-table restaurant with multiple locations, offering a variety of vegan options.
3. Sweetgreen - A salad chain with several locations, offering vegan and",Visible text ending only; not an answer-correctness judgement or verified finish reason.
203,778164c6,IE,no_retrieval,0,128,uncertain_boundary,"r with Pineapple Salsa."" Jerk seasoning is a popular spice blend in Jamaican cuisine, and it's often paired with fruit like mango or pineapple.

If you're still unsure, could you provide more context or details","I'm afraid I don't have any information about our previous conversation. I'm a large language model, I don't have personal conversations or memories. However, I can try to help you find the information you're looking for.

Based on your description, I'm going to take a guess that the dish you might be thinking of is ""Jerk Snapper with Mango Salsa"" or possibly ""Jerk Snapper with Pineapple Salsa."" Jerk seasoning is a popular spice blend in Jamaican cuisine, and it's often paired with fruit like mango or pineapple.

If you're still unsure, could you provide more context or details",Visible text ending only; not an answer-correctness judgement or verified finish reason.
204,b0479f84,IE,oracle,0,128,clear_incomplete_ending,"ast Lions"" (Netflix), ""The Cave"" (Netflix), or ""Expedition Unknown"" (Discovery+).

**True Crime and Mystery:** ""The Keepers"" (Netflix), ""The Staircase"" (Netflix), or ""The Jinx: The Life and Deaths of Robert Dur","You've got some free time tonight. Considering your interest in documentaries like ""Our Planet"", ""Free Solo"", and ""Tiger King"", I'd recommend:

**Nature and Wildlife:** ""Planet Earth"" (Netflix), ""Blue Planet"" (Netflix), or ""March of the Penguins"" (Netflix).

**Adventure and Exploration:** ""The Last Lions"" (Netflix), ""The Cave"" (Netflix), or ""Expedition Unknown"" (Discovery+).

**True Crime and Mystery:** ""The Keepers"" (Netflix), ""The Staircase"" (Netflix), or ""The Jinx: The Life and Deaths of Robert Dur",Visible text ending only; not an answer-correctness judgement or verified finish reason.
205,b6025781,IE,no_retrieval,0,128,clear_incomplete_ending,"Stuffed bell peppers with quinoa, vegetables, and lean protein.

These recipes are relatively easy to make and incorporate healthy, seasonal ingredients. Feel free to get creative and adjust the recipes to your","Considering it's May 30th, 2023, I'd suggest looking into seasonal recipes that incorporate fresh spring ingredients. Some ideas could be:

1. Grilled chicken or fish with roasted spring vegetables (asparagus, bell peppers, carrots).
2. Spring salad with mixed greens, cherry tomatoes, cucumber, and a citrus vinaigrette.
3. Quinoa bowls with roasted sweet potatoes, black beans, and avocado.
4. Stuffed bell peppers with quinoa, vegetables, and lean protein.

These recipes are relatively easy to make and incorporate healthy, seasonal ingredients. Feel free to get creative and adjust the recipes to your",Visible text ending only; not an answer-correctness judgement or verified finish reason.
206,b6025781,IE,oracle,0,128,clear_incomplete_ending,"tahini sauce.
2. **Korean-Style BBQ Beef**: Marinate beef in a Korean-inspired sauce and grill or pan-fry until cooked through. Serve with quinoa, roasted veggies, and a side of kimchi.
3. **Indian-Style Lentil","You're planning your meal prep next week. Since the session date was 2023/05/23, and you're asking for suggestions now (2023/05/30), you can consider the following new recipes:

1. **Lemon Herb Quinoa Bowl**: Mix cooked quinoa with roasted veggies, grilled chicken, and a drizzle of lemon-tahini sauce.
2. **Korean-Style BBQ Beef**: Marinate beef in a Korean-inspired sauce and grill or pan-fry until cooked through. Serve with quinoa, roasted veggies, and a side of kimchi.
3. **Indian-Style Lentil",Visible text ending only; not an answer-correctness judgement or verified finish reason.
207,a89d7624,IE,no_retrieval,0,128,uncertain_boundary," animals from around the world.
5. The 16th Street Mall: A pedestrian shopping and dining area in the heart of downtown Denver.

These are just a few suggestions. Denver has many more attractions and activities","Denver has plenty to offer. You might want to consider visiting the following places:

1. The Denver Art Museum: Known for its unique architecture and diverse art collection.
2. The History Colorado Center: Offers insights into the state's history and culture.
3. Red Rocks Park and Amphitheatre: A scenic park with stunning rock formations and a popular music venue.
4. The Denver Zoo: Home to over 4,000 animals from around the world.
5. The 16th Street Mall: A pedestrian shopping and dining area in the heart of downtown Denver.

These are just a few suggestions. Denver has many more attractions and activities",Visible text ending only; not an answer-correctness judgement or verified finish reason.
208,a89d7624,IE,oracle,0,128,clear_incomplete_ending," heart of LoDo that hosts indie, rock, and electronic acts.
3. **The Bluebird Theater**: A historic venue that offers a unique atmosphere and a diverse lineup of acts.

**Music Festivals:**

1. **Grandoozy**: A","You're planning a trip to Denver soon. Based on our previous conversations, I'd recommend checking out the city's vibrant music scene. Some must-visit spots and events include:

**Music Venues:**

1. **Red Rocks Park and Amphitheatre**: An iconic venue that hosts a wide range of acts.
2. **The Ogden Theatre**: A historic venue in the heart of LoDo that hosts indie, rock, and electronic acts.
3. **The Bluebird Theater**: A historic venue that offers a unique atmosphere and a diverse lineup of acts.

**Music Festivals:**

1. **Grandoozy**: A",Visible text ending only; not an answer-correctness judgement or verified finish reason.
209,38146c39,IE,no_retrieval,0,128,clear_incomplete_ending,"a mocha twist.
3. Browned butter: Instead of using regular butter, brown it in a skillet until it has a nutty aroma, then use it in the dough.
4. Nuts or seeds: Introduce some texture with chopped nuts (walnuts","Considering it's 2023, I'd suggest adding some unique flavor combinations to your classic chocolate chip cookies. Here are a few ideas:

1. Sea salt and caramel: Sprinkle a pinch of flaky sea salt and a drizzle of caramel sauce on top of the cookies before baking.
2. Espresso powder: Add a teaspoon of espresso powder to the dough for a mocha twist.
3. Browned butter: Instead of using regular butter, brown it in a skillet until it has a nutty aroma, then use it in the dough.
4. Nuts or seeds: Introduce some texture with chopped nuts (walnuts",Visible text ending only; not an answer-correctness judgement or verified finish reason.
210,1c0ddc50,IE,oracle,0,128,clear_incomplete_ending,"n your mind. This will help you retain the information and make connections between different ideas.
3. **Reflect on the episode's themes**: Think about how the episode's themes and ideas relate to your life or","Considering your interest in history podcasts and your 40-minute commute each way, here are some activities you can do during your commute to work:

1. **Listen to a podcast episode**: As we discussed earlier, you can listen to a history podcast episode, such as Hardcore History, Lore, or The Dollop.
2. **Take notes or summarize the episode**: Engage with the content by taking notes or summarizing the episode in your mind. This will help you retain the information and make connections between different ideas.
3. **Reflect on the episode's themes**: Think about how the episode's themes and ideas relate to your life or",Visible text ending only; not an answer-correctness judgement or verified finish reason.
211,0a34ad58,IE,no_retrieval,0,128,uncertain_boundary," (thank you), and ""sumimasen"" (excuse me) will go a long way in showing respect for the culture.
2. **Get a Suica or Pasmo card**: These prepaid cards are widely accepted on Tokyo's public transportation system","Don't worry, I've got some tips for you. Tokyo can be overwhelming at first, but with some preparation, you'll be navigating like a pro in no time. Here are a few helpful tips:

1. **Learn basic Japanese phrases**: While many Tokyo residents speak some English, learning basic phrases like ""konnichiwa"" (hello), ""arigatou"" (thank you), and ""sumimasen"" (excuse me) will go a long way in showing respect for the culture.
2. **Get a Suica or Pasmo card**: These prepaid cards are widely accepted on Tokyo's public transportation system",Visible text ending only; not an answer-correctness judgement or verified finish reason.
212,0a34ad58,IE,oracle,0,128,clear_incomplete_ending,"rd**: As you've already done, this prepaid IC card can simplify traveling around Tokyo and surrounding areas.
4. **Ask locals or station staff for help**: If you're unsure about the fare or need assistance, don","Considering your anxiety about getting around Tokyo, here are some helpful tips:

1. **Familiarize yourself with the Tokyo Metro and JR train maps**: Understanding the layout of the city's train network will make navigating easier.
2. **Download transit apps**: Google Maps, Hyperdia, or Japan Travel Bureau's Japan Guide app can help you plan routes and find the best transportation options.
3. **Use your Suica card**: As you've already done, this prepaid IC card can simplify traveling around Tokyo and surrounding areas.
4. **Ask locals or station staff for help**: If you're unsure about the fare or need assistance, don",Visible text ending only; not an answer-correctness judgement or verified finish reason.
213,195a1a1b,IE,no_retrieval,0,128,clear_incomplete_ending,"t or discover new content.
4. Practicing a hobby: If you have a hobby, such as painting, drawing, or playing an instrument, you could dedicate some time to it.
5. Taking a relaxing walk: If the weather permits,","On a Tuesday evening like this (2023/05/30), you could consider the following activities:

1. Reading a book: It's a great way to unwind and escape into a different world.
2. Watching a movie or TV show: You could pick something you've been meaning to watch or try a new series.
3. Listening to music or podcasts: Put on your favorite playlist or discover new content.
4. Practicing a hobby: If you have a hobby, such as painting, drawing, or playing an instrument, you could dedicate some time to it.
5. Taking a relaxing walk: If the weather permits,",Visible text ending only; not an answer-correctness judgement or verified finish reason.
214,195a1a1b,IE,oracle,0,128,coherent_boundary,". Yoga or stretching: Gentle stretches to relax your muscles.
5. Listening to soothing music: Calming music or nature sounds can help you unwind.
6. Writing in a journal: Reflect on your day to clear your mind.","Based on the provided tips, here are some activities you can do in the evening to unwind and prepare for a good night's sleep:

1. Reading: Pick a book that's not too engaging or stimulating.
2. Meditation: Use a guided meditation app like Headspace, Calm, or Insight Timer.
3. Deep breathing exercises: Focus on slow, deep breaths to calm your nervous system.
4. Yoga or stretching: Gentle stretches to relax your muscles.
5. Listening to soothing music: Calming music or nature sounds can help you unwind.
6. Writing in a journal: Reflect on your day to clear your mind.",Visible text ending only; not an answer-correctness judgement or verified finish reason.
215,fca70973,IE,no_retrieval,0,128,clear_incomplete_ending,"niversal's Volcano Bay.
3. Amusement parks with a mix of roller coasters and water attractions, like Cedar Point or Six Flags.

Keep in mind that these suggestions are based on general information and might not","Considering it's August 15th, 2023, the summer season is still ongoing. I'd suggest visiting a theme park with water rides or attractions to beat the heat. Some popular options might include:

1. Water parks like Noah's Ark in Wisconsin Dells or Schlitterbahn in Galveston.
2. Theme parks with a strong focus on water rides, such as Disney's Typhoon Lagoon or Universal's Volcano Bay.
3. Amusement parks with a mix of roller coasters and water attractions, like Cedar Point or Six Flags.

Keep in mind that these suggestions are based on general information and might not",Visible text ending only; not an answer-correctness judgement or verified finish reason.
216,fca70973,IE,oracle,0,128,clear_incomplete_ending,"scare zones.
3. **Six Flags Magic Mountain**: Enjoy Fright Fest, which starts in late September, for haunted mazes and themed rides.
4. **Universal Studios Hollywood**: Experience Halloween Horror Nights, which","Considering your recent visits and the upcoming events, I suggest checking out the Halloween-themed events at the parks you've already visited. Here are some specific recommendations:

1. **Disneyland**: Experience the 'Oogie Boogie Bash' during Halloween Time, which starts in mid-September.
2. **Knott's Berry Farm**: Visit Knott's Scary Farm, which runs through the fall, for haunted mazes and scare zones.
3. **Six Flags Magic Mountain**: Enjoy Fright Fest, which starts in late September, for haunted mazes and themed rides.
4. **Universal Studios Hollywood**: Experience Halloween Horror Nights, which",Visible text ending only; not an answer-correctness judgement or verified finish reason.
217,07b6f563,IE,oracle,0,128,clear_incomplete_ending,"omad, Fossil, Bellroy, or Incipio for stylish and functional wallet cases that offer protection, storage, and style.
3. **Wireless charging pads**: Consider brands like Mophie or Anker for high-quality wireless","Based on our previous conversation, I'd be happy to suggest some useful accessories for your iPhone 13 Pro. Here are a few recommendations:

1. **Screen protectors**: Consider brands like Zagg, TechArmor, Spigen, or BodyGuardz for high-quality screen protectors that offer durability, scratch-resistance, and clarity.
2. **Phone wallet cases**: Look into brands like Nomad, Fossil, Bellroy, or Incipio for stylish and functional wallet cases that offer protection, storage, and style.
3. **Wireless charging pads**: Consider brands like Mophie or Anker for high-quality wireless",Visible text ending only; not an answer-correctness judgement or verified finish reason.
218,35a27287,IE,oracle,0,128,clear_incomplete_ending,"latforms like Facebook, Twitter, or Instagram.
3. **Language Schools and Cultural Centers**: Reach out to local language schools or cultural centers that might be hosting events.
4. **Community Organizations**:","Since I'm a large language model, I don't have access to your location. However, based on our previous conversation, I can suggest some ways to find cultural events happening around you this weekend:

1. **Online Event Calendars**: Check websites like Eventbrite, Meetup, or local news websites for event listings.
2. **Social Media and Local News**: Follow local cultural organizations, language schools, and community centers on social media platforms like Facebook, Twitter, or Instagram.
3. **Language Schools and Cultural Centers**: Reach out to local language schools or cultural centers that might be hosting events.
4. **Community Organizations**:",Visible text ending only; not an answer-correctness judgement or verified finish reason.
219,a1cc6108,MR,oracle,0,128,coherent_boundary," suggests that you've known Alex for a while, and that you're likely in your 30s or 40s.

In the second session, you mentioned that you just turned 32 last month, which means that you were 31 years old in 2023.","Since Alex is 21 years old in 2023, and you mentioned that you're already taking on a mentorship role with him, we can infer that you're likely older than 21.

In the first session, you mentioned that you're excited to see Alex learn and grow, and that you're already taking on a mentorship role with him. This suggests that you've known Alex for a while, and that you're likely in your 30s or 40s.

In the second session, you mentioned that you just turned 32 last month, which means that you were 31 years old in 2023.",Visible text ending only; not an answer-correctness judgement or verified finish reason.
220,7024f17c,MR,oracle,0,128,clear_incomplete_ending,"g off for this month. 

Since the question is about last week, we can assume that you didn't practice yoga at all last week. 

So, the total hours of jogging and yoga you did last week is 30 minutes (jogging) +","To determine the total hours of jogging and yoga you did last week, we need to look at the information provided.

On Saturday, May 20, you went for a 30-minute jog. 

On May 20, you also mentioned that you used to practice yoga three times a week, each time for 2 hours. However, you mentioned that you've been slacking off for this month. 

Since the question is about last week, we can assume that you didn't practice yoga at all last week. 

So, the total hours of jogging and yoga you did last week is 30 minutes (jogging) +",Visible text ending only; not an answer-correctness judgement or verified finish reason.
221,157a136e,MR,oracle,0,128,coherent_boundary," was just a week after your grandma's celebration, but you didn't specify the date of your birthday. However, you did mention that it was a week after your grandma's celebration, which was on her 75th birthday.","To find the difference in age between you and your grandma, we need to know your age and your grandma's age. 

You mentioned that your grandma is 75 years old, and you said that your mom made an amazing chocolate mocha cake for your birthday, which was just a week after grandma's celebration. However, you didn't mention your age. 

In the conversation, you mentioned that your birthday was just a week after your grandma's celebration, but you didn't specify the date of your birthday. However, you did mention that it was a week after your grandma's celebration, which was on her 75th birthday.",Visible text ending only; not an answer-correctness judgement or verified finish reason.
222,gpt4_2f91af09,MR,oracle,0,128,clear_incomplete_ending,"he prompt ""forgotten memories"".

Since you started writing again three weeks ago, let's calculate the total number of pieces:

- Poems: 17 (in the past two weeks)
- Short stories: 5 (so far)
- Writing challenge","To determine the total number of pieces you've completed, let's break down the information provided:

1. You wrote 17 poems in the past two weeks (Session date: 2023/05/21).
2. You've written five short stories so far.
3. You've participated in a writing challenge and submitted a piece titled ""The Smell of Old Books"" for the prompt ""forgotten memories"".

Since you started writing again three weeks ago, let's calculate the total number of pieces:

- Poems: 17 (in the past two weeks)
- Short stories: 5 (so far)
- Writing challenge",Visible text ending only; not an answer-correctness judgement or verified finish reason.
223,gpt4_372c3eed,MR,oracle,0,128,clear_incomplete_ending," College (PCC) in May 2016, which is an additional 2 years.

8 (previous education) + 2 (Associate's degree) = 10 years

However, you also mentioned that you graduated with a Bachelor's in Computer Science from","You attended Arcadia High School from 2010 to 2014, which is 4 years. Then, you attended UCLA for 4 years to complete your Bachelor's degree in Computer Science. 

4 (high school) + 4 (Bachelor's degree) = 8 years

You also mentioned that you earned an Associate's degree in Computer Science from Pasadena City College (PCC) in May 2016, which is an additional 2 years.

8 (previous education) + 2 (Associate's degree) = 10 years

However, you also mentioned that you graduated with a Bachelor's in Computer Science from",Visible text ending only; not an answer-correctness judgement or verified finish reason.
224,2b8f3739,MR,oracle,0,128,clear_incomplete_ending,"r $7.5 each, which is a total of 20 * $7.5 = $150.
You sold 12 bunches of fresh organic herbs from your backyard garden at the farmers' market on May 15th for a total of $120.

Adding these amounts together, we","To find the total amount of money you earned from selling your products at the markets, we need to add up the amounts you earned from each market.

You sold 15 jars of homemade jam at the Homemade and Handmade Market on May 29th for $225.
You sold 20 potted herb plants at the Summer Solstice Market for $7.5 each, which is a total of 20 * $7.5 = $150.
You sold 12 bunches of fresh organic herbs from your backyard garden at the farmers' market on May 15th for a total of $120.

Adding these amounts together, we",Visible text ending only; not an answer-correctness judgement or verified finish reason.
225,gpt4_e05b82a6,MR,oracle,0,128,clear_incomplete_ending,"ned).
3. At Disneyland on September 24th, you rode Space Mountain: Ghost Galaxy three times during Mickey's Halloween Party.

Additionally, you mentioned that you rode the Mako, Kraken, and Manta rollercoasters","To determine the total number of times you rode rollercoasters, let's break down the information from the conversations:

1. At Universal Studios Hollywood on October 15th, you rode the Revenge of the Mummy rollercoaster three times in a row.
2. At Knott's Berry Farm on October 8th, you rode the Xcelerator rollercoaster (no specific number of times mentioned).
3. At Disneyland on September 24th, you rode Space Mountain: Ghost Galaxy three times during Mickey's Halloween Party.

Additionally, you mentioned that you rode the Mako, Kraken, and Manta rollercoasters",Visible text ending only; not an answer-correctness judgement or verified finish reason.
226,gpt4_731e37d7,MR,oracle,0,128,uncertain_boundary," mentioned)
2. A half-day mindfulness workshop on December 12, 2022 (cost $20)
3. A two-day writing workshop in November 2022 (cost $200)
4. A two-day digital marketing workshop on March 15-16, 2023 (cost $500)","To calculate the total money spent on attending workshops in the last four months, we need to consider the dates mentioned in the conversation.

The last four months would be from October 2022 to January 2023.

The workshops attended were:

1. A one-day photography workshop on February 22, 2023 (cost not mentioned)
2. A half-day mindfulness workshop on December 12, 2022 (cost $20)
3. A two-day writing workshop in November 2022 (cost $200)
4. A two-day digital marketing workshop on March 15-16, 2023 (cost $500)",Visible text ending only; not an answer-correctness judgement or verified finish reason.
227,gpt4_4fc4f797,TR,oracle,0,128,uncertain_boundary,"e between these two dates is:
2023/04/23 (Sunday) - 2023/03/17 (Friday) = 37 days

So, 37 days passed between the day you received feedback about your car's suspension and the day you tested your new suspension","To find the number of days passed between the day you received feedback about your car's suspension and the day you tested your new suspension setup, we need to calculate the difference between the two dates.

You received feedback on 2023/03/17 (Friday) and tested your new suspension setup on 2023/04/23 (Sunday).

The difference between these two dates is:
2023/04/23 (Sunday) - 2023/03/17 (Friday) = 37 days

So, 37 days passed between the day you received feedback about your car's suspension and the day you tested your new suspension",Visible text ending only; not an answer-correctness judgement or verified finish reason.
228,gpt4_7bc6cf22,TR,oracle,0,128,clear_incomplete_ending,". So, from March 15th to March 31st, there are 16 days. 

From April 1st to April 1st, there is 0 days.

Therefore, from March 15th to April 1st, there are 16 days.

So, you read the March 15th issue of The New","To find out how many days ago you read the March 15th issue of The New Yorker, we need to calculate the difference between the date you read the issue (March 15th) and the current date (April 1st, 2023).

March has 31 days. So, from March 15th to March 31st, there are 16 days. 

From April 1st to April 1st, there is 0 days.

Therefore, from March 15th to April 1st, there are 16 days.

So, you read the March 15th issue of The New",Visible text ending only; not an answer-correctness judgement or verified finish reason.
229,6e984301,TR,oracle,0,128,clear_incomplete_ending,"tes.

2023/03/04 (Sat) - 2023/02/11 (Sat) = 22 days

Since there are 7 days in a week, we can divide 22 by 7 to get the number of weeks.

22 days / 7 days per week = 3.14 weeks (approximately)

So, you had been","You invested in your own set of sculpting tools on 2023/03/04 (Sat). You started taking sculpting classes on 2023/02/11 (Sat). 

To find the number of weeks, we need to calculate the difference between the dates.

2023/03/04 (Sat) - 2023/02/11 (Sat) = 22 days

Since there are 7 days in a week, we can divide 22 by 7 to get the number of weeks.

22 days / 7 days per week = 3.14 weeks (approximately)

So, you had been",Visible text ending only; not an answer-correctness judgement or verified finish reason.
230,gpt4_74aed68e,TR,oracle,0,128,clear_incomplete_ending,"/03/15 (Wednesday).

The difference between the two dates is 2023/03/15 - 2023/02/14 = 31 days.

So, 31 days passed between the day you replaced your spark plugs and the day you participated in the Turbocharged","To find the number of days passed between the day you replaced your spark plugs and the day you participated in the Turbocharged Tuesdays auto racking event, we need to calculate the difference between the two dates.

You replaced your spark plugs on 2023/02/14 (Tuesday) and participated in the Turbocharged Tuesdays event on 2023/03/15 (Wednesday).

The difference between the two dates is 2023/03/15 - 2023/02/14 = 31 days.

So, 31 days passed between the day you replaced your spark plugs and the day you participated in the Turbocharged",Visible text ending only; not an answer-correctness judgement or verified finish reason.
231,08f4fc43,TR,oracle,0,128,clear_incomplete_ending,"d 29 days (since February has 28 days in 2023, and 29 days is the closest approximation).

However, since the question is asking for the number of days between the two dates, we need to consider the days in the","The Sunday mass at St. Mary's Church was on January 2nd, and the Ash Wednesday service at the cathedral was on February 1st. 

To find the number of days between these two dates, we need to subtract the month and day of the first date from the month and day of the second date.

February 1st - January 2nd = 1 month and 29 days (since February has 28 days in 2023, and 29 days is the closest approximation).

However, since the question is asking for the number of days between the two dates, we need to consider the days in the",Visible text ending only; not an answer-correctness judgement or verified finish reason.
232,6613b389,TR,oracle,0,128,uncertain_boundary,"ngagement date and the anniversary date.

May has 31 days, so from May 15th to the end of May, there are 16 days left in May. June has 30 days, so from May 31st to June 30th, there are 30 days. July has 22 days","To find out how many months before your anniversary Rachel got engaged, we need to know the date of her engagement (May 15th) and your anniversary (July 22nd).

Since your anniversary is on July 22nd, and there are 31 days in July, we can calculate the number of months between the engagement date and the anniversary date.

May has 31 days, so from May 15th to the end of May, there are 16 days left in May. June has 30 days, so from May 31st to June 30th, there are 30 days. July has 22 days",Visible text ending only; not an answer-correctness judgement or verified finish reason.
233,gpt4_1d4ab0c9,TR,oracle,0,128,clear_incomplete_ending,"aturday).

The difference between these two dates is:
2023/04/15 (Saturday) - 2023/03/22 (Wednesday) = 24 days

So, 24 days passed between the day you started watering your herb garden and the day you harvested","To find the number of days passed between the day you started watering your herb garden and the day you harvested your first batch of fresh herbs, we need to calculate the difference between the two dates.

You started watering your herb garden on 2023/03/22 (Wednesday) and harvested your first batch of fresh herbs on 2023/04/15 (Saturday).

The difference between these two dates is:
2023/04/15 (Saturday) - 2023/03/22 (Wednesday) = 24 days

So, 24 days passed between the day you started watering your herb garden and the day you harvested",Visible text ending only; not an answer-correctness judgement or verified finish reason.
234,gpt4_a1b77f9c,TR,oracle,0,128,clear_incomplete_ending,"gale', the start date is 2022/01/01 and the end date is 2022/01/15 (Session date: 2022/01/15 (Sat) 11:56). This is approximately 2 weeks.

For 'Sapiens: A Brief History of Humankind', the start date is 2022/01/","To calculate the total number of weeks spent on reading 'The Nightingale' and listening to 'Sapiens: A Brief History of Humankind' and 'The Power', we need to determine the start and end dates of each activity.

For 'The Nightingale', the start date is 2022/01/01 and the end date is 2022/01/15 (Session date: 2022/01/15 (Sat) 11:56). This is approximately 2 weeks.

For 'Sapiens: A Brief History of Humankind', the start date is 2022/01/",Visible text ending only; not an answer-correctness judgement or verified finish reason.
235,f0853d11,TR,oracle,0,128,clear_incomplete_ending,"uary has 28 days (2023 is not a leap year). 
From February 21st to the end of February, there are 8 days left (28 - 21 = 7, but since the 21st is the last day of the month, we consider the days from the 22nd to","The 'Walk for Hunger' event took place on February 21st, and the 'Coastal Cleanup' event took place on March 7th. 

To find the number of days between the two events, we need to calculate the difference in days between February 21st and March 7th.

February has 28 days (2023 is not a leap year). 
From February 21st to the end of February, there are 8 days left (28 - 21 = 7, but since the 21st is the last day of the month, we consider the days from the 22nd to",Visible text ending only; not an answer-correctness judgement or verified finish reason.
